[2026-05-12 20:39:12] local.ERROR: syntax error, unexpected identifier "last" {"exception":"[object] (Symfony\\Component\\ErrorHandler\\Error\\FatalError(code: 0): syntax error, unexpected identifier \"last\" at /Users/pauliyaji/Herd/powerhouse/app/Models/SignatureRequest.php:106)
[stacktrace]
#0 {main}
"} 
[2026-05-12 20:51:24] local.ERROR: PDF compression failed {"error":"Unable to find PDF file header."} 
[2026-05-12 20:51:34] local.ERROR: PDF compression failed {"error":"Unable to find PDF file header."} 
[2026-05-12 21:00:56] local.ERROR: PDF compression failed {"error":"Unable to find PDF file header."} 
[2026-05-13 00:12:18] local.ERROR: PDF compression failed {"error":"Unable to find PDF file header."} 
[2026-05-13 00:32:17] local.ERROR: PDF compression failed {"error":"Unable to find PDF file header."} 
[2026-05-13 00:36:56] local.ERROR: PDF compression failed {"error":"Unable to find PDF file header."} 
[2026-05-13 00:44:31] local.ERROR: PDF compression failed {"error":"Unable to find PDF file header."} 
[2026-05-13 00:47:40] local.ERROR: PDF compression failed {"error":"Unable to find PDF file header."} 
[2026-05-13 00:53:16] local.ERROR: PDF compression failed {"error":"Unable to find PDF file header."} 
[2026-05-13 00:53:16] local.ERROR: Unable to retrieve the file_size for file at location: signed/result.pdf.  {"userId":1,"exception":"[object] (League\\Flysystem\\UnableToRetrieveMetadata(code: 0): Unable to retrieve the file_size for file at location: signed/result.pdf.  at /Users/pauliyaji/Herd/powerhouse/vendor/league/flysystem/src/UnableToRetrieveMetadata.php:49)
[stacktrace]
#0 /Users/pauliyaji/Herd/powerhouse/vendor/league/flysystem/src/UnableToRetrieveMetadata.php(39): League\\Flysystem\\UnableToRetrieveMetadata::create('signed/result.p...', 'file_size', '', NULL)
#1 /Users/pauliyaji/Herd/powerhouse/vendor/league/flysystem-local/LocalFilesystemAdapter.php(449): League\\Flysystem\\UnableToRetrieveMetadata::fileSize('signed/result.p...', '')
#2 /Users/pauliyaji/Herd/powerhouse/vendor/league/flysystem/src/Filesystem.php(166): League\\Flysystem\\Local\\LocalFilesystemAdapter->fileSize('signed/result.p...')
#3 /Users/pauliyaji/Herd/powerhouse/vendor/laravel/framework/src/Illuminate/Filesystem/FilesystemAdapter.php(644): League\\Flysystem\\Filesystem->fileSize('signed/result.p...')
#4 /Users/pauliyaji/Herd/powerhouse/app/Http/Controllers/SignatureController.php(103): Illuminate\\Filesystem\\FilesystemAdapter->size('signed/result.p...')
#5 /Users/pauliyaji/Herd/powerhouse/vendor/laravel/framework/src/Illuminate/Routing/ControllerDispatcher.php(46): App\\Http\\Controllers\\SignatureController->store(Object(App\\Http\\Requests\\SignPdfRequest), Object(App\\Models\\Document))
#6 /Users/pauliyaji/Herd/powerhouse/vendor/laravel/framework/src/Illuminate/Routing/Route.php(269): Illuminate\\Routing\\ControllerDispatcher->dispatch(Object(Illuminate\\Routing\\Route), Object(App\\Http\\Controllers\\SignatureController), 'store')
#7 /Users/pauliyaji/Herd/powerhouse/vendor/laravel/framework/src/Illuminate/Routing/Route.php(215): Illuminate\\Routing\\Route->runController()
#8 /Users/pauliyaji/Herd/powerhouse/vendor/laravel/framework/src/Illuminate/Routing/Router.php(822): Illuminate\\Routing\\Route->run()
#9 /Users/pauliyaji/Herd/powerhouse/vendor/laravel/framework/src/Illuminate/Pipeline/Pipeline.php(180): Illuminate\\Routing\\Router->{closure:Illuminate\\Routing\\Router::runRouteWithinStack():821}(Object(Illuminate\\Http\\Request))
#10 /Users/pauliyaji/Herd/powerhouse/vendor/laravel/framework/src/Illuminate/Routing/Middleware/SubstituteBindings.php(52): Illuminate\\Pipeline\\Pipeline->{closure:Illuminate\\Pipeline\\Pipeline::prepareDestination():178}(Object(Illuminate\\Http\\Request))
#11 /Users/pauliyaji/Herd/powerhouse/vendor/laravel/framework/src/Illuminate/Pipeline/Pipeline.php(219): Illuminate\\Routing\\Middleware\\SubstituteBindings->handle(Object(Illuminate\\Http\\Request), Object(Closure))
#12 /Users/pauliyaji/Herd/powerhouse/vendor/laravel/framework/src/Illuminate/Auth/Middleware/Authenticate.php(63): Illuminate\\Pipeline\\Pipeline->{closure:{closure:Illuminate\\Pipeline\\Pipeline::carry():194}:195}(Object(Illuminate\\Http\\Request))
#13 /Users/pauliyaji/Herd/powerhouse/vendor/laravel/framework/src/Illuminate/Pipeline/Pipeline.php(219): Illuminate\\Auth\\Middleware\\Authenticate->handle(Object(Illuminate\\Http\\Request), Object(Closure))
#14 /Users/pauliyaji/Herd/powerhouse/vendor/laravel/framework/src/Illuminate/Foundation/Testing/Concerns/MakesHttpRequests.php(202): Illuminate\\Pipeline\\Pipeline->{closure:{closure:Illuminate\\Pipeline\\Pipeline::carry():194}:195}(Object(Illuminate\\Http\\Request))
#15 /Users/pauliyaji/Herd/powerhouse/vendor/laravel/framework/src/Illuminate/Pipeline/Pipeline.php(219): class@anonymous->handle(Object(Illuminate\\Http\\Request), Object(Closure))
#16 /Users/pauliyaji/Herd/powerhouse/vendor/laravel/framework/src/Illuminate/View/Middleware/ShareErrorsFromSession.php(48): Illuminate\\Pipeline\\Pipeline->{closure:{closure:Illuminate\\Pipeline\\Pipeline::carry():194}:195}(Object(Illuminate\\Http\\Request))
#17 /Users/pauliyaji/Herd/powerhouse/vendor/laravel/framework/src/Illuminate/Pipeline/Pipeline.php(219): Illuminate\\View\\Middleware\\ShareErrorsFromSession->handle(Object(Illuminate\\Http\\Request), Object(Closure))
#18 /Users/pauliyaji/Herd/powerhouse/vendor/laravel/framework/src/Illuminate/Session/Middleware/StartSession.php(120): Illuminate\\Pipeline\\Pipeline->{closure:{closure:Illuminate\\Pipeline\\Pipeline::carry():194}:195}(Object(Illuminate\\Http\\Request))
#19 /Users/pauliyaji/Herd/powerhouse/vendor/laravel/framework/src/Illuminate/Session/Middleware/StartSession.php(63): Illuminate\\Session\\Middleware\\StartSession->handleStatefulRequest(Object(Illuminate\\Http\\Request), Object(Illuminate\\Session\\Store), Object(Closure))
#20 /Users/pauliyaji/Herd/powerhouse/vendor/laravel/framework/src/Illuminate/Pipeline/Pipeline.php(219): Illuminate\\Session\\Middleware\\StartSession->handle(Object(Illuminate\\Http\\Request), Object(Closure))
#21 /Users/pauliyaji/Herd/powerhouse/vendor/laravel/framework/src/Illuminate/Cookie/Middleware/AddQueuedCookiesToResponse.php(36): Illuminate\\Pipeline\\Pipeline->{closure:{closure:Illuminate\\Pipeline\\Pipeline::carry():194}:195}(Object(Illuminate\\Http\\Request))
#22 /Users/pauliyaji/Herd/powerhouse/vendor/laravel/framework/src/Illuminate/Pipeline/Pipeline.php(219): Illuminate\\Cookie\\Middleware\\AddQueuedCookiesToResponse->handle(Object(Illuminate\\Http\\Request), Object(Closure))
#23 /Users/pauliyaji/Herd/powerhouse/vendor/laravel/framework/src/Illuminate/Cookie/Middleware/EncryptCookies.php(74): Illuminate\\Pipeline\\Pipeline->{closure:{closure:Illuminate\\Pipeline\\Pipeline::carry():194}:195}(Object(Illuminate\\Http\\Request))
#24 /Users/pauliyaji/Herd/powerhouse/vendor/laravel/framework/src/Illuminate/Pipeline/Pipeline.php(219): Illuminate\\Cookie\\Middleware\\EncryptCookies->handle(Object(Illuminate\\Http\\Request), Object(Closure))
#25 /Users/pauliyaji/Herd/powerhouse/vendor/laravel/framework/src/Illuminate/Pipeline/Pipeline.php(137): Illuminate\\Pipeline\\Pipeline->{closure:{closure:Illuminate\\Pipeline\\Pipeline::carry():194}:195}(Object(Illuminate\\Http\\Request))
#26 /Users/pauliyaji/Herd/powerhouse/vendor/laravel/framework/src/Illuminate/Routing/Router.php(821): Illuminate\\Pipeline\\Pipeline->then(Object(Closure))
#27 /Users/pauliyaji/Herd/powerhouse/vendor/laravel/framework/src/Illuminate/Routing/Router.php(800): Illuminate\\Routing\\Router->runRouteWithinStack(Object(Illuminate\\Routing\\Route), Object(Illuminate\\Http\\Request))
#28 /Users/pauliyaji/Herd/powerhouse/vendor/laravel/framework/src/Illuminate/Routing/Router.php(764): Illuminate\\Routing\\Router->runRoute(Object(Illuminate\\Http\\Request), Object(Illuminate\\Routing\\Route))
#29 /Users/pauliyaji/Herd/powerhouse/vendor/laravel/framework/src/Illuminate/Routing/Router.php(753): Illuminate\\Routing\\Router->dispatchToRoute(Object(Illuminate\\Http\\Request))
#30 /Users/pauliyaji/Herd/powerhouse/vendor/laravel/framework/src/Illuminate/Foundation/Http/Kernel.php(200): Illuminate\\Routing\\Router->dispatch(Object(Illuminate\\Http\\Request))
#31 /Users/pauliyaji/Herd/powerhouse/vendor/laravel/framework/src/Illuminate/Pipeline/Pipeline.php(180): Illuminate\\Foundation\\Http\\Kernel->{closure:Illuminate\\Foundation\\Http\\Kernel::dispatchToRouter():197}(Object(Illuminate\\Http\\Request))
#32 /Users/pauliyaji/Herd/powerhouse/vendor/laravel/framework/src/Illuminate/Foundation/Http/Middleware/TransformsRequest.php(21): Illuminate\\Pipeline\\Pipeline->{closure:Illuminate\\Pipeline\\Pipeline::prepareDestination():178}(Object(Illuminate\\Http\\Request))
#33 /Users/pauliyaji/Herd/powerhouse/vendor/laravel/framework/src/Illuminate/Foundation/Http/Middleware/ConvertEmptyStringsToNull.php(31): Illuminate\\Foundation\\Http\\Middleware\\TransformsRequest->handle(Object(Illuminate\\Http\\Request), Object(Closure))
#34 /Users/pauliyaji/Herd/powerhouse/vendor/laravel/framework/src/Illuminate/Pipeline/Pipeline.php(219): Illuminate\\Foundation\\Http\\Middleware\\ConvertEmptyStringsToNull->handle(Object(Illuminate\\Http\\Request), Object(Closure))
#35 /Users/pauliyaji/Herd/powerhouse/vendor/laravel/framework/src/Illuminate/Foundation/Http/Middleware/TransformsRequest.php(21): Illuminate\\Pipeline\\Pipeline->{closure:{closure:Illuminate\\Pipeline\\Pipeline::carry():194}:195}(Object(Illuminate\\Http\\Request))
#36 /Users/pauliyaji/Herd/powerhouse/vendor/laravel/framework/src/Illuminate/Foundation/Http/Middleware/TrimStrings.php(51): Illuminate\\Foundation\\Http\\Middleware\\TransformsRequest->handle(Object(Illuminate\\Http\\Request), Object(Closure))
#37 /Users/pauliyaji/Herd/powerhouse/vendor/laravel/framework/src/Illuminate/Pipeline/Pipeline.php(219): Illuminate\\Foundation\\Http\\Middleware\\TrimStrings->handle(Object(Illuminate\\Http\\Request), Object(Closure))
#38 /Users/pauliyaji/Herd/powerhouse/vendor/laravel/framework/src/Illuminate/Http/Middleware/ValidatePostSize.php(27): Illuminate\\Pipeline\\Pipeline->{closure:{closure:Illuminate\\Pipeline\\Pipeline::carry():194}:195}(Object(Illuminate\\Http\\Request))
#39 /Users/pauliyaji/Herd/powerhouse/vendor/laravel/framework/src/Illuminate/Pipeline/Pipeline.php(219): Illuminate\\Http\\Middleware\\ValidatePostSize->handle(Object(Illuminate\\Http\\Request), Object(Closure))
#40 /Users/pauliyaji/Herd/powerhouse/vendor/laravel/framework/src/Illuminate/Foundation/Http/Middleware/PreventRequestsDuringMaintenance.php(109): Illuminate\\Pipeline\\Pipeline->{closure:{closure:Illuminate\\Pipeline\\Pipeline::carry():194}:195}(Object(Illuminate\\Http\\Request))
#41 /Users/pauliyaji/Herd/powerhouse/vendor/laravel/framework/src/Illuminate/Pipeline/Pipeline.php(219): Illuminate\\Foundation\\Http\\Middleware\\PreventRequestsDuringMaintenance->handle(Object(Illuminate\\Http\\Request), Object(Closure))
#42 /Users/pauliyaji/Herd/powerhouse/vendor/laravel/framework/src/Illuminate/Http/Middleware/HandleCors.php(61): Illuminate\\Pipeline\\Pipeline->{closure:{closure:Illuminate\\Pipeline\\Pipeline::carry():194}:195}(Object(Illuminate\\Http\\Request))
#43 /Users/pauliyaji/Herd/powerhouse/vendor/laravel/framework/src/Illuminate/Pipeline/Pipeline.php(219): Illuminate\\Http\\Middleware\\HandleCors->handle(Object(Illuminate\\Http\\Request), Object(Closure))
#44 /Users/pauliyaji/Herd/powerhouse/vendor/laravel/framework/src/Illuminate/Http/Middleware/TrustProxies.php(58): Illuminate\\Pipeline\\Pipeline->{closure:{closure:Illuminate\\Pipeline\\Pipeline::carry():194}:195}(Object(Illuminate\\Http\\Request))
#45 /Users/pauliyaji/Herd/powerhouse/vendor/laravel/framework/src/Illuminate/Pipeline/Pipeline.php(219): Illuminate\\Http\\Middleware\\TrustProxies->handle(Object(Illuminate\\Http\\Request), Object(Closure))
#46 /Users/pauliyaji/Herd/powerhouse/vendor/laravel/framework/src/Illuminate/Foundation/Http/Middleware/InvokeDeferredCallbacks.php(22): Illuminate\\Pipeline\\Pipeline->{closure:{closure:Illuminate\\Pipeline\\Pipeline::carry():194}:195}(Object(Illuminate\\Http\\Request))
#47 /Users/pauliyaji/Herd/powerhouse/vendor/laravel/framework/src/Illuminate/Pipeline/Pipeline.php(219): Illuminate\\Foundation\\Http\\Middleware\\InvokeDeferredCallbacks->handle(Object(Illuminate\\Http\\Request), Object(Closure))
#48 /Users/pauliyaji/Herd/powerhouse/vendor/laravel/framework/src/Illuminate/Http/Middleware/ValidatePathEncoding.php(28): Illuminate\\Pipeline\\Pipeline->{closure:{closure:Illuminate\\Pipeline\\Pipeline::carry():194}:195}(Object(Illuminate\\Http\\Request))
#49 /Users/pauliyaji/Herd/powerhouse/vendor/laravel/framework/src/Illuminate/Pipeline/Pipeline.php(219): Illuminate\\Http\\Middleware\\ValidatePathEncoding->handle(Object(Illuminate\\Http\\Request), Object(Closure))
#50 /Users/pauliyaji/Herd/powerhouse/vendor/laravel/framework/src/Illuminate/Pipeline/Pipeline.php(137): Illuminate\\Pipeline\\Pipeline->{closure:{closure:Illuminate\\Pipeline\\Pipeline::carry():194}:195}(Object(Illuminate\\Http\\Request))
#51 /Users/pauliyaji/Herd/powerhouse/vendor/laravel/framework/src/Illuminate/Foundation/Http/Kernel.php(175): Illuminate\\Pipeline\\Pipeline->then(Object(Closure))
#52 /Users/pauliyaji/Herd/powerhouse/vendor/laravel/framework/src/Illuminate/Foundation/Http/Kernel.php(144): Illuminate\\Foundation\\Http\\Kernel->sendRequestThroughRouter(Object(Illuminate\\Http\\Request))
#53 /Users/pauliyaji/Herd/powerhouse/vendor/laravel/framework/src/Illuminate/Foundation/Testing/Concerns/MakesHttpRequests.php(607): Illuminate\\Foundation\\Http\\Kernel->handle(Object(Illuminate\\Http\\Request))
#54 /Users/pauliyaji/Herd/powerhouse/vendor/laravel/framework/src/Illuminate/Foundation/Testing/Concerns/MakesHttpRequests.php(397): Illuminate\\Foundation\\Testing\\TestCase->call('POST', 'http://powerhou...', Array, Array, Array, Array)
#55 /Users/pauliyaji/Herd/powerhouse/tests/Feature/PdfOperationsTest.php(173): Illuminate\\Foundation\\Testing\\TestCase->post('http://powerhou...', Array)
#56 /Users/pauliyaji/Herd/powerhouse/vendor/pestphp/pest/src/Factories/TestCaseMethodFactory.php(177): P\\Tests\\Feature\\PdfOperationsTest->{closure:/Users/pauliyaji/Herd/powerhouse/tests/Feature/PdfOperationsTest.php:154}()
#57 [internal function]: P\\Tests\\Feature\\PdfOperationsTest->{closure:Pest\\Factories\\TestCaseMethodFactory::getClosure():167}()
#58 /Users/pauliyaji/Herd/powerhouse/vendor/pestphp/pest/src/Concerns/Testable.php(576): call_user_func_array(Object(Closure), Array)
#59 /Users/pauliyaji/Herd/powerhouse/vendor/pestphp/pest/src/Support/ExceptionTrace.php(26): P\\Tests\\Feature\\PdfOperationsTest->{closure:Pest\\Concerns\\Testable::__callClosure():576}()
#60 /Users/pauliyaji/Herd/powerhouse/vendor/pestphp/pest/src/Concerns/Testable.php(576): Pest\\Support\\ExceptionTrace::ensure(Object(Closure))
#61 /Users/pauliyaji/Herd/powerhouse/vendor/pestphp/pest/src/Concerns/Testable.php(403): P\\Tests\\Feature\\PdfOperationsTest->__callClosure(Object(Closure), Array)
#62 /Users/pauliyaji/Herd/powerhouse/vendor/pestphp/pest/src/Factories/TestCaseFactory.php(175) : eval()'d code(62): P\\Tests\\Feature\\PdfOperationsTest->__runTest(Object(Closure))
#63 /Users/pauliyaji/Herd/powerhouse/vendor/phpunit/phpunit/src/Framework/TestCase.php(1310): P\\Tests\\Feature\\PdfOperationsTest->__pest_evaluable_it_signs_a_document_and_stores_a_SignatureRequest()
#64 /Users/pauliyaji/Herd/powerhouse/vendor/phpunit/phpunit/src/Framework/TestCase.php(1344): PHPUnit\\Framework\\TestCase->invokeTestMethod('__pest_evaluabl...', Array)
#65 /Users/pauliyaji/Herd/powerhouse/vendor/phpunit/phpunit/src/Framework/TestCase.php(520): PHPUnit\\Framework\\TestCase->runTest()
#66 /Users/pauliyaji/Herd/powerhouse/vendor/phpunit/phpunit/src/Framework/TestRunner/TestRunner.php(99): PHPUnit\\Framework\\TestCase->runBare()
#67 /Users/pauliyaji/Herd/powerhouse/vendor/phpunit/phpunit/src/Framework/TestCase.php(360): PHPUnit\\Framework\\TestRunner->run(Object(P\\Tests\\Feature\\PdfOperationsTest))
#68 /Users/pauliyaji/Herd/powerhouse/vendor/phpunit/phpunit/src/Framework/TestSuite.php(374): PHPUnit\\Framework\\TestCase->run()
#69 /Users/pauliyaji/Herd/powerhouse/vendor/phpunit/phpunit/src/TextUI/TestRunner.php(64): PHPUnit\\Framework\\TestSuite->run()
#70 /Users/pauliyaji/Herd/powerhouse/vendor/phpunit/phpunit/src/TextUI/Application.php(229): PHPUnit\\TextUI\\TestRunner->run(Object(PHPUnit\\TextUI\\Configuration\\Configuration), Object(PHPUnit\\Runner\\ResultCache\\DefaultResultCache), Object(PHPUnit\\Framework\\TestSuite))
#71 /Users/pauliyaji/Herd/powerhouse/vendor/pestphp/pest/src/Kernel.php(117): PHPUnit\\TextUI\\Application->run(Array)
#72 /Users/pauliyaji/Herd/powerhouse/vendor/pestphp/pest/bin/pest(207): Pest\\Kernel->handle(Array, Array)
#73 /Users/pauliyaji/Herd/powerhouse/vendor/pestphp/pest/bin/pest(215): {closure:/Users/pauliyaji/Herd/powerhouse/vendor/pestphp/pest/bin/pest:21}()
#74 {main}
"} 
[2026-05-13 00:53:25] local.ERROR: Unable to retrieve the file_size for file at location: signed/result.pdf.  {"userId":1,"exception":"[object] (League\\Flysystem\\UnableToRetrieveMetadata(code: 0): Unable to retrieve the file_size for file at location: signed/result.pdf.  at /Users/pauliyaji/Herd/powerhouse/vendor/league/flysystem/src/UnableToRetrieveMetadata.php:49)
[stacktrace]
#0 /Users/pauliyaji/Herd/powerhouse/vendor/league/flysystem/src/UnableToRetrieveMetadata.php(39): League\\Flysystem\\UnableToRetrieveMetadata::create('signed/result.p...', 'file_size', '', NULL)
#1 /Users/pauliyaji/Herd/powerhouse/vendor/league/flysystem-local/LocalFilesystemAdapter.php(449): League\\Flysystem\\UnableToRetrieveMetadata::fileSize('signed/result.p...', '')
#2 /Users/pauliyaji/Herd/powerhouse/vendor/league/flysystem/src/Filesystem.php(166): League\\Flysystem\\Local\\LocalFilesystemAdapter->fileSize('signed/result.p...')
#3 /Users/pauliyaji/Herd/powerhouse/vendor/laravel/framework/src/Illuminate/Filesystem/FilesystemAdapter.php(644): League\\Flysystem\\Filesystem->fileSize('signed/result.p...')
#4 /Users/pauliyaji/Herd/powerhouse/app/Http/Controllers/SignatureController.php(103): Illuminate\\Filesystem\\FilesystemAdapter->size('signed/result.p...')
#5 /Users/pauliyaji/Herd/powerhouse/vendor/laravel/framework/src/Illuminate/Routing/ControllerDispatcher.php(46): App\\Http\\Controllers\\SignatureController->store(Object(App\\Http\\Requests\\SignPdfRequest), Object(App\\Models\\Document))
#6 /Users/pauliyaji/Herd/powerhouse/vendor/laravel/framework/src/Illuminate/Routing/Route.php(269): Illuminate\\Routing\\ControllerDispatcher->dispatch(Object(Illuminate\\Routing\\Route), Object(App\\Http\\Controllers\\SignatureController), 'store')
#7 /Users/pauliyaji/Herd/powerhouse/vendor/laravel/framework/src/Illuminate/Routing/Route.php(215): Illuminate\\Routing\\Route->runController()
#8 /Users/pauliyaji/Herd/powerhouse/vendor/laravel/framework/src/Illuminate/Routing/Router.php(822): Illuminate\\Routing\\Route->run()
#9 /Users/pauliyaji/Herd/powerhouse/vendor/laravel/framework/src/Illuminate/Pipeline/Pipeline.php(180): Illuminate\\Routing\\Router->{closure:Illuminate\\Routing\\Router::runRouteWithinStack():821}(Object(Illuminate\\Http\\Request))
#10 /Users/pauliyaji/Herd/powerhouse/vendor/laravel/framework/src/Illuminate/Routing/Middleware/SubstituteBindings.php(52): Illuminate\\Pipeline\\Pipeline->{closure:Illuminate\\Pipeline\\Pipeline::prepareDestination():178}(Object(Illuminate\\Http\\Request))
#11 /Users/pauliyaji/Herd/powerhouse/vendor/laravel/framework/src/Illuminate/Pipeline/Pipeline.php(219): Illuminate\\Routing\\Middleware\\SubstituteBindings->handle(Object(Illuminate\\Http\\Request), Object(Closure))
#12 /Users/pauliyaji/Herd/powerhouse/vendor/laravel/framework/src/Illuminate/Auth/Middleware/Authenticate.php(63): Illuminate\\Pipeline\\Pipeline->{closure:{closure:Illuminate\\Pipeline\\Pipeline::carry():194}:195}(Object(Illuminate\\Http\\Request))
#13 /Users/pauliyaji/Herd/powerhouse/vendor/laravel/framework/src/Illuminate/Pipeline/Pipeline.php(219): Illuminate\\Auth\\Middleware\\Authenticate->handle(Object(Illuminate\\Http\\Request), Object(Closure))
#14 /Users/pauliyaji/Herd/powerhouse/vendor/laravel/framework/src/Illuminate/Foundation/Testing/Concerns/MakesHttpRequests.php(202): Illuminate\\Pipeline\\Pipeline->{closure:{closure:Illuminate\\Pipeline\\Pipeline::carry():194}:195}(Object(Illuminate\\Http\\Request))
#15 /Users/pauliyaji/Herd/powerhouse/vendor/laravel/framework/src/Illuminate/Pipeline/Pipeline.php(219): class@anonymous->handle(Object(Illuminate\\Http\\Request), Object(Closure))
#16 /Users/pauliyaji/Herd/powerhouse/vendor/laravel/framework/src/Illuminate/View/Middleware/ShareErrorsFromSession.php(48): Illuminate\\Pipeline\\Pipeline->{closure:{closure:Illuminate\\Pipeline\\Pipeline::carry():194}:195}(Object(Illuminate\\Http\\Request))
#17 /Users/pauliyaji/Herd/powerhouse/vendor/laravel/framework/src/Illuminate/Pipeline/Pipeline.php(219): Illuminate\\View\\Middleware\\ShareErrorsFromSession->handle(Object(Illuminate\\Http\\Request), Object(Closure))
#18 /Users/pauliyaji/Herd/powerhouse/vendor/laravel/framework/src/Illuminate/Session/Middleware/StartSession.php(120): Illuminate\\Pipeline\\Pipeline->{closure:{closure:Illuminate\\Pipeline\\Pipeline::carry():194}:195}(Object(Illuminate\\Http\\Request))
#19 /Users/pauliyaji/Herd/powerhouse/vendor/laravel/framework/src/Illuminate/Session/Middleware/StartSession.php(63): Illuminate\\Session\\Middleware\\StartSession->handleStatefulRequest(Object(Illuminate\\Http\\Request), Object(Illuminate\\Session\\Store), Object(Closure))
#20 /Users/pauliyaji/Herd/powerhouse/vendor/laravel/framework/src/Illuminate/Pipeline/Pipeline.php(219): Illuminate\\Session\\Middleware\\StartSession->handle(Object(Illuminate\\Http\\Request), Object(Closure))
#21 /Users/pauliyaji/Herd/powerhouse/vendor/laravel/framework/src/Illuminate/Cookie/Middleware/AddQueuedCookiesToResponse.php(36): Illuminate\\Pipeline\\Pipeline->{closure:{closure:Illuminate\\Pipeline\\Pipeline::carry():194}:195}(Object(Illuminate\\Http\\Request))
#22 /Users/pauliyaji/Herd/powerhouse/vendor/laravel/framework/src/Illuminate/Pipeline/Pipeline.php(219): Illuminate\\Cookie\\Middleware\\AddQueuedCookiesToResponse->handle(Object(Illuminate\\Http\\Request), Object(Closure))
#23 /Users/pauliyaji/Herd/powerhouse/vendor/laravel/framework/src/Illuminate/Cookie/Middleware/EncryptCookies.php(74): Illuminate\\Pipeline\\Pipeline->{closure:{closure:Illuminate\\Pipeline\\Pipeline::carry():194}:195}(Object(Illuminate\\Http\\Request))
#24 /Users/pauliyaji/Herd/powerhouse/vendor/laravel/framework/src/Illuminate/Pipeline/Pipeline.php(219): Illuminate\\Cookie\\Middleware\\EncryptCookies->handle(Object(Illuminate\\Http\\Request), Object(Closure))
#25 /Users/pauliyaji/Herd/powerhouse/vendor/laravel/framework/src/Illuminate/Pipeline/Pipeline.php(137): Illuminate\\Pipeline\\Pipeline->{closure:{closure:Illuminate\\Pipeline\\Pipeline::carry():194}:195}(Object(Illuminate\\Http\\Request))
#26 /Users/pauliyaji/Herd/powerhouse/vendor/laravel/framework/src/Illuminate/Routing/Router.php(821): Illuminate\\Pipeline\\Pipeline->then(Object(Closure))
#27 /Users/pauliyaji/Herd/powerhouse/vendor/laravel/framework/src/Illuminate/Routing/Router.php(800): Illuminate\\Routing\\Router->runRouteWithinStack(Object(Illuminate\\Routing\\Route), Object(Illuminate\\Http\\Request))
#28 /Users/pauliyaji/Herd/powerhouse/vendor/laravel/framework/src/Illuminate/Routing/Router.php(764): Illuminate\\Routing\\Router->runRoute(Object(Illuminate\\Http\\Request), Object(Illuminate\\Routing\\Route))
#29 /Users/pauliyaji/Herd/powerhouse/vendor/laravel/framework/src/Illuminate/Routing/Router.php(753): Illuminate\\Routing\\Router->dispatchToRoute(Object(Illuminate\\Http\\Request))
#30 /Users/pauliyaji/Herd/powerhouse/vendor/laravel/framework/src/Illuminate/Foundation/Http/Kernel.php(200): Illuminate\\Routing\\Router->dispatch(Object(Illuminate\\Http\\Request))
#31 /Users/pauliyaji/Herd/powerhouse/vendor/laravel/framework/src/Illuminate/Pipeline/Pipeline.php(180): Illuminate\\Foundation\\Http\\Kernel->{closure:Illuminate\\Foundation\\Http\\Kernel::dispatchToRouter():197}(Object(Illuminate\\Http\\Request))
#32 /Users/pauliyaji/Herd/powerhouse/vendor/laravel/framework/src/Illuminate/Foundation/Http/Middleware/TransformsRequest.php(21): Illuminate\\Pipeline\\Pipeline->{closure:Illuminate\\Pipeline\\Pipeline::prepareDestination():178}(Object(Illuminate\\Http\\Request))
#33 /Users/pauliyaji/Herd/powerhouse/vendor/laravel/framework/src/Illuminate/Foundation/Http/Middleware/ConvertEmptyStringsToNull.php(31): Illuminate\\Foundation\\Http\\Middleware\\TransformsRequest->handle(Object(Illuminate\\Http\\Request), Object(Closure))
#34 /Users/pauliyaji/Herd/powerhouse/vendor/laravel/framework/src/Illuminate/Pipeline/Pipeline.php(219): Illuminate\\Foundation\\Http\\Middleware\\ConvertEmptyStringsToNull->handle(Object(Illuminate\\Http\\Request), Object(Closure))
#35 /Users/pauliyaji/Herd/powerhouse/vendor/laravel/framework/src/Illuminate/Foundation/Http/Middleware/TransformsRequest.php(21): Illuminate\\Pipeline\\Pipeline->{closure:{closure:Illuminate\\Pipeline\\Pipeline::carry():194}:195}(Object(Illuminate\\Http\\Request))
#36 /Users/pauliyaji/Herd/powerhouse/vendor/laravel/framework/src/Illuminate/Foundation/Http/Middleware/TrimStrings.php(51): Illuminate\\Foundation\\Http\\Middleware\\TransformsRequest->handle(Object(Illuminate\\Http\\Request), Object(Closure))
#37 /Users/pauliyaji/Herd/powerhouse/vendor/laravel/framework/src/Illuminate/Pipeline/Pipeline.php(219): Illuminate\\Foundation\\Http\\Middleware\\TrimStrings->handle(Object(Illuminate\\Http\\Request), Object(Closure))
#38 /Users/pauliyaji/Herd/powerhouse/vendor/laravel/framework/src/Illuminate/Http/Middleware/ValidatePostSize.php(27): Illuminate\\Pipeline\\Pipeline->{closure:{closure:Illuminate\\Pipeline\\Pipeline::carry():194}:195}(Object(Illuminate\\Http\\Request))
#39 /Users/pauliyaji/Herd/powerhouse/vendor/laravel/framework/src/Illuminate/Pipeline/Pipeline.php(219): Illuminate\\Http\\Middleware\\ValidatePostSize->handle(Object(Illuminate\\Http\\Request), Object(Closure))
#40 /Users/pauliyaji/Herd/powerhouse/vendor/laravel/framework/src/Illuminate/Foundation/Http/Middleware/PreventRequestsDuringMaintenance.php(109): Illuminate\\Pipeline\\Pipeline->{closure:{closure:Illuminate\\Pipeline\\Pipeline::carry():194}:195}(Object(Illuminate\\Http\\Request))
#41 /Users/pauliyaji/Herd/powerhouse/vendor/laravel/framework/src/Illuminate/Pipeline/Pipeline.php(219): Illuminate\\Foundation\\Http\\Middleware\\PreventRequestsDuringMaintenance->handle(Object(Illuminate\\Http\\Request), Object(Closure))
#42 /Users/pauliyaji/Herd/powerhouse/vendor/laravel/framework/src/Illuminate/Http/Middleware/HandleCors.php(61): Illuminate\\Pipeline\\Pipeline->{closure:{closure:Illuminate\\Pipeline\\Pipeline::carry():194}:195}(Object(Illuminate\\Http\\Request))
#43 /Users/pauliyaji/Herd/powerhouse/vendor/laravel/framework/src/Illuminate/Pipeline/Pipeline.php(219): Illuminate\\Http\\Middleware\\HandleCors->handle(Object(Illuminate\\Http\\Request), Object(Closure))
#44 /Users/pauliyaji/Herd/powerhouse/vendor/laravel/framework/src/Illuminate/Http/Middleware/TrustProxies.php(58): Illuminate\\Pipeline\\Pipeline->{closure:{closure:Illuminate\\Pipeline\\Pipeline::carry():194}:195}(Object(Illuminate\\Http\\Request))
#45 /Users/pauliyaji/Herd/powerhouse/vendor/laravel/framework/src/Illuminate/Pipeline/Pipeline.php(219): Illuminate\\Http\\Middleware\\TrustProxies->handle(Object(Illuminate\\Http\\Request), Object(Closure))
#46 /Users/pauliyaji/Herd/powerhouse/vendor/laravel/framework/src/Illuminate/Foundation/Http/Middleware/InvokeDeferredCallbacks.php(22): Illuminate\\Pipeline\\Pipeline->{closure:{closure:Illuminate\\Pipeline\\Pipeline::carry():194}:195}(Object(Illuminate\\Http\\Request))
#47 /Users/pauliyaji/Herd/powerhouse/vendor/laravel/framework/src/Illuminate/Pipeline/Pipeline.php(219): Illuminate\\Foundation\\Http\\Middleware\\InvokeDeferredCallbacks->handle(Object(Illuminate\\Http\\Request), Object(Closure))
#48 /Users/pauliyaji/Herd/powerhouse/vendor/laravel/framework/src/Illuminate/Http/Middleware/ValidatePathEncoding.php(28): Illuminate\\Pipeline\\Pipeline->{closure:{closure:Illuminate\\Pipeline\\Pipeline::carry():194}:195}(Object(Illuminate\\Http\\Request))
#49 /Users/pauliyaji/Herd/powerhouse/vendor/laravel/framework/src/Illuminate/Pipeline/Pipeline.php(219): Illuminate\\Http\\Middleware\\ValidatePathEncoding->handle(Object(Illuminate\\Http\\Request), Object(Closure))
#50 /Users/pauliyaji/Herd/powerhouse/vendor/laravel/framework/src/Illuminate/Pipeline/Pipeline.php(137): Illuminate\\Pipeline\\Pipeline->{closure:{closure:Illuminate\\Pipeline\\Pipeline::carry():194}:195}(Object(Illuminate\\Http\\Request))
#51 /Users/pauliyaji/Herd/powerhouse/vendor/laravel/framework/src/Illuminate/Foundation/Http/Kernel.php(175): Illuminate\\Pipeline\\Pipeline->then(Object(Closure))
#52 /Users/pauliyaji/Herd/powerhouse/vendor/laravel/framework/src/Illuminate/Foundation/Http/Kernel.php(144): Illuminate\\Foundation\\Http\\Kernel->sendRequestThroughRouter(Object(Illuminate\\Http\\Request))
#53 /Users/pauliyaji/Herd/powerhouse/vendor/laravel/framework/src/Illuminate/Foundation/Testing/Concerns/MakesHttpRequests.php(607): Illuminate\\Foundation\\Http\\Kernel->handle(Object(Illuminate\\Http\\Request))
#54 /Users/pauliyaji/Herd/powerhouse/vendor/laravel/framework/src/Illuminate/Foundation/Testing/Concerns/MakesHttpRequests.php(397): Illuminate\\Foundation\\Testing\\TestCase->call('POST', 'http://powerhou...', Array, Array, Array, Array)
#55 /Users/pauliyaji/Herd/powerhouse/tests/Feature/PdfOperationsTest.php(173): Illuminate\\Foundation\\Testing\\TestCase->post('http://powerhou...', Array)
#56 /Users/pauliyaji/Herd/powerhouse/vendor/pestphp/pest/src/Factories/TestCaseMethodFactory.php(177): P\\Tests\\Feature\\PdfOperationsTest->{closure:/Users/pauliyaji/Herd/powerhouse/tests/Feature/PdfOperationsTest.php:154}()
#57 [internal function]: P\\Tests\\Feature\\PdfOperationsTest->{closure:Pest\\Factories\\TestCaseMethodFactory::getClosure():167}()
#58 /Users/pauliyaji/Herd/powerhouse/vendor/pestphp/pest/src/Concerns/Testable.php(576): call_user_func_array(Object(Closure), Array)
#59 /Users/pauliyaji/Herd/powerhouse/vendor/pestphp/pest/src/Support/ExceptionTrace.php(26): P\\Tests\\Feature\\PdfOperationsTest->{closure:Pest\\Concerns\\Testable::__callClosure():576}()
#60 /Users/pauliyaji/Herd/powerhouse/vendor/pestphp/pest/src/Concerns/Testable.php(576): Pest\\Support\\ExceptionTrace::ensure(Object(Closure))
#61 /Users/pauliyaji/Herd/powerhouse/vendor/pestphp/pest/src/Concerns/Testable.php(403): P\\Tests\\Feature\\PdfOperationsTest->__callClosure(Object(Closure), Array)
#62 /Users/pauliyaji/Herd/powerhouse/vendor/pestphp/pest/src/Factories/TestCaseFactory.php(175) : eval()'d code(62): P\\Tests\\Feature\\PdfOperationsTest->__runTest(Object(Closure))
#63 /Users/pauliyaji/Herd/powerhouse/vendor/phpunit/phpunit/src/Framework/TestCase.php(1310): P\\Tests\\Feature\\PdfOperationsTest->__pest_evaluable_it_signs_a_document_and_stores_a_SignatureRequest()
#64 /Users/pauliyaji/Herd/powerhouse/vendor/phpunit/phpunit/src/Framework/TestCase.php(1344): PHPUnit\\Framework\\TestCase->invokeTestMethod('__pest_evaluabl...', Array)
#65 /Users/pauliyaji/Herd/powerhouse/vendor/phpunit/phpunit/src/Framework/TestCase.php(520): PHPUnit\\Framework\\TestCase->runTest()
#66 /Users/pauliyaji/Herd/powerhouse/vendor/phpunit/phpunit/src/Framework/TestRunner/TestRunner.php(99): PHPUnit\\Framework\\TestCase->runBare()
#67 /Users/pauliyaji/Herd/powerhouse/vendor/phpunit/phpunit/src/Framework/TestCase.php(360): PHPUnit\\Framework\\TestRunner->run(Object(P\\Tests\\Feature\\PdfOperationsTest))
#68 /Users/pauliyaji/Herd/powerhouse/vendor/phpunit/phpunit/src/Framework/TestSuite.php(374): PHPUnit\\Framework\\TestCase->run()
#69 /Users/pauliyaji/Herd/powerhouse/vendor/phpunit/phpunit/src/TextUI/TestRunner.php(64): PHPUnit\\Framework\\TestSuite->run()
#70 /Users/pauliyaji/Herd/powerhouse/vendor/phpunit/phpunit/src/TextUI/Application.php(229): PHPUnit\\TextUI\\TestRunner->run(Object(PHPUnit\\TextUI\\Configuration\\Configuration), Object(PHPUnit\\Runner\\ResultCache\\DefaultResultCache), Object(PHPUnit\\Framework\\TestSuite))
#71 /Users/pauliyaji/Herd/powerhouse/vendor/pestphp/pest/src/Kernel.php(117): PHPUnit\\TextUI\\Application->run(Array)
#72 /Users/pauliyaji/Herd/powerhouse/vendor/pestphp/pest/bin/pest(207): Pest\\Kernel->handle(Array, Array)
#73 /Users/pauliyaji/Herd/powerhouse/vendor/pestphp/pest/bin/pest(215): {closure:/Users/pauliyaji/Herd/powerhouse/vendor/pestphp/pest/bin/pest:21}()
#74 {main}
"} 
[2026-05-13 00:53:39] local.ERROR: PDF compression failed {"error":"Unable to find PDF file header."} 
[2026-05-13 01:02:27] local.ERROR: PDF compression failed {"error":"Unable to find PDF file header."} 
[2026-05-13 01:12:48] local.ERROR: PDF compression failed {"error":"Unable to find PDF file header."} 
[2026-05-13 01:38:37] local.ERROR: Route [password.request] not defined. (View: /Users/pauliyaji/Herd/powerhouse/resources/views/auth/login.blade.php) {"exception":"[object] (Illuminate\\View\\ViewException(code: 0): Route [password.request] not defined. (View: /Users/pauliyaji/Herd/powerhouse/resources/views/auth/login.blade.php) at /Users/pauliyaji/Herd/powerhouse/vendor/laravel/framework/src/Illuminate/Routing/UrlGenerator.php:546)
[stacktrace]
#0 /Users/pauliyaji/Herd/powerhouse/vendor/laravel/framework/src/Illuminate/View/Engines/PhpEngine.php(59): Illuminate\\View\\Engines\\CompilerEngine->handleViewException(Object(Symfony\\Component\\Routing\\Exception\\RouteNotFoundException), 2)
#1 /Users/pauliyaji/Herd/powerhouse/vendor/laravel/framework/src/Illuminate/View/Engines/CompilerEngine.php(76): Illuminate\\View\\Engines\\PhpEngine->evaluatePath('/Users/pauliyaj...', Array)
#2 /Users/pauliyaji/Herd/powerhouse/vendor/laravel/framework/src/Illuminate/View/View.php(208): Illuminate\\View\\Engines\\CompilerEngine->get('/Users/pauliyaj...', Array)
#3 /Users/pauliyaji/Herd/powerhouse/vendor/laravel/framework/src/Illuminate/View/View.php(191): Illuminate\\View\\View->getContents()
#4 /Users/pauliyaji/Herd/powerhouse/vendor/laravel/framework/src/Illuminate/View/View.php(160): Illuminate\\View\\View->renderContents()
#5 /Users/pauliyaji/Herd/powerhouse/vendor/laravel/framework/src/Illuminate/Http/Response.php(78): Illuminate\\View\\View->render()
#6 /Users/pauliyaji/Herd/powerhouse/vendor/laravel/framework/src/Illuminate/Http/Response.php(34): Illuminate\\Http\\Response->setContent(Object(Illuminate\\View\\View))
#7 /Users/pauliyaji/Herd/powerhouse/vendor/laravel/framework/src/Illuminate/Routing/Router.php(939): Illuminate\\Http\\Response->__construct(Object(Illuminate\\View\\View), 200, Array)
#8 /Users/pauliyaji/Herd/powerhouse/vendor/laravel/framework/src/Illuminate/Routing/Router.php(906): Illuminate\\Routing\\Router::toResponse(Object(Illuminate\\Http\\Request), Object(Illuminate\\View\\View))
#9 /Users/pauliyaji/Herd/powerhouse/vendor/laravel/framework/src/Illuminate/Routing/Router.php(821): Illuminate\\Routing\\Router->prepareResponse(Object(Illuminate\\Http\\Request), Object(Illuminate\\View\\View))
#10 /Users/pauliyaji/Herd/powerhouse/vendor/laravel/framework/src/Illuminate/Pipeline/Pipeline.php(180): Illuminate\\Routing\\Router->{closure:Illuminate\\Routing\\Router::runRouteWithinStack():821}(Object(Illuminate\\Http\\Request))
#11 /Users/pauliyaji/Herd/powerhouse/vendor/laravel/framework/src/Illuminate/Routing/Middleware/SubstituteBindings.php(52): Illuminate\\Pipeline\\Pipeline->{closure:Illuminate\\Pipeline\\Pipeline::prepareDestination():178}(Object(Illuminate\\Http\\Request))
#12 /Users/pauliyaji/Herd/powerhouse/vendor/laravel/framework/src/Illuminate/Pipeline/Pipeline.php(219): Illuminate\\Routing\\Middleware\\SubstituteBindings->handle(Object(Illuminate\\Http\\Request), Object(Closure))
#13 /Users/pauliyaji/Herd/powerhouse/vendor/laravel/framework/src/Illuminate/Foundation/Testing/Concerns/MakesHttpRequests.php(202): Illuminate\\Pipeline\\Pipeline->{closure:{closure:Illuminate\\Pipeline\\Pipeline::carry():194}:195}(Object(Illuminate\\Http\\Request))
#14 /Users/pauliyaji/Herd/powerhouse/vendor/laravel/framework/src/Illuminate/Pipeline/Pipeline.php(219): class@anonymous->handle(Object(Illuminate\\Http\\Request), Object(Closure))
#15 /Users/pauliyaji/Herd/powerhouse/vendor/laravel/framework/src/Illuminate/View/Middleware/ShareErrorsFromSession.php(48): Illuminate\\Pipeline\\Pipeline->{closure:{closure:Illuminate\\Pipeline\\Pipeline::carry():194}:195}(Object(Illuminate\\Http\\Request))
#16 /Users/pauliyaji/Herd/powerhouse/vendor/laravel/framework/src/Illuminate/Pipeline/Pipeline.php(219): Illuminate\\View\\Middleware\\ShareErrorsFromSession->handle(Object(Illuminate\\Http\\Request), Object(Closure))
#17 /Users/pauliyaji/Herd/powerhouse/vendor/laravel/framework/src/Illuminate/Session/Middleware/StartSession.php(120): Illuminate\\Pipeline\\Pipeline->{closure:{closure:Illuminate\\Pipeline\\Pipeline::carry():194}:195}(Object(Illuminate\\Http\\Request))
#18 /Users/pauliyaji/Herd/powerhouse/vendor/laravel/framework/src/Illuminate/Session/Middleware/StartSession.php(63): Illuminate\\Session\\Middleware\\StartSession->handleStatefulRequest(Object(Illuminate\\Http\\Request), Object(Illuminate\\Session\\Store), Object(Closure))
#19 /Users/pauliyaji/Herd/powerhouse/vendor/laravel/framework/src/Illuminate/Pipeline/Pipeline.php(219): Illuminate\\Session\\Middleware\\StartSession->handle(Object(Illuminate\\Http\\Request), Object(Closure))
#20 /Users/pauliyaji/Herd/powerhouse/vendor/laravel/framework/src/Illuminate/Cookie/Middleware/AddQueuedCookiesToResponse.php(36): Illuminate\\Pipeline\\Pipeline->{closure:{closure:Illuminate\\Pipeline\\Pipeline::carry():194}:195}(Object(Illuminate\\Http\\Request))
#21 /Users/pauliyaji/Herd/powerhouse/vendor/laravel/framework/src/Illuminate/Pipeline/Pipeline.php(219): Illuminate\\Cookie\\Middleware\\AddQueuedCookiesToResponse->handle(Object(Illuminate\\Http\\Request), Object(Closure))
#22 /Users/pauliyaji/Herd/powerhouse/vendor/laravel/framework/src/Illuminate/Cookie/Middleware/EncryptCookies.php(74): Illuminate\\Pipeline\\Pipeline->{closure:{closure:Illuminate\\Pipeline\\Pipeline::carry():194}:195}(Object(Illuminate\\Http\\Request))
#23 /Users/pauliyaji/Herd/powerhouse/vendor/laravel/framework/src/Illuminate/Pipeline/Pipeline.php(219): Illuminate\\Cookie\\Middleware\\EncryptCookies->handle(Object(Illuminate\\Http\\Request), Object(Closure))
#24 /Users/pauliyaji/Herd/powerhouse/vendor/laravel/framework/src/Illuminate/Pipeline/Pipeline.php(137): Illuminate\\Pipeline\\Pipeline->{closure:{closure:Illuminate\\Pipeline\\Pipeline::carry():194}:195}(Object(Illuminate\\Http\\Request))
#25 /Users/pauliyaji/Herd/powerhouse/vendor/laravel/framework/src/Illuminate/Routing/Router.php(821): Illuminate\\Pipeline\\Pipeline->then(Object(Closure))
#26 /Users/pauliyaji/Herd/powerhouse/vendor/laravel/framework/src/Illuminate/Routing/Router.php(800): Illuminate\\Routing\\Router->runRouteWithinStack(Object(Illuminate\\Routing\\Route), Object(Illuminate\\Http\\Request))
#27 /Users/pauliyaji/Herd/powerhouse/vendor/laravel/framework/src/Illuminate/Routing/Router.php(764): Illuminate\\Routing\\Router->runRoute(Object(Illuminate\\Http\\Request), Object(Illuminate\\Routing\\Route))
#28 /Users/pauliyaji/Herd/powerhouse/vendor/laravel/framework/src/Illuminate/Routing/Router.php(753): Illuminate\\Routing\\Router->dispatchToRoute(Object(Illuminate\\Http\\Request))
#29 /Users/pauliyaji/Herd/powerhouse/vendor/laravel/framework/src/Illuminate/Foundation/Http/Kernel.php(200): Illuminate\\Routing\\Router->dispatch(Object(Illuminate\\Http\\Request))
#30 /Users/pauliyaji/Herd/powerhouse/vendor/laravel/framework/src/Illuminate/Pipeline/Pipeline.php(180): Illuminate\\Foundation\\Http\\Kernel->{closure:Illuminate\\Foundation\\Http\\Kernel::dispatchToRouter():197}(Object(Illuminate\\Http\\Request))
#31 /Users/pauliyaji/Herd/powerhouse/vendor/laravel/framework/src/Illuminate/Foundation/Http/Middleware/TransformsRequest.php(21): Illuminate\\Pipeline\\Pipeline->{closure:Illuminate\\Pipeline\\Pipeline::prepareDestination():178}(Object(Illuminate\\Http\\Request))
#32 /Users/pauliyaji/Herd/powerhouse/vendor/laravel/framework/src/Illuminate/Foundation/Http/Middleware/ConvertEmptyStringsToNull.php(31): Illuminate\\Foundation\\Http\\Middleware\\TransformsRequest->handle(Object(Illuminate\\Http\\Request), Object(Closure))
#33 /Users/pauliyaji/Herd/powerhouse/vendor/laravel/framework/src/Illuminate/Pipeline/Pipeline.php(219): Illuminate\\Foundation\\Http\\Middleware\\ConvertEmptyStringsToNull->handle(Object(Illuminate\\Http\\Request), Object(Closure))
#34 /Users/pauliyaji/Herd/powerhouse/vendor/laravel/framework/src/Illuminate/Foundation/Http/Middleware/TransformsRequest.php(21): Illuminate\\Pipeline\\Pipeline->{closure:{closure:Illuminate\\Pipeline\\Pipeline::carry():194}:195}(Object(Illuminate\\Http\\Request))
#35 /Users/pauliyaji/Herd/powerhouse/vendor/laravel/framework/src/Illuminate/Foundation/Http/Middleware/TrimStrings.php(51): Illuminate\\Foundation\\Http\\Middleware\\TransformsRequest->handle(Object(Illuminate\\Http\\Request), Object(Closure))
#36 /Users/pauliyaji/Herd/powerhouse/vendor/laravel/framework/src/Illuminate/Pipeline/Pipeline.php(219): Illuminate\\Foundation\\Http\\Middleware\\TrimStrings->handle(Object(Illuminate\\Http\\Request), Object(Closure))
#37 /Users/pauliyaji/Herd/powerhouse/vendor/laravel/framework/src/Illuminate/Http/Middleware/ValidatePostSize.php(27): Illuminate\\Pipeline\\Pipeline->{closure:{closure:Illuminate\\Pipeline\\Pipeline::carry():194}:195}(Object(Illuminate\\Http\\Request))
#38 /Users/pauliyaji/Herd/powerhouse/vendor/laravel/framework/src/Illuminate/Pipeline/Pipeline.php(219): Illuminate\\Http\\Middleware\\ValidatePostSize->handle(Object(Illuminate\\Http\\Request), Object(Closure))
#39 /Users/pauliyaji/Herd/powerhouse/vendor/laravel/framework/src/Illuminate/Foundation/Http/Middleware/PreventRequestsDuringMaintenance.php(109): Illuminate\\Pipeline\\Pipeline->{closure:{closure:Illuminate\\Pipeline\\Pipeline::carry():194}:195}(Object(Illuminate\\Http\\Request))
#40 /Users/pauliyaji/Herd/powerhouse/vendor/laravel/framework/src/Illuminate/Pipeline/Pipeline.php(219): Illuminate\\Foundation\\Http\\Middleware\\PreventRequestsDuringMaintenance->handle(Object(Illuminate\\Http\\Request), Object(Closure))
#41 /Users/pauliyaji/Herd/powerhouse/vendor/laravel/framework/src/Illuminate/Http/Middleware/HandleCors.php(61): Illuminate\\Pipeline\\Pipeline->{closure:{closure:Illuminate\\Pipeline\\Pipeline::carry():194}:195}(Object(Illuminate\\Http\\Request))
#42 /Users/pauliyaji/Herd/powerhouse/vendor/laravel/framework/src/Illuminate/Pipeline/Pipeline.php(219): Illuminate\\Http\\Middleware\\HandleCors->handle(Object(Illuminate\\Http\\Request), Object(Closure))
#43 /Users/pauliyaji/Herd/powerhouse/vendor/laravel/framework/src/Illuminate/Http/Middleware/TrustProxies.php(58): Illuminate\\Pipeline\\Pipeline->{closure:{closure:Illuminate\\Pipeline\\Pipeline::carry():194}:195}(Object(Illuminate\\Http\\Request))
#44 /Users/pauliyaji/Herd/powerhouse/vendor/laravel/framework/src/Illuminate/Pipeline/Pipeline.php(219): Illuminate\\Http\\Middleware\\TrustProxies->handle(Object(Illuminate\\Http\\Request), Object(Closure))
#45 /Users/pauliyaji/Herd/powerhouse/vendor/laravel/framework/src/Illuminate/Foundation/Http/Middleware/InvokeDeferredCallbacks.php(22): Illuminate\\Pipeline\\Pipeline->{closure:{closure:Illuminate\\Pipeline\\Pipeline::carry():194}:195}(Object(Illuminate\\Http\\Request))
#46 /Users/pauliyaji/Herd/powerhouse/vendor/laravel/framework/src/Illuminate/Pipeline/Pipeline.php(219): Illuminate\\Foundation\\Http\\Middleware\\InvokeDeferredCallbacks->handle(Object(Illuminate\\Http\\Request), Object(Closure))
#47 /Users/pauliyaji/Herd/powerhouse/vendor/laravel/framework/src/Illuminate/Http/Middleware/ValidatePathEncoding.php(28): Illuminate\\Pipeline\\Pipeline->{closure:{closure:Illuminate\\Pipeline\\Pipeline::carry():194}:195}(Object(Illuminate\\Http\\Request))
#48 /Users/pauliyaji/Herd/powerhouse/vendor/laravel/framework/src/Illuminate/Pipeline/Pipeline.php(219): Illuminate\\Http\\Middleware\\ValidatePathEncoding->handle(Object(Illuminate\\Http\\Request), Object(Closure))
#49 /Users/pauliyaji/Herd/powerhouse/vendor/laravel/framework/src/Illuminate/Pipeline/Pipeline.php(137): Illuminate\\Pipeline\\Pipeline->{closure:{closure:Illuminate\\Pipeline\\Pipeline::carry():194}:195}(Object(Illuminate\\Http\\Request))
#50 /Users/pauliyaji/Herd/powerhouse/vendor/laravel/framework/src/Illuminate/Foundation/Http/Kernel.php(175): Illuminate\\Pipeline\\Pipeline->then(Object(Closure))
#51 /Users/pauliyaji/Herd/powerhouse/vendor/laravel/framework/src/Illuminate/Foundation/Http/Kernel.php(144): Illuminate\\Foundation\\Http\\Kernel->sendRequestThroughRouter(Object(Illuminate\\Http\\Request))
#52 /Users/pauliyaji/Herd/powerhouse/vendor/laravel/framework/src/Illuminate/Foundation/Testing/Concerns/MakesHttpRequests.php(607): Illuminate\\Foundation\\Http\\Kernel->handle(Object(Illuminate\\Http\\Request))
#53 /Users/pauliyaji/Herd/powerhouse/vendor/laravel/framework/src/Illuminate/Foundation/Testing/Concerns/MakesHttpRequests.php(368): Illuminate\\Foundation\\Testing\\TestCase->call('GET', '/', Array, Array, Array, Array)
#54 /Users/pauliyaji/Herd/powerhouse/tests/Feature/AuthTest.php(9): Illuminate\\Foundation\\Testing\\TestCase->get('/')
#55 /Users/pauliyaji/Herd/powerhouse/vendor/pestphp/pest/src/Factories/TestCaseMethodFactory.php(177): P\\Tests\\Feature\\AuthTest->{closure:/Users/pauliyaji/Herd/powerhouse/tests/Feature/AuthTest.php:8}()
#56 [internal function]: P\\Tests\\Feature\\AuthTest->{closure:Pest\\Factories\\TestCaseMethodFactory::getClosure():167}()
#57 /Users/pauliyaji/Herd/powerhouse/vendor/pestphp/pest/src/Concerns/Testable.php(576): call_user_func_array(Object(Closure), Array)
#58 /Users/pauliyaji/Herd/powerhouse/vendor/pestphp/pest/src/Support/ExceptionTrace.php(26): P\\Tests\\Feature\\AuthTest->{closure:Pest\\Concerns\\Testable::__callClosure():576}()
#59 /Users/pauliyaji/Herd/powerhouse/vendor/pestphp/pest/src/Concerns/Testable.php(576): Pest\\Support\\ExceptionTrace::ensure(Object(Closure))
#60 /Users/pauliyaji/Herd/powerhouse/vendor/pestphp/pest/src/Concerns/Testable.php(403): P\\Tests\\Feature\\AuthTest->__callClosure(Object(Closure), Array)
#61 /Users/pauliyaji/Herd/powerhouse/vendor/pestphp/pest/src/Factories/TestCaseFactory.php(175) : eval()'d code(17): P\\Tests\\Feature\\AuthTest->__runTest(Object(Closure))
#62 /Users/pauliyaji/Herd/powerhouse/vendor/phpunit/phpunit/src/Framework/TestCase.php(1310): P\\Tests\\Feature\\AuthTest->__pest_evaluable_it_shows_the_login_page_on__()
#63 /Users/pauliyaji/Herd/powerhouse/vendor/phpunit/phpunit/src/Framework/TestCase.php(1344): PHPUnit\\Framework\\TestCase->invokeTestMethod('__pest_evaluabl...', Array)
#64 /Users/pauliyaji/Herd/powerhouse/vendor/phpunit/phpunit/src/Framework/TestCase.php(520): PHPUnit\\Framework\\TestCase->runTest()
#65 /Users/pauliyaji/Herd/powerhouse/vendor/phpunit/phpunit/src/Framework/TestRunner/TestRunner.php(99): PHPUnit\\Framework\\TestCase->runBare()
#66 /Users/pauliyaji/Herd/powerhouse/vendor/phpunit/phpunit/src/Framework/TestCase.php(360): PHPUnit\\Framework\\TestRunner->run(Object(P\\Tests\\Feature\\AuthTest))
#67 /Users/pauliyaji/Herd/powerhouse/vendor/phpunit/phpunit/src/Framework/TestSuite.php(374): PHPUnit\\Framework\\TestCase->run()
#68 /Users/pauliyaji/Herd/powerhouse/vendor/phpunit/phpunit/src/TextUI/TestRunner.php(64): PHPUnit\\Framework\\TestSuite->run()
#69 /Users/pauliyaji/Herd/powerhouse/vendor/phpunit/phpunit/src/TextUI/Application.php(229): PHPUnit\\TextUI\\TestRunner->run(Object(PHPUnit\\TextUI\\Configuration\\Configuration), Object(PHPUnit\\Runner\\ResultCache\\DefaultResultCache), Object(PHPUnit\\Framework\\TestSuite))
#70 /Users/pauliyaji/Herd/powerhouse/vendor/pestphp/pest/src/Kernel.php(117): PHPUnit\\TextUI\\Application->run(Array)
#71 /Users/pauliyaji/Herd/powerhouse/vendor/pestphp/pest/bin/pest(207): Pest\\Kernel->handle(Array, Array)
#72 /Users/pauliyaji/Herd/powerhouse/vendor/pestphp/pest/bin/pest(215): {closure:/Users/pauliyaji/Herd/powerhouse/vendor/pestphp/pest/bin/pest:21}()
#73 {main}

[previous exception] [object] (Symfony\\Component\\Routing\\Exception\\RouteNotFoundException(code: 0): Route [password.request] not defined. at /Users/pauliyaji/Herd/powerhouse/vendor/laravel/framework/src/Illuminate/Routing/UrlGenerator.php:546)
[stacktrace]
#0 /Users/pauliyaji/Herd/powerhouse/vendor/laravel/framework/src/Illuminate/Foundation/helpers.php(870): Illuminate\\Routing\\UrlGenerator->route('password.reques...', Array, true)
#1 /Users/pauliyaji/Herd/powerhouse/storage/framework/views/c7bbdd514bf351dc91c2b9efd280be25.php(39): route('password.reques...')
#2 /Users/pauliyaji/Herd/powerhouse/vendor/laravel/framework/src/Illuminate/Filesystem/Filesystem.php(123): require('/Users/pauliyaj...')
#3 /Users/pauliyaji/Herd/powerhouse/vendor/laravel/framework/src/Illuminate/Filesystem/Filesystem.php(124): Illuminate\\Filesystem\\Filesystem::{closure:Illuminate\\Filesystem\\Filesystem::getRequire():120}()
#4 /Users/pauliyaji/Herd/powerhouse/vendor/laravel/framework/src/Illuminate/View/Engines/PhpEngine.php(57): Illuminate\\Filesystem\\Filesystem->getRequire('/Users/pauliyaj...', Array)
#5 /Users/pauliyaji/Herd/powerhouse/vendor/laravel/framework/src/Illuminate/View/Engines/CompilerEngine.php(76): Illuminate\\View\\Engines\\PhpEngine->evaluatePath('/Users/pauliyaj...', Array)
#6 /Users/pauliyaji/Herd/powerhouse/vendor/laravel/framework/src/Illuminate/View/View.php(208): Illuminate\\View\\Engines\\CompilerEngine->get('/Users/pauliyaj...', Array)
#7 /Users/pauliyaji/Herd/powerhouse/vendor/laravel/framework/src/Illuminate/View/View.php(191): Illuminate\\View\\View->getContents()
#8 /Users/pauliyaji/Herd/powerhouse/vendor/laravel/framework/src/Illuminate/View/View.php(160): Illuminate\\View\\View->renderContents()
#9 /Users/pauliyaji/Herd/powerhouse/vendor/laravel/framework/src/Illuminate/Http/Response.php(78): Illuminate\\View\\View->render()
#10 /Users/pauliyaji/Herd/powerhouse/vendor/laravel/framework/src/Illuminate/Http/Response.php(34): Illuminate\\Http\\Response->setContent(Object(Illuminate\\View\\View))
#11 /Users/pauliyaji/Herd/powerhouse/vendor/laravel/framework/src/Illuminate/Routing/Router.php(939): Illuminate\\Http\\Response->__construct(Object(Illuminate\\View\\View), 200, Array)
#12 /Users/pauliyaji/Herd/powerhouse/vendor/laravel/framework/src/Illuminate/Routing/Router.php(906): Illuminate\\Routing\\Router::toResponse(Object(Illuminate\\Http\\Request), Object(Illuminate\\View\\View))
#13 /Users/pauliyaji/Herd/powerhouse/vendor/laravel/framework/src/Illuminate/Routing/Router.php(821): Illuminate\\Routing\\Router->prepareResponse(Object(Illuminate\\Http\\Request), Object(Illuminate\\View\\View))
#14 /Users/pauliyaji/Herd/powerhouse/vendor/laravel/framework/src/Illuminate/Pipeline/Pipeline.php(180): Illuminate\\Routing\\Router->{closure:Illuminate\\Routing\\Router::runRouteWithinStack():821}(Object(Illuminate\\Http\\Request))
#15 /Users/pauliyaji/Herd/powerhouse/vendor/laravel/framework/src/Illuminate/Routing/Middleware/SubstituteBindings.php(52): Illuminate\\Pipeline\\Pipeline->{closure:Illuminate\\Pipeline\\Pipeline::prepareDestination():178}(Object(Illuminate\\Http\\Request))
#16 /Users/pauliyaji/Herd/powerhouse/vendor/laravel/framework/src/Illuminate/Pipeline/Pipeline.php(219): Illuminate\\Routing\\Middleware\\SubstituteBindings->handle(Object(Illuminate\\Http\\Request), Object(Closure))
#17 /Users/pauliyaji/Herd/powerhouse/vendor/laravel/framework/src/Illuminate/Foundation/Testing/Concerns/MakesHttpRequests.php(202): Illuminate\\Pipeline\\Pipeline->{closure:{closure:Illuminate\\Pipeline\\Pipeline::carry():194}:195}(Object(Illuminate\\Http\\Request))
#18 /Users/pauliyaji/Herd/powerhouse/vendor/laravel/framework/src/Illuminate/Pipeline/Pipeline.php(219): class@anonymous->handle(Object(Illuminate\\Http\\Request), Object(Closure))
#19 /Users/pauliyaji/Herd/powerhouse/vendor/laravel/framework/src/Illuminate/View/Middleware/ShareErrorsFromSession.php(48): Illuminate\\Pipeline\\Pipeline->{closure:{closure:Illuminate\\Pipeline\\Pipeline::carry():194}:195}(Object(Illuminate\\Http\\Request))
#20 /Users/pauliyaji/Herd/powerhouse/vendor/laravel/framework/src/Illuminate/Pipeline/Pipeline.php(219): Illuminate\\View\\Middleware\\ShareErrorsFromSession->handle(Object(Illuminate\\Http\\Request), Object(Closure))
#21 /Users/pauliyaji/Herd/powerhouse/vendor/laravel/framework/src/Illuminate/Session/Middleware/StartSession.php(120): Illuminate\\Pipeline\\Pipeline->{closure:{closure:Illuminate\\Pipeline\\Pipeline::carry():194}:195}(Object(Illuminate\\Http\\Request))
#22 /Users/pauliyaji/Herd/powerhouse/vendor/laravel/framework/src/Illuminate/Session/Middleware/StartSession.php(63): Illuminate\\Session\\Middleware\\StartSession->handleStatefulRequest(Object(Illuminate\\Http\\Request), Object(Illuminate\\Session\\Store), Object(Closure))
#23 /Users/pauliyaji/Herd/powerhouse/vendor/laravel/framework/src/Illuminate/Pipeline/Pipeline.php(219): Illuminate\\Session\\Middleware\\StartSession->handle(Object(Illuminate\\Http\\Request), Object(Closure))
#24 /Users/pauliyaji/Herd/powerhouse/vendor/laravel/framework/src/Illuminate/Cookie/Middleware/AddQueuedCookiesToResponse.php(36): Illuminate\\Pipeline\\Pipeline->{closure:{closure:Illuminate\\Pipeline\\Pipeline::carry():194}:195}(Object(Illuminate\\Http\\Request))
#25 /Users/pauliyaji/Herd/powerhouse/vendor/laravel/framework/src/Illuminate/Pipeline/Pipeline.php(219): Illuminate\\Cookie\\Middleware\\AddQueuedCookiesToResponse->handle(Object(Illuminate\\Http\\Request), Object(Closure))
#26 /Users/pauliyaji/Herd/powerhouse/vendor/laravel/framework/src/Illuminate/Cookie/Middleware/EncryptCookies.php(74): Illuminate\\Pipeline\\Pipeline->{closure:{closure:Illuminate\\Pipeline\\Pipeline::carry():194}:195}(Object(Illuminate\\Http\\Request))
#27 /Users/pauliyaji/Herd/powerhouse/vendor/laravel/framework/src/Illuminate/Pipeline/Pipeline.php(219): Illuminate\\Cookie\\Middleware\\EncryptCookies->handle(Object(Illuminate\\Http\\Request), Object(Closure))
#28 /Users/pauliyaji/Herd/powerhouse/vendor/laravel/framework/src/Illuminate/Pipeline/Pipeline.php(137): Illuminate\\Pipeline\\Pipeline->{closure:{closure:Illuminate\\Pipeline\\Pipeline::carry():194}:195}(Object(Illuminate\\Http\\Request))
#29 /Users/pauliyaji/Herd/powerhouse/vendor/laravel/framework/src/Illuminate/Routing/Router.php(821): Illuminate\\Pipeline\\Pipeline->then(Object(Closure))
#30 /Users/pauliyaji/Herd/powerhouse/vendor/laravel/framework/src/Illuminate/Routing/Router.php(800): Illuminate\\Routing\\Router->runRouteWithinStack(Object(Illuminate\\Routing\\Route), Object(Illuminate\\Http\\Request))
#31 /Users/pauliyaji/Herd/powerhouse/vendor/laravel/framework/src/Illuminate/Routing/Router.php(764): Illuminate\\Routing\\Router->runRoute(Object(Illuminate\\Http\\Request), Object(Illuminate\\Routing\\Route))
#32 /Users/pauliyaji/Herd/powerhouse/vendor/laravel/framework/src/Illuminate/Routing/Router.php(753): Illuminate\\Routing\\Router->dispatchToRoute(Object(Illuminate\\Http\\Request))
#33 /Users/pauliyaji/Herd/powerhouse/vendor/laravel/framework/src/Illuminate/Foundation/Http/Kernel.php(200): Illuminate\\Routing\\Router->dispatch(Object(Illuminate\\Http\\Request))
#34 /Users/pauliyaji/Herd/powerhouse/vendor/laravel/framework/src/Illuminate/Pipeline/Pipeline.php(180): Illuminate\\Foundation\\Http\\Kernel->{closure:Illuminate\\Foundation\\Http\\Kernel::dispatchToRouter():197}(Object(Illuminate\\Http\\Request))
#35 /Users/pauliyaji/Herd/powerhouse/vendor/laravel/framework/src/Illuminate/Foundation/Http/Middleware/TransformsRequest.php(21): Illuminate\\Pipeline\\Pipeline->{closure:Illuminate\\Pipeline\\Pipeline::prepareDestination():178}(Object(Illuminate\\Http\\Request))
#36 /Users/pauliyaji/Herd/powerhouse/vendor/laravel/framework/src/Illuminate/Foundation/Http/Middleware/ConvertEmptyStringsToNull.php(31): Illuminate\\Foundation\\Http\\Middleware\\TransformsRequest->handle(Object(Illuminate\\Http\\Request), Object(Closure))
#37 /Users/pauliyaji/Herd/powerhouse/vendor/laravel/framework/src/Illuminate/Pipeline/Pipeline.php(219): Illuminate\\Foundation\\Http\\Middleware\\ConvertEmptyStringsToNull->handle(Object(Illuminate\\Http\\Request), Object(Closure))
#38 /Users/pauliyaji/Herd/powerhouse/vendor/laravel/framework/src/Illuminate/Foundation/Http/Middleware/TransformsRequest.php(21): Illuminate\\Pipeline\\Pipeline->{closure:{closure:Illuminate\\Pipeline\\Pipeline::carry():194}:195}(Object(Illuminate\\Http\\Request))
#39 /Users/pauliyaji/Herd/powerhouse/vendor/laravel/framework/src/Illuminate/Foundation/Http/Middleware/TrimStrings.php(51): Illuminate\\Foundation\\Http\\Middleware\\TransformsRequest->handle(Object(Illuminate\\Http\\Request), Object(Closure))
#40 /Users/pauliyaji/Herd/powerhouse/vendor/laravel/framework/src/Illuminate/Pipeline/Pipeline.php(219): Illuminate\\Foundation\\Http\\Middleware\\TrimStrings->handle(Object(Illuminate\\Http\\Request), Object(Closure))
#41 /Users/pauliyaji/Herd/powerhouse/vendor/laravel/framework/src/Illuminate/Http/Middleware/ValidatePostSize.php(27): Illuminate\\Pipeline\\Pipeline->{closure:{closure:Illuminate\\Pipeline\\Pipeline::carry():194}:195}(Object(Illuminate\\Http\\Request))
#42 /Users/pauliyaji/Herd/powerhouse/vendor/laravel/framework/src/Illuminate/Pipeline/Pipeline.php(219): Illuminate\\Http\\Middleware\\ValidatePostSize->handle(Object(Illuminate\\Http\\Request), Object(Closure))
#43 /Users/pauliyaji/Herd/powerhouse/vendor/laravel/framework/src/Illuminate/Foundation/Http/Middleware/PreventRequestsDuringMaintenance.php(109): Illuminate\\Pipeline\\Pipeline->{closure:{closure:Illuminate\\Pipeline\\Pipeline::carry():194}:195}(Object(Illuminate\\Http\\Request))
#44 /Users/pauliyaji/Herd/powerhouse/vendor/laravel/framework/src/Illuminate/Pipeline/Pipeline.php(219): Illuminate\\Foundation\\Http\\Middleware\\PreventRequestsDuringMaintenance->handle(Object(Illuminate\\Http\\Request), Object(Closure))
#45 /Users/pauliyaji/Herd/powerhouse/vendor/laravel/framework/src/Illuminate/Http/Middleware/HandleCors.php(61): Illuminate\\Pipeline\\Pipeline->{closure:{closure:Illuminate\\Pipeline\\Pipeline::carry():194}:195}(Object(Illuminate\\Http\\Request))
#46 /Users/pauliyaji/Herd/powerhouse/vendor/laravel/framework/src/Illuminate/Pipeline/Pipeline.php(219): Illuminate\\Http\\Middleware\\HandleCors->handle(Object(Illuminate\\Http\\Request), Object(Closure))
#47 /Users/pauliyaji/Herd/powerhouse/vendor/laravel/framework/src/Illuminate/Http/Middleware/TrustProxies.php(58): Illuminate\\Pipeline\\Pipeline->{closure:{closure:Illuminate\\Pipeline\\Pipeline::carry():194}:195}(Object(Illuminate\\Http\\Request))
#48 /Users/pauliyaji/Herd/powerhouse/vendor/laravel/framework/src/Illuminate/Pipeline/Pipeline.php(219): Illuminate\\Http\\Middleware\\TrustProxies->handle(Object(Illuminate\\Http\\Request), Object(Closure))
#49 /Users/pauliyaji/Herd/powerhouse/vendor/laravel/framework/src/Illuminate/Foundation/Http/Middleware/InvokeDeferredCallbacks.php(22): Illuminate\\Pipeline\\Pipeline->{closure:{closure:Illuminate\\Pipeline\\Pipeline::carry():194}:195}(Object(Illuminate\\Http\\Request))
#50 /Users/pauliyaji/Herd/powerhouse/vendor/laravel/framework/src/Illuminate/Pipeline/Pipeline.php(219): Illuminate\\Foundation\\Http\\Middleware\\InvokeDeferredCallbacks->handle(Object(Illuminate\\Http\\Request), Object(Closure))
#51 /Users/pauliyaji/Herd/powerhouse/vendor/laravel/framework/src/Illuminate/Http/Middleware/ValidatePathEncoding.php(28): Illuminate\\Pipeline\\Pipeline->{closure:{closure:Illuminate\\Pipeline\\Pipeline::carry():194}:195}(Object(Illuminate\\Http\\Request))
#52 /Users/pauliyaji/Herd/powerhouse/vendor/laravel/framework/src/Illuminate/Pipeline/Pipeline.php(219): Illuminate\\Http\\Middleware\\ValidatePathEncoding->handle(Object(Illuminate\\Http\\Request), Object(Closure))
#53 /Users/pauliyaji/Herd/powerhouse/vendor/laravel/framework/src/Illuminate/Pipeline/Pipeline.php(137): Illuminate\\Pipeline\\Pipeline->{closure:{closure:Illuminate\\Pipeline\\Pipeline::carry():194}:195}(Object(Illuminate\\Http\\Request))
#54 /Users/pauliyaji/Herd/powerhouse/vendor/laravel/framework/src/Illuminate/Foundation/Http/Kernel.php(175): Illuminate\\Pipeline\\Pipeline->then(Object(Closure))
#55 /Users/pauliyaji/Herd/powerhouse/vendor/laravel/framework/src/Illuminate/Foundation/Http/Kernel.php(144): Illuminate\\Foundation\\Http\\Kernel->sendRequestThroughRouter(Object(Illuminate\\Http\\Request))
#56 /Users/pauliyaji/Herd/powerhouse/vendor/laravel/framework/src/Illuminate/Foundation/Testing/Concerns/MakesHttpRequests.php(607): Illuminate\\Foundation\\Http\\Kernel->handle(Object(Illuminate\\Http\\Request))
#57 /Users/pauliyaji/Herd/powerhouse/vendor/laravel/framework/src/Illuminate/Foundation/Testing/Concerns/MakesHttpRequests.php(368): Illuminate\\Foundation\\Testing\\TestCase->call('GET', '/', Array, Array, Array, Array)
#58 /Users/pauliyaji/Herd/powerhouse/tests/Feature/AuthTest.php(9): Illuminate\\Foundation\\Testing\\TestCase->get('/')
#59 /Users/pauliyaji/Herd/powerhouse/vendor/pestphp/pest/src/Factories/TestCaseMethodFactory.php(177): P\\Tests\\Feature\\AuthTest->{closure:/Users/pauliyaji/Herd/powerhouse/tests/Feature/AuthTest.php:8}()
#60 [internal function]: P\\Tests\\Feature\\AuthTest->{closure:Pest\\Factories\\TestCaseMethodFactory::getClosure():167}()
#61 /Users/pauliyaji/Herd/powerhouse/vendor/pestphp/pest/src/Concerns/Testable.php(576): call_user_func_array(Object(Closure), Array)
#62 /Users/pauliyaji/Herd/powerhouse/vendor/pestphp/pest/src/Support/ExceptionTrace.php(26): P\\Tests\\Feature\\AuthTest->{closure:Pest\\Concerns\\Testable::__callClosure():576}()
#63 /Users/pauliyaji/Herd/powerhouse/vendor/pestphp/pest/src/Concerns/Testable.php(576): Pest\\Support\\ExceptionTrace::ensure(Object(Closure))
#64 /Users/pauliyaji/Herd/powerhouse/vendor/pestphp/pest/src/Concerns/Testable.php(403): P\\Tests\\Feature\\AuthTest->__callClosure(Object(Closure), Array)
#65 /Users/pauliyaji/Herd/powerhouse/vendor/pestphp/pest/src/Factories/TestCaseFactory.php(175) : eval()'d code(17): P\\Tests\\Feature\\AuthTest->__runTest(Object(Closure))
#66 /Users/pauliyaji/Herd/powerhouse/vendor/phpunit/phpunit/src/Framework/TestCase.php(1310): P\\Tests\\Feature\\AuthTest->__pest_evaluable_it_shows_the_login_page_on__()
#67 /Users/pauliyaji/Herd/powerhouse/vendor/phpunit/phpunit/src/Framework/TestCase.php(1344): PHPUnit\\Framework\\TestCase->invokeTestMethod('__pest_evaluabl...', Array)
#68 /Users/pauliyaji/Herd/powerhouse/vendor/phpunit/phpunit/src/Framework/TestCase.php(520): PHPUnit\\Framework\\TestCase->runTest()
#69 /Users/pauliyaji/Herd/powerhouse/vendor/phpunit/phpunit/src/Framework/TestRunner/TestRunner.php(99): PHPUnit\\Framework\\TestCase->runBare()
#70 /Users/pauliyaji/Herd/powerhouse/vendor/phpunit/phpunit/src/Framework/TestCase.php(360): PHPUnit\\Framework\\TestRunner->run(Object(P\\Tests\\Feature\\AuthTest))
#71 /Users/pauliyaji/Herd/powerhouse/vendor/phpunit/phpunit/src/Framework/TestSuite.php(374): PHPUnit\\Framework\\TestCase->run()
#72 /Users/pauliyaji/Herd/powerhouse/vendor/phpunit/phpunit/src/TextUI/TestRunner.php(64): PHPUnit\\Framework\\TestSuite->run()
#73 /Users/pauliyaji/Herd/powerhouse/vendor/phpunit/phpunit/src/TextUI/Application.php(229): PHPUnit\\TextUI\\TestRunner->run(Object(PHPUnit\\TextUI\\Configuration\\Configuration), Object(PHPUnit\\Runner\\ResultCache\\DefaultResultCache), Object(PHPUnit\\Framework\\TestSuite))
#74 /Users/pauliyaji/Herd/powerhouse/vendor/pestphp/pest/src/Kernel.php(117): PHPUnit\\TextUI\\Application->run(Array)
#75 /Users/pauliyaji/Herd/powerhouse/vendor/pestphp/pest/bin/pest(207): Pest\\Kernel->handle(Array, Array)
#76 /Users/pauliyaji/Herd/powerhouse/vendor/pestphp/pest/bin/pest(215): {closure:/Users/pauliyaji/Herd/powerhouse/vendor/pestphp/pest/bin/pest:21}()
#77 {main}
"} 
[2026-05-13 06:11:59] local.ERROR: PDF compression failed {"error":"Unable to find PDF file header."} 
[2026-05-13 19:53:59] local.ERROR: Route [pdf.upload.camera] not defined. (View: /Users/pauliyaji/Herd/powerhouse/resources/views/pdf/index.blade.php) {"userId":1,"exception":"[object] (Illuminate\\View\\ViewException(code: 0): Route [pdf.upload.camera] not defined. (View: /Users/pauliyaji/Herd/powerhouse/resources/views/pdf/index.blade.php) at /Users/pauliyaji/Herd/powerhouse/vendor/laravel/framework/src/Illuminate/Routing/UrlGenerator.php:546)
[stacktrace]
#0 /Users/pauliyaji/Herd/powerhouse/vendor/laravel/framework/src/Illuminate/View/Engines/PhpEngine.php(59): Illuminate\\View\\Engines\\CompilerEngine->handleViewException(Object(Symfony\\Component\\Routing\\Exception\\RouteNotFoundException), 2)
#1 /Users/pauliyaji/Herd/powerhouse/vendor/laravel/framework/src/Illuminate/View/Engines/CompilerEngine.php(76): Illuminate\\View\\Engines\\PhpEngine->evaluatePath('/Users/pauliyaj...', Array)
#2 /Users/pauliyaji/Herd/powerhouse/vendor/laravel/framework/src/Illuminate/View/View.php(208): Illuminate\\View\\Engines\\CompilerEngine->get('/Users/pauliyaj...', Array)
#3 /Users/pauliyaji/Herd/powerhouse/vendor/laravel/framework/src/Illuminate/View/View.php(191): Illuminate\\View\\View->getContents()
#4 /Users/pauliyaji/Herd/powerhouse/vendor/laravel/framework/src/Illuminate/View/View.php(160): Illuminate\\View\\View->renderContents()
#5 /Users/pauliyaji/Herd/powerhouse/vendor/laravel/framework/src/Illuminate/Http/Response.php(78): Illuminate\\View\\View->render()
#6 /Users/pauliyaji/Herd/powerhouse/vendor/laravel/framework/src/Illuminate/Http/Response.php(34): Illuminate\\Http\\Response->setContent(Object(Illuminate\\View\\View))
#7 /Users/pauliyaji/Herd/powerhouse/vendor/laravel/framework/src/Illuminate/Routing/Router.php(939): Illuminate\\Http\\Response->__construct(Object(Illuminate\\View\\View), 200, Array)
#8 /Users/pauliyaji/Herd/powerhouse/vendor/laravel/framework/src/Illuminate/Routing/Router.php(906): Illuminate\\Routing\\Router::toResponse(Object(Illuminate\\Http\\Request), Object(Illuminate\\View\\View))
#9 /Users/pauliyaji/Herd/powerhouse/vendor/laravel/framework/src/Illuminate/Routing/Router.php(821): Illuminate\\Routing\\Router->prepareResponse(Object(Illuminate\\Http\\Request), Object(Illuminate\\View\\View))
#10 /Users/pauliyaji/Herd/powerhouse/vendor/laravel/framework/src/Illuminate/Pipeline/Pipeline.php(180): Illuminate\\Routing\\Router->{closure:Illuminate\\Routing\\Router::runRouteWithinStack():821}(Object(Illuminate\\Http\\Request))
#11 /Users/pauliyaji/Herd/powerhouse/vendor/laravel/framework/src/Illuminate/Routing/Middleware/SubstituteBindings.php(52): Illuminate\\Pipeline\\Pipeline->{closure:Illuminate\\Pipeline\\Pipeline::prepareDestination():178}(Object(Illuminate\\Http\\Request))
#12 /Users/pauliyaji/Herd/powerhouse/vendor/laravel/framework/src/Illuminate/Pipeline/Pipeline.php(219): Illuminate\\Routing\\Middleware\\SubstituteBindings->handle(Object(Illuminate\\Http\\Request), Object(Closure))
#13 /Users/pauliyaji/Herd/powerhouse/vendor/laravel/framework/src/Illuminate/Auth/Middleware/Authenticate.php(63): Illuminate\\Pipeline\\Pipeline->{closure:{closure:Illuminate\\Pipeline\\Pipeline::carry():194}:195}(Object(Illuminate\\Http\\Request))
#14 /Users/pauliyaji/Herd/powerhouse/vendor/laravel/framework/src/Illuminate/Pipeline/Pipeline.php(219): Illuminate\\Auth\\Middleware\\Authenticate->handle(Object(Illuminate\\Http\\Request), Object(Closure))
#15 /Users/pauliyaji/Herd/powerhouse/vendor/laravel/framework/src/Illuminate/Foundation/Testing/Concerns/MakesHttpRequests.php(202): Illuminate\\Pipeline\\Pipeline->{closure:{closure:Illuminate\\Pipeline\\Pipeline::carry():194}:195}(Object(Illuminate\\Http\\Request))
#16 /Users/pauliyaji/Herd/powerhouse/vendor/laravel/framework/src/Illuminate/Pipeline/Pipeline.php(219): class@anonymous->handle(Object(Illuminate\\Http\\Request), Object(Closure))
#17 /Users/pauliyaji/Herd/powerhouse/vendor/laravel/framework/src/Illuminate/View/Middleware/ShareErrorsFromSession.php(48): Illuminate\\Pipeline\\Pipeline->{closure:{closure:Illuminate\\Pipeline\\Pipeline::carry():194}:195}(Object(Illuminate\\Http\\Request))
#18 /Users/pauliyaji/Herd/powerhouse/vendor/laravel/framework/src/Illuminate/Pipeline/Pipeline.php(219): Illuminate\\View\\Middleware\\ShareErrorsFromSession->handle(Object(Illuminate\\Http\\Request), Object(Closure))
#19 /Users/pauliyaji/Herd/powerhouse/vendor/laravel/framework/src/Illuminate/Session/Middleware/StartSession.php(120): Illuminate\\Pipeline\\Pipeline->{closure:{closure:Illuminate\\Pipeline\\Pipeline::carry():194}:195}(Object(Illuminate\\Http\\Request))
#20 /Users/pauliyaji/Herd/powerhouse/vendor/laravel/framework/src/Illuminate/Session/Middleware/StartSession.php(63): Illuminate\\Session\\Middleware\\StartSession->handleStatefulRequest(Object(Illuminate\\Http\\Request), Object(Illuminate\\Session\\Store), Object(Closure))
#21 /Users/pauliyaji/Herd/powerhouse/vendor/laravel/framework/src/Illuminate/Pipeline/Pipeline.php(219): Illuminate\\Session\\Middleware\\StartSession->handle(Object(Illuminate\\Http\\Request), Object(Closure))
#22 /Users/pauliyaji/Herd/powerhouse/vendor/laravel/framework/src/Illuminate/Cookie/Middleware/AddQueuedCookiesToResponse.php(36): Illuminate\\Pipeline\\Pipeline->{closure:{closure:Illuminate\\Pipeline\\Pipeline::carry():194}:195}(Object(Illuminate\\Http\\Request))
#23 /Users/pauliyaji/Herd/powerhouse/vendor/laravel/framework/src/Illuminate/Pipeline/Pipeline.php(219): Illuminate\\Cookie\\Middleware\\AddQueuedCookiesToResponse->handle(Object(Illuminate\\Http\\Request), Object(Closure))
#24 /Users/pauliyaji/Herd/powerhouse/vendor/laravel/framework/src/Illuminate/Cookie/Middleware/EncryptCookies.php(74): Illuminate\\Pipeline\\Pipeline->{closure:{closure:Illuminate\\Pipeline\\Pipeline::carry():194}:195}(Object(Illuminate\\Http\\Request))
#25 /Users/pauliyaji/Herd/powerhouse/vendor/laravel/framework/src/Illuminate/Pipeline/Pipeline.php(219): Illuminate\\Cookie\\Middleware\\EncryptCookies->handle(Object(Illuminate\\Http\\Request), Object(Closure))
#26 /Users/pauliyaji/Herd/powerhouse/vendor/laravel/framework/src/Illuminate/Pipeline/Pipeline.php(137): Illuminate\\Pipeline\\Pipeline->{closure:{closure:Illuminate\\Pipeline\\Pipeline::carry():194}:195}(Object(Illuminate\\Http\\Request))
#27 /Users/pauliyaji/Herd/powerhouse/vendor/laravel/framework/src/Illuminate/Routing/Router.php(821): Illuminate\\Pipeline\\Pipeline->then(Object(Closure))
#28 /Users/pauliyaji/Herd/powerhouse/vendor/laravel/framework/src/Illuminate/Routing/Router.php(800): Illuminate\\Routing\\Router->runRouteWithinStack(Object(Illuminate\\Routing\\Route), Object(Illuminate\\Http\\Request))
#29 /Users/pauliyaji/Herd/powerhouse/vendor/laravel/framework/src/Illuminate/Routing/Router.php(764): Illuminate\\Routing\\Router->runRoute(Object(Illuminate\\Http\\Request), Object(Illuminate\\Routing\\Route))
#30 /Users/pauliyaji/Herd/powerhouse/vendor/laravel/framework/src/Illuminate/Routing/Router.php(753): Illuminate\\Routing\\Router->dispatchToRoute(Object(Illuminate\\Http\\Request))
#31 /Users/pauliyaji/Herd/powerhouse/vendor/laravel/framework/src/Illuminate/Foundation/Http/Kernel.php(200): Illuminate\\Routing\\Router->dispatch(Object(Illuminate\\Http\\Request))
#32 /Users/pauliyaji/Herd/powerhouse/vendor/laravel/framework/src/Illuminate/Pipeline/Pipeline.php(180): Illuminate\\Foundation\\Http\\Kernel->{closure:Illuminate\\Foundation\\Http\\Kernel::dispatchToRouter():197}(Object(Illuminate\\Http\\Request))
#33 /Users/pauliyaji/Herd/powerhouse/vendor/laravel/framework/src/Illuminate/Foundation/Http/Middleware/TransformsRequest.php(21): Illuminate\\Pipeline\\Pipeline->{closure:Illuminate\\Pipeline\\Pipeline::prepareDestination():178}(Object(Illuminate\\Http\\Request))
#34 /Users/pauliyaji/Herd/powerhouse/vendor/laravel/framework/src/Illuminate/Foundation/Http/Middleware/ConvertEmptyStringsToNull.php(31): Illuminate\\Foundation\\Http\\Middleware\\TransformsRequest->handle(Object(Illuminate\\Http\\Request), Object(Closure))
#35 /Users/pauliyaji/Herd/powerhouse/vendor/laravel/framework/src/Illuminate/Pipeline/Pipeline.php(219): Illuminate\\Foundation\\Http\\Middleware\\ConvertEmptyStringsToNull->handle(Object(Illuminate\\Http\\Request), Object(Closure))
#36 /Users/pauliyaji/Herd/powerhouse/vendor/laravel/framework/src/Illuminate/Foundation/Http/Middleware/TransformsRequest.php(21): Illuminate\\Pipeline\\Pipeline->{closure:{closure:Illuminate\\Pipeline\\Pipeline::carry():194}:195}(Object(Illuminate\\Http\\Request))
#37 /Users/pauliyaji/Herd/powerhouse/vendor/laravel/framework/src/Illuminate/Foundation/Http/Middleware/TrimStrings.php(51): Illuminate\\Foundation\\Http\\Middleware\\TransformsRequest->handle(Object(Illuminate\\Http\\Request), Object(Closure))
#38 /Users/pauliyaji/Herd/powerhouse/vendor/laravel/framework/src/Illuminate/Pipeline/Pipeline.php(219): Illuminate\\Foundation\\Http\\Middleware\\TrimStrings->handle(Object(Illuminate\\Http\\Request), Object(Closure))
#39 /Users/pauliyaji/Herd/powerhouse/vendor/laravel/framework/src/Illuminate/Http/Middleware/ValidatePostSize.php(27): Illuminate\\Pipeline\\Pipeline->{closure:{closure:Illuminate\\Pipeline\\Pipeline::carry():194}:195}(Object(Illuminate\\Http\\Request))
#40 /Users/pauliyaji/Herd/powerhouse/vendor/laravel/framework/src/Illuminate/Pipeline/Pipeline.php(219): Illuminate\\Http\\Middleware\\ValidatePostSize->handle(Object(Illuminate\\Http\\Request), Object(Closure))
#41 /Users/pauliyaji/Herd/powerhouse/vendor/laravel/framework/src/Illuminate/Foundation/Http/Middleware/PreventRequestsDuringMaintenance.php(109): Illuminate\\Pipeline\\Pipeline->{closure:{closure:Illuminate\\Pipeline\\Pipeline::carry():194}:195}(Object(Illuminate\\Http\\Request))
#42 /Users/pauliyaji/Herd/powerhouse/vendor/laravel/framework/src/Illuminate/Pipeline/Pipeline.php(219): Illuminate\\Foundation\\Http\\Middleware\\PreventRequestsDuringMaintenance->handle(Object(Illuminate\\Http\\Request), Object(Closure))
#43 /Users/pauliyaji/Herd/powerhouse/vendor/laravel/framework/src/Illuminate/Http/Middleware/HandleCors.php(61): Illuminate\\Pipeline\\Pipeline->{closure:{closure:Illuminate\\Pipeline\\Pipeline::carry():194}:195}(Object(Illuminate\\Http\\Request))
#44 /Users/pauliyaji/Herd/powerhouse/vendor/laravel/framework/src/Illuminate/Pipeline/Pipeline.php(219): Illuminate\\Http\\Middleware\\HandleCors->handle(Object(Illuminate\\Http\\Request), Object(Closure))
#45 /Users/pauliyaji/Herd/powerhouse/vendor/laravel/framework/src/Illuminate/Http/Middleware/TrustProxies.php(58): Illuminate\\Pipeline\\Pipeline->{closure:{closure:Illuminate\\Pipeline\\Pipeline::carry():194}:195}(Object(Illuminate\\Http\\Request))
#46 /Users/pauliyaji/Herd/powerhouse/vendor/laravel/framework/src/Illuminate/Pipeline/Pipeline.php(219): Illuminate\\Http\\Middleware\\TrustProxies->handle(Object(Illuminate\\Http\\Request), Object(Closure))
#47 /Users/pauliyaji/Herd/powerhouse/vendor/laravel/framework/src/Illuminate/Foundation/Http/Middleware/InvokeDeferredCallbacks.php(22): Illuminate\\Pipeline\\Pipeline->{closure:{closure:Illuminate\\Pipeline\\Pipeline::carry():194}:195}(Object(Illuminate\\Http\\Request))
#48 /Users/pauliyaji/Herd/powerhouse/vendor/laravel/framework/src/Illuminate/Pipeline/Pipeline.php(219): Illuminate\\Foundation\\Http\\Middleware\\InvokeDeferredCallbacks->handle(Object(Illuminate\\Http\\Request), Object(Closure))
#49 /Users/pauliyaji/Herd/powerhouse/vendor/laravel/framework/src/Illuminate/Http/Middleware/ValidatePathEncoding.php(28): Illuminate\\Pipeline\\Pipeline->{closure:{closure:Illuminate\\Pipeline\\Pipeline::carry():194}:195}(Object(Illuminate\\Http\\Request))
#50 /Users/pauliyaji/Herd/powerhouse/vendor/laravel/framework/src/Illuminate/Pipeline/Pipeline.php(219): Illuminate\\Http\\Middleware\\ValidatePathEncoding->handle(Object(Illuminate\\Http\\Request), Object(Closure))
#51 /Users/pauliyaji/Herd/powerhouse/vendor/laravel/framework/src/Illuminate/Pipeline/Pipeline.php(137): Illuminate\\Pipeline\\Pipeline->{closure:{closure:Illuminate\\Pipeline\\Pipeline::carry():194}:195}(Object(Illuminate\\Http\\Request))
#52 /Users/pauliyaji/Herd/powerhouse/vendor/laravel/framework/src/Illuminate/Foundation/Http/Kernel.php(175): Illuminate\\Pipeline\\Pipeline->then(Object(Closure))
#53 /Users/pauliyaji/Herd/powerhouse/vendor/laravel/framework/src/Illuminate/Foundation/Http/Kernel.php(144): Illuminate\\Foundation\\Http\\Kernel->sendRequestThroughRouter(Object(Illuminate\\Http\\Request))
#54 /Users/pauliyaji/Herd/powerhouse/vendor/laravel/framework/src/Illuminate/Foundation/Testing/Concerns/MakesHttpRequests.php(607): Illuminate\\Foundation\\Http\\Kernel->handle(Object(Illuminate\\Http\\Request))
#55 /Users/pauliyaji/Herd/powerhouse/vendor/laravel/framework/src/Illuminate/Foundation/Testing/Concerns/MakesHttpRequests.php(368): Illuminate\\Foundation\\Testing\\TestCase->call('GET', 'http://powerhou...', Array, Array, Array, Array)
#56 /Users/pauliyaji/Herd/powerhouse/tests/Feature/PdfLibraryTest.php(19): Illuminate\\Foundation\\Testing\\TestCase->get('http://powerhou...')
#57 /Users/pauliyaji/Herd/powerhouse/vendor/pestphp/pest/src/Factories/TestCaseMethodFactory.php(177): P\\Tests\\Feature\\PdfLibraryTest->{closure:/Users/pauliyaji/Herd/powerhouse/tests/Feature/PdfLibraryTest.php:13}()
#58 [internal function]: P\\Tests\\Feature\\PdfLibraryTest->{closure:Pest\\Factories\\TestCaseMethodFactory::getClosure():167}()
#59 /Users/pauliyaji/Herd/powerhouse/vendor/pestphp/pest/src/Concerns/Testable.php(576): call_user_func_array(Object(Closure), Array)
#60 /Users/pauliyaji/Herd/powerhouse/vendor/pestphp/pest/src/Support/ExceptionTrace.php(26): P\\Tests\\Feature\\PdfLibraryTest->{closure:Pest\\Concerns\\Testable::__callClosure():576}()
#61 /Users/pauliyaji/Herd/powerhouse/vendor/pestphp/pest/src/Concerns/Testable.php(576): Pest\\Support\\ExceptionTrace::ensure(Object(Closure))
#62 /Users/pauliyaji/Herd/powerhouse/vendor/pestphp/pest/src/Concerns/Testable.php(403): P\\Tests\\Feature\\PdfLibraryTest->__callClosure(Object(Closure), Array)
#63 /Users/pauliyaji/Herd/powerhouse/vendor/pestphp/pest/src/Factories/TestCaseFactory.php(175) : eval()'d code(17): P\\Tests\\Feature\\PdfLibraryTest->__runTest(Object(Closure))
#64 /Users/pauliyaji/Herd/powerhouse/vendor/phpunit/phpunit/src/Framework/TestCase.php(1310): P\\Tests\\Feature\\PdfLibraryTest->__pest_evaluable_it_lists_only_the_current_user_s_documents()
#65 /Users/pauliyaji/Herd/powerhouse/vendor/phpunit/phpunit/src/Framework/TestCase.php(1344): PHPUnit\\Framework\\TestCase->invokeTestMethod('__pest_evaluabl...', Array)
#66 /Users/pauliyaji/Herd/powerhouse/vendor/phpunit/phpunit/src/Framework/TestCase.php(520): PHPUnit\\Framework\\TestCase->runTest()
#67 /Users/pauliyaji/Herd/powerhouse/vendor/phpunit/phpunit/src/Framework/TestRunner/TestRunner.php(99): PHPUnit\\Framework\\TestCase->runBare()
#68 /Users/pauliyaji/Herd/powerhouse/vendor/phpunit/phpunit/src/Framework/TestCase.php(360): PHPUnit\\Framework\\TestRunner->run(Object(P\\Tests\\Feature\\PdfLibraryTest))
#69 /Users/pauliyaji/Herd/powerhouse/vendor/phpunit/phpunit/src/Framework/TestSuite.php(374): PHPUnit\\Framework\\TestCase->run()
#70 /Users/pauliyaji/Herd/powerhouse/vendor/phpunit/phpunit/src/Framework/TestSuite.php(374): PHPUnit\\Framework\\TestSuite->run()
#71 /Users/pauliyaji/Herd/powerhouse/vendor/phpunit/phpunit/src/TextUI/TestRunner.php(64): PHPUnit\\Framework\\TestSuite->run()
#72 /Users/pauliyaji/Herd/powerhouse/vendor/phpunit/phpunit/src/TextUI/Application.php(229): PHPUnit\\TextUI\\TestRunner->run(Object(PHPUnit\\TextUI\\Configuration\\Configuration), Object(PHPUnit\\Runner\\ResultCache\\DefaultResultCache), Object(PHPUnit\\Framework\\TestSuite))
#73 /Users/pauliyaji/Herd/powerhouse/vendor/pestphp/pest/src/Kernel.php(117): PHPUnit\\TextUI\\Application->run(Array)
#74 /Users/pauliyaji/Herd/powerhouse/vendor/pestphp/pest/bin/pest(207): Pest\\Kernel->handle(Array, Array)
#75 /Users/pauliyaji/Herd/powerhouse/vendor/pestphp/pest/bin/pest(215): {closure:/Users/pauliyaji/Herd/powerhouse/vendor/pestphp/pest/bin/pest:21}()
#76 {main}

[previous exception] [object] (Symfony\\Component\\Routing\\Exception\\RouteNotFoundException(code: 0): Route [pdf.upload.camera] not defined. at /Users/pauliyaji/Herd/powerhouse/vendor/laravel/framework/src/Illuminate/Routing/UrlGenerator.php:546)
[stacktrace]
#0 /Users/pauliyaji/Herd/powerhouse/vendor/laravel/framework/src/Illuminate/Foundation/helpers.php(870): Illuminate\\Routing\\UrlGenerator->route('pdf.upload.came...', Array, true)
#1 /Users/pauliyaji/Herd/powerhouse/storage/framework/views/5fce928f14a49ec642d7ece950cc523c.php(121): route('pdf.upload.came...')
#2 /Users/pauliyaji/Herd/powerhouse/vendor/laravel/framework/src/Illuminate/Filesystem/Filesystem.php(123): require('/Users/pauliyaj...')
#3 /Users/pauliyaji/Herd/powerhouse/vendor/laravel/framework/src/Illuminate/Filesystem/Filesystem.php(124): Illuminate\\Filesystem\\Filesystem::{closure:Illuminate\\Filesystem\\Filesystem::getRequire():120}()
#4 /Users/pauliyaji/Herd/powerhouse/vendor/laravel/framework/src/Illuminate/View/Engines/PhpEngine.php(57): Illuminate\\Filesystem\\Filesystem->getRequire('/Users/pauliyaj...', Array)
#5 /Users/pauliyaji/Herd/powerhouse/vendor/laravel/framework/src/Illuminate/View/Engines/CompilerEngine.php(76): Illuminate\\View\\Engines\\PhpEngine->evaluatePath('/Users/pauliyaj...', Array)
#6 /Users/pauliyaji/Herd/powerhouse/vendor/laravel/framework/src/Illuminate/View/View.php(208): Illuminate\\View\\Engines\\CompilerEngine->get('/Users/pauliyaj...', Array)
#7 /Users/pauliyaji/Herd/powerhouse/vendor/laravel/framework/src/Illuminate/View/View.php(191): Illuminate\\View\\View->getContents()
#8 /Users/pauliyaji/Herd/powerhouse/vendor/laravel/framework/src/Illuminate/View/View.php(160): Illuminate\\View\\View->renderContents()
#9 /Users/pauliyaji/Herd/powerhouse/vendor/laravel/framework/src/Illuminate/Http/Response.php(78): Illuminate\\View\\View->render()
#10 /Users/pauliyaji/Herd/powerhouse/vendor/laravel/framework/src/Illuminate/Http/Response.php(34): Illuminate\\Http\\Response->setContent(Object(Illuminate\\View\\View))
#11 /Users/pauliyaji/Herd/powerhouse/vendor/laravel/framework/src/Illuminate/Routing/Router.php(939): Illuminate\\Http\\Response->__construct(Object(Illuminate\\View\\View), 200, Array)
#12 /Users/pauliyaji/Herd/powerhouse/vendor/laravel/framework/src/Illuminate/Routing/Router.php(906): Illuminate\\Routing\\Router::toResponse(Object(Illuminate\\Http\\Request), Object(Illuminate\\View\\View))
#13 /Users/pauliyaji/Herd/powerhouse/vendor/laravel/framework/src/Illuminate/Routing/Router.php(821): Illuminate\\Routing\\Router->prepareResponse(Object(Illuminate\\Http\\Request), Object(Illuminate\\View\\View))
#14 /Users/pauliyaji/Herd/powerhouse/vendor/laravel/framework/src/Illuminate/Pipeline/Pipeline.php(180): Illuminate\\Routing\\Router->{closure:Illuminate\\Routing\\Router::runRouteWithinStack():821}(Object(Illuminate\\Http\\Request))
#15 /Users/pauliyaji/Herd/powerhouse/vendor/laravel/framework/src/Illuminate/Routing/Middleware/SubstituteBindings.php(52): Illuminate\\Pipeline\\Pipeline->{closure:Illuminate\\Pipeline\\Pipeline::prepareDestination():178}(Object(Illuminate\\Http\\Request))
#16 /Users/pauliyaji/Herd/powerhouse/vendor/laravel/framework/src/Illuminate/Pipeline/Pipeline.php(219): Illuminate\\Routing\\Middleware\\SubstituteBindings->handle(Object(Illuminate\\Http\\Request), Object(Closure))
#17 /Users/pauliyaji/Herd/powerhouse/vendor/laravel/framework/src/Illuminate/Auth/Middleware/Authenticate.php(63): Illuminate\\Pipeline\\Pipeline->{closure:{closure:Illuminate\\Pipeline\\Pipeline::carry():194}:195}(Object(Illuminate\\Http\\Request))
#18 /Users/pauliyaji/Herd/powerhouse/vendor/laravel/framework/src/Illuminate/Pipeline/Pipeline.php(219): Illuminate\\Auth\\Middleware\\Authenticate->handle(Object(Illuminate\\Http\\Request), Object(Closure))
#19 /Users/pauliyaji/Herd/powerhouse/vendor/laravel/framework/src/Illuminate/Foundation/Testing/Concerns/MakesHttpRequests.php(202): Illuminate\\Pipeline\\Pipeline->{closure:{closure:Illuminate\\Pipeline\\Pipeline::carry():194}:195}(Object(Illuminate\\Http\\Request))
#20 /Users/pauliyaji/Herd/powerhouse/vendor/laravel/framework/src/Illuminate/Pipeline/Pipeline.php(219): class@anonymous->handle(Object(Illuminate\\Http\\Request), Object(Closure))
#21 /Users/pauliyaji/Herd/powerhouse/vendor/laravel/framework/src/Illuminate/View/Middleware/ShareErrorsFromSession.php(48): Illuminate\\Pipeline\\Pipeline->{closure:{closure:Illuminate\\Pipeline\\Pipeline::carry():194}:195}(Object(Illuminate\\Http\\Request))
#22 /Users/pauliyaji/Herd/powerhouse/vendor/laravel/framework/src/Illuminate/Pipeline/Pipeline.php(219): Illuminate\\View\\Middleware\\ShareErrorsFromSession->handle(Object(Illuminate\\Http\\Request), Object(Closure))
#23 /Users/pauliyaji/Herd/powerhouse/vendor/laravel/framework/src/Illuminate/Session/Middleware/StartSession.php(120): Illuminate\\Pipeline\\Pipeline->{closure:{closure:Illuminate\\Pipeline\\Pipeline::carry():194}:195}(Object(Illuminate\\Http\\Request))
#24 /Users/pauliyaji/Herd/powerhouse/vendor/laravel/framework/src/Illuminate/Session/Middleware/StartSession.php(63): Illuminate\\Session\\Middleware\\StartSession->handleStatefulRequest(Object(Illuminate\\Http\\Request), Object(Illuminate\\Session\\Store), Object(Closure))
#25 /Users/pauliyaji/Herd/powerhouse/vendor/laravel/framework/src/Illuminate/Pipeline/Pipeline.php(219): Illuminate\\Session\\Middleware\\StartSession->handle(Object(Illuminate\\Http\\Request), Object(Closure))
#26 /Users/pauliyaji/Herd/powerhouse/vendor/laravel/framework/src/Illuminate/Cookie/Middleware/AddQueuedCookiesToResponse.php(36): Illuminate\\Pipeline\\Pipeline->{closure:{closure:Illuminate\\Pipeline\\Pipeline::carry():194}:195}(Object(Illuminate\\Http\\Request))
#27 /Users/pauliyaji/Herd/powerhouse/vendor/laravel/framework/src/Illuminate/Pipeline/Pipeline.php(219): Illuminate\\Cookie\\Middleware\\AddQueuedCookiesToResponse->handle(Object(Illuminate\\Http\\Request), Object(Closure))
#28 /Users/pauliyaji/Herd/powerhouse/vendor/laravel/framework/src/Illuminate/Cookie/Middleware/EncryptCookies.php(74): Illuminate\\Pipeline\\Pipeline->{closure:{closure:Illuminate\\Pipeline\\Pipeline::carry():194}:195}(Object(Illuminate\\Http\\Request))
#29 /Users/pauliyaji/Herd/powerhouse/vendor/laravel/framework/src/Illuminate/Pipeline/Pipeline.php(219): Illuminate\\Cookie\\Middleware\\EncryptCookies->handle(Object(Illuminate\\Http\\Request), Object(Closure))
#30 /Users/pauliyaji/Herd/powerhouse/vendor/laravel/framework/src/Illuminate/Pipeline/Pipeline.php(137): Illuminate\\Pipeline\\Pipeline->{closure:{closure:Illuminate\\Pipeline\\Pipeline::carry():194}:195}(Object(Illuminate\\Http\\Request))
#31 /Users/pauliyaji/Herd/powerhouse/vendor/laravel/framework/src/Illuminate/Routing/Router.php(821): Illuminate\\Pipeline\\Pipeline->then(Object(Closure))
#32 /Users/pauliyaji/Herd/powerhouse/vendor/laravel/framework/src/Illuminate/Routing/Router.php(800): Illuminate\\Routing\\Router->runRouteWithinStack(Object(Illuminate\\Routing\\Route), Object(Illuminate\\Http\\Request))
#33 /Users/pauliyaji/Herd/powerhouse/vendor/laravel/framework/src/Illuminate/Routing/Router.php(764): Illuminate\\Routing\\Router->runRoute(Object(Illuminate\\Http\\Request), Object(Illuminate\\Routing\\Route))
#34 /Users/pauliyaji/Herd/powerhouse/vendor/laravel/framework/src/Illuminate/Routing/Router.php(753): Illuminate\\Routing\\Router->dispatchToRoute(Object(Illuminate\\Http\\Request))
#35 /Users/pauliyaji/Herd/powerhouse/vendor/laravel/framework/src/Illuminate/Foundation/Http/Kernel.php(200): Illuminate\\Routing\\Router->dispatch(Object(Illuminate\\Http\\Request))
#36 /Users/pauliyaji/Herd/powerhouse/vendor/laravel/framework/src/Illuminate/Pipeline/Pipeline.php(180): Illuminate\\Foundation\\Http\\Kernel->{closure:Illuminate\\Foundation\\Http\\Kernel::dispatchToRouter():197}(Object(Illuminate\\Http\\Request))
#37 /Users/pauliyaji/Herd/powerhouse/vendor/laravel/framework/src/Illuminate/Foundation/Http/Middleware/TransformsRequest.php(21): Illuminate\\Pipeline\\Pipeline->{closure:Illuminate\\Pipeline\\Pipeline::prepareDestination():178}(Object(Illuminate\\Http\\Request))
#38 /Users/pauliyaji/Herd/powerhouse/vendor/laravel/framework/src/Illuminate/Foundation/Http/Middleware/ConvertEmptyStringsToNull.php(31): Illuminate\\Foundation\\Http\\Middleware\\TransformsRequest->handle(Object(Illuminate\\Http\\Request), Object(Closure))
#39 /Users/pauliyaji/Herd/powerhouse/vendor/laravel/framework/src/Illuminate/Pipeline/Pipeline.php(219): Illuminate\\Foundation\\Http\\Middleware\\ConvertEmptyStringsToNull->handle(Object(Illuminate\\Http\\Request), Object(Closure))
#40 /Users/pauliyaji/Herd/powerhouse/vendor/laravel/framework/src/Illuminate/Foundation/Http/Middleware/TransformsRequest.php(21): Illuminate\\Pipeline\\Pipeline->{closure:{closure:Illuminate\\Pipeline\\Pipeline::carry():194}:195}(Object(Illuminate\\Http\\Request))
#41 /Users/pauliyaji/Herd/powerhouse/vendor/laravel/framework/src/Illuminate/Foundation/Http/Middleware/TrimStrings.php(51): Illuminate\\Foundation\\Http\\Middleware\\TransformsRequest->handle(Object(Illuminate\\Http\\Request), Object(Closure))
#42 /Users/pauliyaji/Herd/powerhouse/vendor/laravel/framework/src/Illuminate/Pipeline/Pipeline.php(219): Illuminate\\Foundation\\Http\\Middleware\\TrimStrings->handle(Object(Illuminate\\Http\\Request), Object(Closure))
#43 /Users/pauliyaji/Herd/powerhouse/vendor/laravel/framework/src/Illuminate/Http/Middleware/ValidatePostSize.php(27): Illuminate\\Pipeline\\Pipeline->{closure:{closure:Illuminate\\Pipeline\\Pipeline::carry():194}:195}(Object(Illuminate\\Http\\Request))
#44 /Users/pauliyaji/Herd/powerhouse/vendor/laravel/framework/src/Illuminate/Pipeline/Pipeline.php(219): Illuminate\\Http\\Middleware\\ValidatePostSize->handle(Object(Illuminate\\Http\\Request), Object(Closure))
#45 /Users/pauliyaji/Herd/powerhouse/vendor/laravel/framework/src/Illuminate/Foundation/Http/Middleware/PreventRequestsDuringMaintenance.php(109): Illuminate\\Pipeline\\Pipeline->{closure:{closure:Illuminate\\Pipeline\\Pipeline::carry():194}:195}(Object(Illuminate\\Http\\Request))
#46 /Users/pauliyaji/Herd/powerhouse/vendor/laravel/framework/src/Illuminate/Pipeline/Pipeline.php(219): Illuminate\\Foundation\\Http\\Middleware\\PreventRequestsDuringMaintenance->handle(Object(Illuminate\\Http\\Request), Object(Closure))
#47 /Users/pauliyaji/Herd/powerhouse/vendor/laravel/framework/src/Illuminate/Http/Middleware/HandleCors.php(61): Illuminate\\Pipeline\\Pipeline->{closure:{closure:Illuminate\\Pipeline\\Pipeline::carry():194}:195}(Object(Illuminate\\Http\\Request))
#48 /Users/pauliyaji/Herd/powerhouse/vendor/laravel/framework/src/Illuminate/Pipeline/Pipeline.php(219): Illuminate\\Http\\Middleware\\HandleCors->handle(Object(Illuminate\\Http\\Request), Object(Closure))
#49 /Users/pauliyaji/Herd/powerhouse/vendor/laravel/framework/src/Illuminate/Http/Middleware/TrustProxies.php(58): Illuminate\\Pipeline\\Pipeline->{closure:{closure:Illuminate\\Pipeline\\Pipeline::carry():194}:195}(Object(Illuminate\\Http\\Request))
#50 /Users/pauliyaji/Herd/powerhouse/vendor/laravel/framework/src/Illuminate/Pipeline/Pipeline.php(219): Illuminate\\Http\\Middleware\\TrustProxies->handle(Object(Illuminate\\Http\\Request), Object(Closure))
#51 /Users/pauliyaji/Herd/powerhouse/vendor/laravel/framework/src/Illuminate/Foundation/Http/Middleware/InvokeDeferredCallbacks.php(22): Illuminate\\Pipeline\\Pipeline->{closure:{closure:Illuminate\\Pipeline\\Pipeline::carry():194}:195}(Object(Illuminate\\Http\\Request))
#52 /Users/pauliyaji/Herd/powerhouse/vendor/laravel/framework/src/Illuminate/Pipeline/Pipeline.php(219): Illuminate\\Foundation\\Http\\Middleware\\InvokeDeferredCallbacks->handle(Object(Illuminate\\Http\\Request), Object(Closure))
#53 /Users/pauliyaji/Herd/powerhouse/vendor/laravel/framework/src/Illuminate/Http/Middleware/ValidatePathEncoding.php(28): Illuminate\\Pipeline\\Pipeline->{closure:{closure:Illuminate\\Pipeline\\Pipeline::carry():194}:195}(Object(Illuminate\\Http\\Request))
#54 /Users/pauliyaji/Herd/powerhouse/vendor/laravel/framework/src/Illuminate/Pipeline/Pipeline.php(219): Illuminate\\Http\\Middleware\\ValidatePathEncoding->handle(Object(Illuminate\\Http\\Request), Object(Closure))
#55 /Users/pauliyaji/Herd/powerhouse/vendor/laravel/framework/src/Illuminate/Pipeline/Pipeline.php(137): Illuminate\\Pipeline\\Pipeline->{closure:{closure:Illuminate\\Pipeline\\Pipeline::carry():194}:195}(Object(Illuminate\\Http\\Request))
#56 /Users/pauliyaji/Herd/powerhouse/vendor/laravel/framework/src/Illuminate/Foundation/Http/Kernel.php(175): Illuminate\\Pipeline\\Pipeline->then(Object(Closure))
#57 /Users/pauliyaji/Herd/powerhouse/vendor/laravel/framework/src/Illuminate/Foundation/Http/Kernel.php(144): Illuminate\\Foundation\\Http\\Kernel->sendRequestThroughRouter(Object(Illuminate\\Http\\Request))
#58 /Users/pauliyaji/Herd/powerhouse/vendor/laravel/framework/src/Illuminate/Foundation/Testing/Concerns/MakesHttpRequests.php(607): Illuminate\\Foundation\\Http\\Kernel->handle(Object(Illuminate\\Http\\Request))
#59 /Users/pauliyaji/Herd/powerhouse/vendor/laravel/framework/src/Illuminate/Foundation/Testing/Concerns/MakesHttpRequests.php(368): Illuminate\\Foundation\\Testing\\TestCase->call('GET', 'http://powerhou...', Array, Array, Array, Array)
#60 /Users/pauliyaji/Herd/powerhouse/tests/Feature/PdfLibraryTest.php(19): Illuminate\\Foundation\\Testing\\TestCase->get('http://powerhou...')
#61 /Users/pauliyaji/Herd/powerhouse/vendor/pestphp/pest/src/Factories/TestCaseMethodFactory.php(177): P\\Tests\\Feature\\PdfLibraryTest->{closure:/Users/pauliyaji/Herd/powerhouse/tests/Feature/PdfLibraryTest.php:13}()
#62 [internal function]: P\\Tests\\Feature\\PdfLibraryTest->{closure:Pest\\Factories\\TestCaseMethodFactory::getClosure():167}()
#63 /Users/pauliyaji/Herd/powerhouse/vendor/pestphp/pest/src/Concerns/Testable.php(576): call_user_func_array(Object(Closure), Array)
#64 /Users/pauliyaji/Herd/powerhouse/vendor/pestphp/pest/src/Support/ExceptionTrace.php(26): P\\Tests\\Feature\\PdfLibraryTest->{closure:Pest\\Concerns\\Testable::__callClosure():576}()
#65 /Users/pauliyaji/Herd/powerhouse/vendor/pestphp/pest/src/Concerns/Testable.php(576): Pest\\Support\\ExceptionTrace::ensure(Object(Closure))
#66 /Users/pauliyaji/Herd/powerhouse/vendor/pestphp/pest/src/Concerns/Testable.php(403): P\\Tests\\Feature\\PdfLibraryTest->__callClosure(Object(Closure), Array)
#67 /Users/pauliyaji/Herd/powerhouse/vendor/pestphp/pest/src/Factories/TestCaseFactory.php(175) : eval()'d code(17): P\\Tests\\Feature\\PdfLibraryTest->__runTest(Object(Closure))
#68 /Users/pauliyaji/Herd/powerhouse/vendor/phpunit/phpunit/src/Framework/TestCase.php(1310): P\\Tests\\Feature\\PdfLibraryTest->__pest_evaluable_it_lists_only_the_current_user_s_documents()
#69 /Users/pauliyaji/Herd/powerhouse/vendor/phpunit/phpunit/src/Framework/TestCase.php(1344): PHPUnit\\Framework\\TestCase->invokeTestMethod('__pest_evaluabl...', Array)
#70 /Users/pauliyaji/Herd/powerhouse/vendor/phpunit/phpunit/src/Framework/TestCase.php(520): PHPUnit\\Framework\\TestCase->runTest()
#71 /Users/pauliyaji/Herd/powerhouse/vendor/phpunit/phpunit/src/Framework/TestRunner/TestRunner.php(99): PHPUnit\\Framework\\TestCase->runBare()
#72 /Users/pauliyaji/Herd/powerhouse/vendor/phpunit/phpunit/src/Framework/TestCase.php(360): PHPUnit\\Framework\\TestRunner->run(Object(P\\Tests\\Feature\\PdfLibraryTest))
#73 /Users/pauliyaji/Herd/powerhouse/vendor/phpunit/phpunit/src/Framework/TestSuite.php(374): PHPUnit\\Framework\\TestCase->run()
#74 /Users/pauliyaji/Herd/powerhouse/vendor/phpunit/phpunit/src/Framework/TestSuite.php(374): PHPUnit\\Framework\\TestSuite->run()
#75 /Users/pauliyaji/Herd/powerhouse/vendor/phpunit/phpunit/src/TextUI/TestRunner.php(64): PHPUnit\\Framework\\TestSuite->run()
#76 /Users/pauliyaji/Herd/powerhouse/vendor/phpunit/phpunit/src/TextUI/Application.php(229): PHPUnit\\TextUI\\TestRunner->run(Object(PHPUnit\\TextUI\\Configuration\\Configuration), Object(PHPUnit\\Runner\\ResultCache\\DefaultResultCache), Object(PHPUnit\\Framework\\TestSuite))
#77 /Users/pauliyaji/Herd/powerhouse/vendor/pestphp/pest/src/Kernel.php(117): PHPUnit\\TextUI\\Application->run(Array)
#78 /Users/pauliyaji/Herd/powerhouse/vendor/pestphp/pest/bin/pest(207): Pest\\Kernel->handle(Array, Array)
#79 /Users/pauliyaji/Herd/powerhouse/vendor/pestphp/pest/bin/pest(215): {closure:/Users/pauliyaji/Herd/powerhouse/vendor/pestphp/pest/bin/pest:21}()
#80 {main}
"} 
[2026-05-13 19:54:19] local.ERROR: PDF compression failed {"error":"Unable to find PDF file header."} 
[2026-05-25 09:36:54] local.ERROR: Uncaught InvalidArgumentException: Please provide a valid cache path. in /Users/pauliyaji/Herd/powerhouse/vendor/laravel/framework/src/Illuminate/View/Compilers/Compiler.php:75
Stack trace:
#0 /Users/pauliyaji/Herd/powerhouse/vendor/laravel/framework/src/Illuminate/View/ViewServiceProvider.php(97): Illuminate\View\Compilers\Compiler->__construct(Object(Illuminate\Filesystem\Filesystem), false, '', true, 'php', true)
#1 /Users/pauliyaji/Herd/powerhouse/vendor/laravel/framework/src/Illuminate/Container/Container.php(1118): Illuminate\View\ViewServiceProvider->{closure:Illuminate\View\ViewServiceProvider::registerBladeCompiler():96}(Object(Illuminate\Foundation\Application), Array)
#2 /Users/pauliyaji/Herd/powerhouse/vendor/laravel/framework/src/Illuminate/Container/Container.php(936): Illuminate\Container\Container->build(Object(Closure))
#3 /Users/pauliyaji/Herd/powerhouse/vendor/laravel/framework/src/Illuminate/Foundation/Application.php(1078): Illuminate\Container\Container->resolve('blade.compiler', Array, true)
#4 /Users/pauliyaji/Herd/powerhouse/vendor/laravel/framework/src/Illuminate/Container/Container.php(864): Illuminate\Foundation\Application->resolve('blade.compiler', Array)
#5 /Users/pauliyaji/Herd/powerhouse/vendor/laravel/framework/src/Illuminate/Foundation/Application.php(1058): Illuminate\Container\Container->make('blade.compiler', Array)
#6 /Users/pauliyaji/Herd/powerhouse/vendor/laravel/framework/src/Illuminate/Foundation/helpers.php(138): Illuminate\Foundation\Application->make('blade.compiler', Array)
#7 Command line code(1): app('Illuminate\\View...')
#8 {main}
  thrown {"exception":"[object] (Symfony\\Component\\ErrorHandler\\Error\\FatalError(code: 0): Uncaught InvalidArgumentException: Please provide a valid cache path. in /Users/pauliyaji/Herd/powerhouse/vendor/laravel/framework/src/Illuminate/View/Compilers/Compiler.php:75
Stack trace:
#0 /Users/pauliyaji/Herd/powerhouse/vendor/laravel/framework/src/Illuminate/View/ViewServiceProvider.php(97): Illuminate\\View\\Compilers\\Compiler->__construct(Object(Illuminate\\Filesystem\\Filesystem), false, '', true, 'php', true)
#1 /Users/pauliyaji/Herd/powerhouse/vendor/laravel/framework/src/Illuminate/Container/Container.php(1118): Illuminate\\View\\ViewServiceProvider->{closure:Illuminate\\View\\ViewServiceProvider::registerBladeCompiler():96}(Object(Illuminate\\Foundation\\Application), Array)
#2 /Users/pauliyaji/Herd/powerhouse/vendor/laravel/framework/src/Illuminate/Container/Container.php(936): Illuminate\\Container\\Container->build(Object(Closure))
#3 /Users/pauliyaji/Herd/powerhouse/vendor/laravel/framework/src/Illuminate/Foundation/Application.php(1078): Illuminate\\Container\\Container->resolve('blade.compiler', Array, true)
#4 /Users/pauliyaji/Herd/powerhouse/vendor/laravel/framework/src/Illuminate/Container/Container.php(864): Illuminate\\Foundation\\Application->resolve('blade.compiler', Array)
#5 /Users/pauliyaji/Herd/powerhouse/vendor/laravel/framework/src/Illuminate/Foundation/Application.php(1058): Illuminate\\Container\\Container->make('blade.compiler', Array)
#6 /Users/pauliyaji/Herd/powerhouse/vendor/laravel/framework/src/Illuminate/Foundation/helpers.php(138): Illuminate\\Foundation\\Application->make('blade.compiler', Array)
#7 Command line code(1): app('Illuminate\\\\View...')
#8 {main}
  thrown at /Users/pauliyaji/Herd/powerhouse/vendor/laravel/framework/src/Illuminate/View/Compilers/Compiler.php:75)
[stacktrace]
#0 {main}
"} 
[2026-05-25 09:46:54] local.ERROR: Uncaught InvalidArgumentException: Please provide a valid cache path. in /Users/pauliyaji/Herd/powerhouse/vendor/laravel/framework/src/Illuminate/View/Compilers/Compiler.php:75
Stack trace:
#0 /Users/pauliyaji/Herd/powerhouse/vendor/laravel/framework/src/Illuminate/View/ViewServiceProvider.php(97): Illuminate\View\Compilers\Compiler->__construct(Object(Illuminate\Filesystem\Filesystem), false, '', true, 'php', true)
#1 /Users/pauliyaji/Herd/powerhouse/vendor/laravel/framework/src/Illuminate/Container/Container.php(1118): Illuminate\View\ViewServiceProvider->{closure:Illuminate\View\ViewServiceProvider::registerBladeCompiler():96}(Object(Illuminate\Foundation\Application), Array)
#2 /Users/pauliyaji/Herd/powerhouse/vendor/laravel/framework/src/Illuminate/Container/Container.php(936): Illuminate\Container\Container->build(Object(Closure))
#3 /Users/pauliyaji/Herd/powerhouse/vendor/laravel/framework/src/Illuminate/Foundation/Application.php(1078): Illuminate\Container\Container->resolve('blade.compiler', Array, true)
#4 /Users/pauliyaji/Herd/powerhouse/vendor/laravel/framework/src/Illuminate/Container/Container.php(864): Illuminate\Foundation\Application->resolve('blade.compiler', Array)
#5 /Users/pauliyaji/Herd/powerhouse/vendor/laravel/framework/src/Illuminate/Foundation/Application.php(1058): Illuminate\Container\Container->make('blade.compiler', Array)
#6 /Users/pauliyaji/Herd/powerhouse/vendor/laravel/framework/src/Illuminate/Foundation/helpers.php(138): Illuminate\Foundation\Application->make('blade.compiler', Array)
#7 Command line code(1): app('Illuminate\\View...')
#8 {main}
  thrown {"exception":"[object] (Symfony\\Component\\ErrorHandler\\Error\\FatalError(code: 0): Uncaught InvalidArgumentException: Please provide a valid cache path. in /Users/pauliyaji/Herd/powerhouse/vendor/laravel/framework/src/Illuminate/View/Compilers/Compiler.php:75
Stack trace:
#0 /Users/pauliyaji/Herd/powerhouse/vendor/laravel/framework/src/Illuminate/View/ViewServiceProvider.php(97): Illuminate\\View\\Compilers\\Compiler->__construct(Object(Illuminate\\Filesystem\\Filesystem), false, '', true, 'php', true)
#1 /Users/pauliyaji/Herd/powerhouse/vendor/laravel/framework/src/Illuminate/Container/Container.php(1118): Illuminate\\View\\ViewServiceProvider->{closure:Illuminate\\View\\ViewServiceProvider::registerBladeCompiler():96}(Object(Illuminate\\Foundation\\Application), Array)
#2 /Users/pauliyaji/Herd/powerhouse/vendor/laravel/framework/src/Illuminate/Container/Container.php(936): Illuminate\\Container\\Container->build(Object(Closure))
#3 /Users/pauliyaji/Herd/powerhouse/vendor/laravel/framework/src/Illuminate/Foundation/Application.php(1078): Illuminate\\Container\\Container->resolve('blade.compiler', Array, true)
#4 /Users/pauliyaji/Herd/powerhouse/vendor/laravel/framework/src/Illuminate/Container/Container.php(864): Illuminate\\Foundation\\Application->resolve('blade.compiler', Array)
#5 /Users/pauliyaji/Herd/powerhouse/vendor/laravel/framework/src/Illuminate/Foundation/Application.php(1058): Illuminate\\Container\\Container->make('blade.compiler', Array)
#6 /Users/pauliyaji/Herd/powerhouse/vendor/laravel/framework/src/Illuminate/Foundation/helpers.php(138): Illuminate\\Foundation\\Application->make('blade.compiler', Array)
#7 Command line code(1): app('Illuminate\\\\View...')
#8 {main}
  thrown at /Users/pauliyaji/Herd/powerhouse/vendor/laravel/framework/src/Illuminate/View/Compilers/Compiler.php:75)
[stacktrace]
#0 {main}
"} 
[2026-05-25 09:56:54] production.ERROR: Uncaught InvalidArgumentException: Please provide a valid cache path. in /Users/pauliyaji/Herd/powerhouse/vendor/laravel/framework/src/Illuminate/View/Compilers/Compiler.php:75
Stack trace:
#0 /Users/pauliyaji/Herd/powerhouse/vendor/laravel/framework/src/Illuminate/View/ViewServiceProvider.php(97): Illuminate\View\Compilers\Compiler->__construct(Object(Illuminate\Filesystem\Filesystem), false, '', true, 'php', true)
#1 /Users/pauliyaji/Herd/powerhouse/vendor/laravel/framework/src/Illuminate/Container/Container.php(1118): Illuminate\View\ViewServiceProvider->{closure:Illuminate\View\ViewServiceProvider::registerBladeCompiler():96}(Object(Illuminate\Foundation\Application), Array)
#2 /Users/pauliyaji/Herd/powerhouse/vendor/laravel/framework/src/Illuminate/Container/Container.php(936): Illuminate\Container\Container->build(Object(Closure))
#3 /Users/pauliyaji/Herd/powerhouse/vendor/laravel/framework/src/Illuminate/Foundation/Application.php(1078): Illuminate\Container\Container->resolve('blade.compiler', Array, true)
#4 /Users/pauliyaji/Herd/powerhouse/vendor/laravel/framework/src/Illuminate/Container/Container.php(864): Illuminate\Foundation\Application->resolve('blade.compiler', Array)
#5 /Users/pauliyaji/Herd/powerhouse/vendor/laravel/framework/src/Illuminate/Foundation/Application.php(1058): Illuminate\Container\Container->make('blade.compiler', Array)
#6 /Users/pauliyaji/Herd/powerhouse/vendor/laravel/framework/src/Illuminate/Foundation/helpers.php(138): Illuminate\Foundation\Application->make('blade.compiler', Array)
#7 Command line code(1): app('Illuminate\\View...')
#8 {main}
  thrown {"exception":"[object] (Symfony\\Component\\ErrorHandler\\Error\\FatalError(code: 0): Uncaught InvalidArgumentException: Please provide a valid cache path. in /Users/pauliyaji/Herd/powerhouse/vendor/laravel/framework/src/Illuminate/View/Compilers/Compiler.php:75
Stack trace:
#0 /Users/pauliyaji/Herd/powerhouse/vendor/laravel/framework/src/Illuminate/View/ViewServiceProvider.php(97): Illuminate\\View\\Compilers\\Compiler->__construct(Object(Illuminate\\Filesystem\\Filesystem), false, '', true, 'php', true)
#1 /Users/pauliyaji/Herd/powerhouse/vendor/laravel/framework/src/Illuminate/Container/Container.php(1118): Illuminate\\View\\ViewServiceProvider->{closure:Illuminate\\View\\ViewServiceProvider::registerBladeCompiler():96}(Object(Illuminate\\Foundation\\Application), Array)
#2 /Users/pauliyaji/Herd/powerhouse/vendor/laravel/framework/src/Illuminate/Container/Container.php(936): Illuminate\\Container\\Container->build(Object(Closure))
#3 /Users/pauliyaji/Herd/powerhouse/vendor/laravel/framework/src/Illuminate/Foundation/Application.php(1078): Illuminate\\Container\\Container->resolve('blade.compiler', Array, true)
#4 /Users/pauliyaji/Herd/powerhouse/vendor/laravel/framework/src/Illuminate/Container/Container.php(864): Illuminate\\Foundation\\Application->resolve('blade.compiler', Array)
#5 /Users/pauliyaji/Herd/powerhouse/vendor/laravel/framework/src/Illuminate/Foundation/Application.php(1058): Illuminate\\Container\\Container->make('blade.compiler', Array)
#6 /Users/pauliyaji/Herd/powerhouse/vendor/laravel/framework/src/Illuminate/Foundation/helpers.php(138): Illuminate\\Foundation\\Application->make('blade.compiler', Array)
#7 Command line code(1): app('Illuminate\\\\View...')
#8 {main}
  thrown at /Users/pauliyaji/Herd/powerhouse/vendor/laravel/framework/src/Illuminate/View/Compilers/Compiler.php:75)
[stacktrace]
#0 {main}
"} 
[2026-05-25 09:58:03] production.ERROR: There are no commands defined in the "boost" namespace. {"exception":"[object] (Symfony\\Component\\Console\\Exception\\NamespaceNotFoundException(code: 0): There are no commands defined in the \"boost\" namespace. at /Users/pauliyaji/Herd/powerhouse/vendor/symfony/console/Application.php:684)
[stacktrace]
#0 /Users/pauliyaji/Herd/powerhouse/vendor/symfony/console/Application.php(733): Symfony\\Component\\Console\\Application->findNamespace('boost')
#1 /Users/pauliyaji/Herd/powerhouse/vendor/symfony/console/Application.php(298): Symfony\\Component\\Console\\Application->find('boost:update')
#2 /Users/pauliyaji/Herd/powerhouse/vendor/symfony/console/Application.php(195): Symfony\\Component\\Console\\Application->doRun(Object(Symfony\\Component\\Console\\Input\\ArgvInput), Object(Symfony\\Component\\Console\\Output\\ConsoleOutput))
#3 /Users/pauliyaji/Herd/powerhouse/vendor/laravel/framework/src/Illuminate/Foundation/Console/Kernel.php(198): Symfony\\Component\\Console\\Application->run(Object(Symfony\\Component\\Console\\Input\\ArgvInput), Object(Symfony\\Component\\Console\\Output\\ConsoleOutput))
#4 /Users/pauliyaji/Herd/powerhouse/vendor/laravel/framework/src/Illuminate/Foundation/Application.php(1235): Illuminate\\Foundation\\Console\\Kernel->handle(Object(Symfony\\Component\\Console\\Input\\ArgvInput), Object(Symfony\\Component\\Console\\Output\\ConsoleOutput))
#5 /Users/pauliyaji/Herd/powerhouse/artisan(16): Illuminate\\Foundation\\Application->handleCommand(Object(Symfony\\Component\\Console\\Input\\ArgvInput))
#6 {main}
"} 
[2026-05-25 09:58:36] production.ERROR: There are no commands defined in the "boost" namespace. {"exception":"[object] (Symfony\\Component\\Console\\Exception\\NamespaceNotFoundException(code: 0): There are no commands defined in the \"boost\" namespace. at /Users/pauliyaji/Herd/powerhouse/vendor/symfony/console/Application.php:684)
[stacktrace]
#0 /Users/pauliyaji/Herd/powerhouse/vendor/symfony/console/Application.php(733): Symfony\\Component\\Console\\Application->findNamespace('boost')
#1 /Users/pauliyaji/Herd/powerhouse/vendor/symfony/console/Application.php(298): Symfony\\Component\\Console\\Application->find('boost:update')
#2 /Users/pauliyaji/Herd/powerhouse/vendor/symfony/console/Application.php(195): Symfony\\Component\\Console\\Application->doRun(Object(Symfony\\Component\\Console\\Input\\ArgvInput), Object(Symfony\\Component\\Console\\Output\\ConsoleOutput))
#3 /Users/pauliyaji/Herd/powerhouse/vendor/laravel/framework/src/Illuminate/Foundation/Console/Kernel.php(198): Symfony\\Component\\Console\\Application->run(Object(Symfony\\Component\\Console\\Input\\ArgvInput), Object(Symfony\\Component\\Console\\Output\\ConsoleOutput))
#4 /Users/pauliyaji/Herd/powerhouse/vendor/laravel/framework/src/Illuminate/Foundation/Application.php(1235): Illuminate\\Foundation\\Console\\Kernel->handle(Object(Symfony\\Component\\Console\\Input\\ArgvInput), Object(Symfony\\Component\\Console\\Output\\ConsoleOutput))
#5 /Users/pauliyaji/Herd/powerhouse/artisan(16): Illuminate\\Foundation\\Application->handleCommand(Object(Symfony\\Component\\Console\\Input\\ArgvInput))
#6 {main}
"} 
[2026-05-25 10:01:35] production.ERROR: The command defined in "App\Console\Commands\PruneExpiredDocumentsCommand" cannot have an empty name. {"exception":"[object] (Symfony\\Component\\Console\\Exception\\LogicException(code: 0): The command defined in \"App\\Console\\Commands\\PruneExpiredDocumentsCommand\" cannot have an empty name. at /Users/pauliyaji/Herd/powerhouse/vendor/symfony/console/Application.php:591)
[stacktrace]
#0 /Users/pauliyaji/Herd/powerhouse/vendor/laravel/framework/src/Illuminate/Console/Application.php(259): Symfony\\Component\\Console\\Application->addCommand(Object(App\\Console\\Commands\\PruneExpiredDocumentsCommand))
#1 /Users/pauliyaji/Herd/powerhouse/vendor/laravel/framework/src/Illuminate/Console/Application.php(247): Illuminate\\Console\\Application->addToParent(Object(App\\Console\\Commands\\PruneExpiredDocumentsCommand))
#2 /Users/pauliyaji/Herd/powerhouse/vendor/laravel/framework/src/Illuminate/Console/Application.php(232): Illuminate\\Console\\Application->addCommand(Object(App\\Console\\Commands\\PruneExpiredDocumentsCommand))
#3 /Users/pauliyaji/Herd/powerhouse/vendor/laravel/framework/src/Illuminate/Console/Application.php(291): Illuminate\\Console\\Application->add(Object(App\\Console\\Commands\\PruneExpiredDocumentsCommand))
#4 /Users/pauliyaji/Herd/powerhouse/vendor/laravel/framework/src/Illuminate/Foundation/Console/Kernel.php(376): Illuminate\\Console\\Application->resolve('App\\\\Console\\\\Com...')
#5 /Users/pauliyaji/Herd/powerhouse/vendor/laravel/framework/src/Illuminate/Console/Application.php(134): Illuminate\\Foundation\\Console\\Kernel->{closure:Illuminate\\Foundation\\Console\\Kernel::load():375}(Object(Illuminate\\Console\\Application))
#6 /Users/pauliyaji/Herd/powerhouse/vendor/laravel/framework/src/Illuminate/Console/Application.php(81): Illuminate\\Console\\Application->bootstrap()
#7 /Users/pauliyaji/Herd/powerhouse/vendor/laravel/framework/src/Illuminate/Foundation/Console/Kernel.php(540): Illuminate\\Console\\Application->__construct(Object(Illuminate\\Foundation\\Application), Object(Illuminate\\Events\\Dispatcher), '11.53.1')
#8 /Users/pauliyaji/Herd/powerhouse/vendor/laravel/framework/src/Illuminate/Foundation/Console/Kernel.php(198): Illuminate\\Foundation\\Console\\Kernel->getArtisan()
#9 /Users/pauliyaji/Herd/powerhouse/vendor/laravel/framework/src/Illuminate/Foundation/Application.php(1235): Illuminate\\Foundation\\Console\\Kernel->handle(Object(Symfony\\Component\\Console\\Input\\ArgvInput), Object(Symfony\\Component\\Console\\Output\\ConsoleOutput))
#10 /Users/pauliyaji/Herd/powerhouse/artisan(16): Illuminate\\Foundation\\Application->handleCommand(Object(Symfony\\Component\\Console\\Input\\ArgvInput))
#11 {main}
"} 
[2026-05-25 10:01:37] production.ERROR: The command defined in "App\Console\Commands\PruneExpiredDocumentsCommand" cannot have an empty name. {"exception":"[object] (Symfony\\Component\\Console\\Exception\\LogicException(code: 0): The command defined in \"App\\Console\\Commands\\PruneExpiredDocumentsCommand\" cannot have an empty name. at /Users/pauliyaji/Herd/powerhouse/vendor/symfony/console/Application.php:591)
[stacktrace]
#0 /Users/pauliyaji/Herd/powerhouse/vendor/laravel/framework/src/Illuminate/Console/Application.php(259): Symfony\\Component\\Console\\Application->addCommand(Object(App\\Console\\Commands\\PruneExpiredDocumentsCommand))
#1 /Users/pauliyaji/Herd/powerhouse/vendor/laravel/framework/src/Illuminate/Console/Application.php(247): Illuminate\\Console\\Application->addToParent(Object(App\\Console\\Commands\\PruneExpiredDocumentsCommand))
#2 /Users/pauliyaji/Herd/powerhouse/vendor/laravel/framework/src/Illuminate/Console/Application.php(232): Illuminate\\Console\\Application->addCommand(Object(App\\Console\\Commands\\PruneExpiredDocumentsCommand))
#3 /Users/pauliyaji/Herd/powerhouse/vendor/laravel/framework/src/Illuminate/Console/Application.php(291): Illuminate\\Console\\Application->add(Object(App\\Console\\Commands\\PruneExpiredDocumentsCommand))
#4 /Users/pauliyaji/Herd/powerhouse/vendor/laravel/framework/src/Illuminate/Foundation/Console/Kernel.php(376): Illuminate\\Console\\Application->resolve('App\\\\Console\\\\Com...')
#5 /Users/pauliyaji/Herd/powerhouse/vendor/laravel/framework/src/Illuminate/Console/Application.php(134): Illuminate\\Foundation\\Console\\Kernel->{closure:Illuminate\\Foundation\\Console\\Kernel::load():375}(Object(Illuminate\\Console\\Application))
#6 /Users/pauliyaji/Herd/powerhouse/vendor/laravel/framework/src/Illuminate/Console/Application.php(81): Illuminate\\Console\\Application->bootstrap()
#7 /Users/pauliyaji/Herd/powerhouse/vendor/laravel/framework/src/Illuminate/Foundation/Console/Kernel.php(540): Illuminate\\Console\\Application->__construct(Object(Illuminate\\Foundation\\Application), Object(Illuminate\\Events\\Dispatcher), '11.53.1')
#8 /Users/pauliyaji/Herd/powerhouse/vendor/laravel/framework/src/Illuminate/Foundation/Console/Kernel.php(198): Illuminate\\Foundation\\Console\\Kernel->getArtisan()
#9 Command line code(1): Illuminate\\Foundation\\Console\\Kernel->handle(Object(Symfony\\Component\\Console\\Input\\ArgvInput), Object(Symfony\\Component\\Console\\Output\\ConsoleOutput))
#10 {main}
"} 
[2026-05-25 10:01:37] production.ERROR: The command defined in "App\Console\Commands\PruneExpiredDocumentsCommand" cannot have an empty name. {"exception":"[object] (Symfony\\Component\\Console\\Exception\\LogicException(code: 0): The command defined in \"App\\Console\\Commands\\PruneExpiredDocumentsCommand\" cannot have an empty name. at /Users/pauliyaji/Herd/powerhouse/vendor/symfony/console/Application.php:591)
[stacktrace]
#0 /Users/pauliyaji/Herd/powerhouse/vendor/laravel/framework/src/Illuminate/Console/Application.php(259): Symfony\\Component\\Console\\Application->addCommand(Object(App\\Console\\Commands\\PruneExpiredDocumentsCommand))
#1 /Users/pauliyaji/Herd/powerhouse/vendor/laravel/framework/src/Illuminate/Console/Application.php(247): Illuminate\\Console\\Application->addToParent(Object(App\\Console\\Commands\\PruneExpiredDocumentsCommand))
#2 /Users/pauliyaji/Herd/powerhouse/vendor/laravel/framework/src/Illuminate/Console/Application.php(232): Illuminate\\Console\\Application->addCommand(Object(App\\Console\\Commands\\PruneExpiredDocumentsCommand))
#3 /Users/pauliyaji/Herd/powerhouse/vendor/laravel/framework/src/Illuminate/Console/Application.php(291): Illuminate\\Console\\Application->add(Object(App\\Console\\Commands\\PruneExpiredDocumentsCommand))
#4 /Users/pauliyaji/Herd/powerhouse/vendor/laravel/framework/src/Illuminate/Foundation/Console/Kernel.php(376): Illuminate\\Console\\Application->resolve('App\\\\Console\\\\Com...')
#5 /Users/pauliyaji/Herd/powerhouse/vendor/laravel/framework/src/Illuminate/Console/Application.php(134): Illuminate\\Foundation\\Console\\Kernel->{closure:Illuminate\\Foundation\\Console\\Kernel::load():375}(Object(Illuminate\\Console\\Application))
#6 /Users/pauliyaji/Herd/powerhouse/vendor/laravel/framework/src/Illuminate/Console/Application.php(81): Illuminate\\Console\\Application->bootstrap()
#7 /Users/pauliyaji/Herd/powerhouse/vendor/laravel/framework/src/Illuminate/Foundation/Console/Kernel.php(540): Illuminate\\Console\\Application->__construct(Object(Illuminate\\Foundation\\Application), Object(Illuminate\\Events\\Dispatcher), '11.53.1')
#8 /Users/pauliyaji/Herd/powerhouse/vendor/laravel/framework/src/Illuminate/Foundation/Console/Kernel.php(198): Illuminate\\Foundation\\Console\\Kernel->getArtisan()
#9 Command line code(1): Illuminate\\Foundation\\Console\\Kernel->handle(Object(Symfony\\Component\\Console\\Input\\ArgvInput), Object(Symfony\\Component\\Console\\Output\\ConsoleOutput))
#10 {main}
"} 
[2026-05-25 10:01:37] production.ERROR: The command defined in "App\Console\Commands\PruneExpiredDocumentsCommand" cannot have an empty name. {"exception":"[object] (Symfony\\Component\\Console\\Exception\\LogicException(code: 0): The command defined in \"App\\Console\\Commands\\PruneExpiredDocumentsCommand\" cannot have an empty name. at /Users/pauliyaji/Herd/powerhouse/vendor/symfony/console/Application.php:591)
[stacktrace]
#0 /Users/pauliyaji/Herd/powerhouse/vendor/laravel/framework/src/Illuminate/Console/Application.php(259): Symfony\\Component\\Console\\Application->addCommand(Object(App\\Console\\Commands\\PruneExpiredDocumentsCommand))
#1 /Users/pauliyaji/Herd/powerhouse/vendor/laravel/framework/src/Illuminate/Console/Application.php(247): Illuminate\\Console\\Application->addToParent(Object(App\\Console\\Commands\\PruneExpiredDocumentsCommand))
#2 /Users/pauliyaji/Herd/powerhouse/vendor/laravel/framework/src/Illuminate/Console/Application.php(232): Illuminate\\Console\\Application->addCommand(Object(App\\Console\\Commands\\PruneExpiredDocumentsCommand))
#3 /Users/pauliyaji/Herd/powerhouse/vendor/laravel/framework/src/Illuminate/Console/Application.php(291): Illuminate\\Console\\Application->add(Object(App\\Console\\Commands\\PruneExpiredDocumentsCommand))
#4 /Users/pauliyaji/Herd/powerhouse/vendor/laravel/framework/src/Illuminate/Foundation/Console/Kernel.php(376): Illuminate\\Console\\Application->resolve('App\\\\Console\\\\Com...')
#5 /Users/pauliyaji/Herd/powerhouse/vendor/laravel/framework/src/Illuminate/Console/Application.php(134): Illuminate\\Foundation\\Console\\Kernel->{closure:Illuminate\\Foundation\\Console\\Kernel::load():375}(Object(Illuminate\\Console\\Application))
#6 /Users/pauliyaji/Herd/powerhouse/vendor/laravel/framework/src/Illuminate/Console/Application.php(81): Illuminate\\Console\\Application->bootstrap()
#7 /Users/pauliyaji/Herd/powerhouse/vendor/laravel/framework/src/Illuminate/Foundation/Console/Kernel.php(540): Illuminate\\Console\\Application->__construct(Object(Illuminate\\Foundation\\Application), Object(Illuminate\\Events\\Dispatcher), '11.53.1')
#8 /Users/pauliyaji/Herd/powerhouse/vendor/laravel/framework/src/Illuminate/Foundation/Console/Kernel.php(198): Illuminate\\Foundation\\Console\\Kernel->getArtisan()
#9 Command line code(1): Illuminate\\Foundation\\Console\\Kernel->handle(Object(Symfony\\Component\\Console\\Input\\ArgvInput), Object(Symfony\\Component\\Console\\Output\\ConsoleOutput))
#10 {main}
"} 
[2026-05-25 10:01:38] production.ERROR: The command defined in "App\Console\Commands\PruneExpiredDocumentsCommand" cannot have an empty name. {"exception":"[object] (Symfony\\Component\\Console\\Exception\\LogicException(code: 0): The command defined in \"App\\Console\\Commands\\PruneExpiredDocumentsCommand\" cannot have an empty name. at /Users/pauliyaji/Herd/powerhouse/vendor/symfony/console/Application.php:591)
[stacktrace]
#0 /Users/pauliyaji/Herd/powerhouse/vendor/laravel/framework/src/Illuminate/Console/Application.php(259): Symfony\\Component\\Console\\Application->addCommand(Object(App\\Console\\Commands\\PruneExpiredDocumentsCommand))
#1 /Users/pauliyaji/Herd/powerhouse/vendor/laravel/framework/src/Illuminate/Console/Application.php(247): Illuminate\\Console\\Application->addToParent(Object(App\\Console\\Commands\\PruneExpiredDocumentsCommand))
#2 /Users/pauliyaji/Herd/powerhouse/vendor/laravel/framework/src/Illuminate/Console/Application.php(232): Illuminate\\Console\\Application->addCommand(Object(App\\Console\\Commands\\PruneExpiredDocumentsCommand))
#3 /Users/pauliyaji/Herd/powerhouse/vendor/laravel/framework/src/Illuminate/Console/Application.php(291): Illuminate\\Console\\Application->add(Object(App\\Console\\Commands\\PruneExpiredDocumentsCommand))
#4 /Users/pauliyaji/Herd/powerhouse/vendor/laravel/framework/src/Illuminate/Foundation/Console/Kernel.php(376): Illuminate\\Console\\Application->resolve('App\\\\Console\\\\Com...')
#5 /Users/pauliyaji/Herd/powerhouse/vendor/laravel/framework/src/Illuminate/Console/Application.php(134): Illuminate\\Foundation\\Console\\Kernel->{closure:Illuminate\\Foundation\\Console\\Kernel::load():375}(Object(Illuminate\\Console\\Application))
#6 /Users/pauliyaji/Herd/powerhouse/vendor/laravel/framework/src/Illuminate/Console/Application.php(81): Illuminate\\Console\\Application->bootstrap()
#7 /Users/pauliyaji/Herd/powerhouse/vendor/laravel/framework/src/Illuminate/Foundation/Console/Kernel.php(540): Illuminate\\Console\\Application->__construct(Object(Illuminate\\Foundation\\Application), Object(Illuminate\\Events\\Dispatcher), '11.53.1')
#8 /Users/pauliyaji/Herd/powerhouse/vendor/laravel/framework/src/Illuminate/Foundation/Console/Kernel.php(198): Illuminate\\Foundation\\Console\\Kernel->getArtisan()
#9 Command line code(1): Illuminate\\Foundation\\Console\\Kernel->handle(Object(Symfony\\Component\\Console\\Input\\ArgvInput), Object(Symfony\\Component\\Console\\Output\\ConsoleOutput))
#10 {main}
"} 
[2026-05-25 10:01:38] production.ERROR: The command defined in "App\Console\Commands\PruneExpiredDocumentsCommand" cannot have an empty name. {"exception":"[object] (Symfony\\Component\\Console\\Exception\\LogicException(code: 0): The command defined in \"App\\Console\\Commands\\PruneExpiredDocumentsCommand\" cannot have an empty name. at /Users/pauliyaji/Herd/powerhouse/vendor/symfony/console/Application.php:591)
[stacktrace]
#0 /Users/pauliyaji/Herd/powerhouse/vendor/laravel/framework/src/Illuminate/Console/Application.php(259): Symfony\\Component\\Console\\Application->addCommand(Object(App\\Console\\Commands\\PruneExpiredDocumentsCommand))
#1 /Users/pauliyaji/Herd/powerhouse/vendor/laravel/framework/src/Illuminate/Console/Application.php(247): Illuminate\\Console\\Application->addToParent(Object(App\\Console\\Commands\\PruneExpiredDocumentsCommand))
#2 /Users/pauliyaji/Herd/powerhouse/vendor/laravel/framework/src/Illuminate/Console/Application.php(232): Illuminate\\Console\\Application->addCommand(Object(App\\Console\\Commands\\PruneExpiredDocumentsCommand))
#3 /Users/pauliyaji/Herd/powerhouse/vendor/laravel/framework/src/Illuminate/Console/Application.php(291): Illuminate\\Console\\Application->add(Object(App\\Console\\Commands\\PruneExpiredDocumentsCommand))
#4 /Users/pauliyaji/Herd/powerhouse/vendor/laravel/framework/src/Illuminate/Foundation/Console/Kernel.php(376): Illuminate\\Console\\Application->resolve('App\\\\Console\\\\Com...')
#5 /Users/pauliyaji/Herd/powerhouse/vendor/laravel/framework/src/Illuminate/Console/Application.php(134): Illuminate\\Foundation\\Console\\Kernel->{closure:Illuminate\\Foundation\\Console\\Kernel::load():375}(Object(Illuminate\\Console\\Application))
#6 /Users/pauliyaji/Herd/powerhouse/vendor/laravel/framework/src/Illuminate/Console/Application.php(81): Illuminate\\Console\\Application->bootstrap()
#7 /Users/pauliyaji/Herd/powerhouse/vendor/laravel/framework/src/Illuminate/Foundation/Console/Kernel.php(540): Illuminate\\Console\\Application->__construct(Object(Illuminate\\Foundation\\Application), Object(Illuminate\\Events\\Dispatcher), '11.53.1')
#8 /Users/pauliyaji/Herd/powerhouse/vendor/laravel/framework/src/Illuminate/Foundation/Console/Kernel.php(198): Illuminate\\Foundation\\Console\\Kernel->getArtisan()
#9 Command line code(1): Illuminate\\Foundation\\Console\\Kernel->handle(Object(Symfony\\Component\\Console\\Input\\ArgvInput), Object(Symfony\\Component\\Console\\Output\\ConsoleOutput))
#10 {main}
"} 
[2026-05-25 10:01:38] production.ERROR: The command defined in "App\Console\Commands\PruneExpiredDocumentsCommand" cannot have an empty name. {"exception":"[object] (Symfony\\Component\\Console\\Exception\\LogicException(code: 0): The command defined in \"App\\Console\\Commands\\PruneExpiredDocumentsCommand\" cannot have an empty name. at /Users/pauliyaji/Herd/powerhouse/vendor/symfony/console/Application.php:591)
[stacktrace]
#0 /Users/pauliyaji/Herd/powerhouse/vendor/laravel/framework/src/Illuminate/Console/Application.php(259): Symfony\\Component\\Console\\Application->addCommand(Object(App\\Console\\Commands\\PruneExpiredDocumentsCommand))
#1 /Users/pauliyaji/Herd/powerhouse/vendor/laravel/framework/src/Illuminate/Console/Application.php(247): Illuminate\\Console\\Application->addToParent(Object(App\\Console\\Commands\\PruneExpiredDocumentsCommand))
#2 /Users/pauliyaji/Herd/powerhouse/vendor/laravel/framework/src/Illuminate/Console/Application.php(232): Illuminate\\Console\\Application->addCommand(Object(App\\Console\\Commands\\PruneExpiredDocumentsCommand))
#3 /Users/pauliyaji/Herd/powerhouse/vendor/laravel/framework/src/Illuminate/Console/Application.php(291): Illuminate\\Console\\Application->add(Object(App\\Console\\Commands\\PruneExpiredDocumentsCommand))
#4 /Users/pauliyaji/Herd/powerhouse/vendor/laravel/framework/src/Illuminate/Foundation/Console/Kernel.php(376): Illuminate\\Console\\Application->resolve('App\\\\Console\\\\Com...')
#5 /Users/pauliyaji/Herd/powerhouse/vendor/laravel/framework/src/Illuminate/Console/Application.php(134): Illuminate\\Foundation\\Console\\Kernel->{closure:Illuminate\\Foundation\\Console\\Kernel::load():375}(Object(Illuminate\\Console\\Application))
#6 /Users/pauliyaji/Herd/powerhouse/vendor/laravel/framework/src/Illuminate/Console/Application.php(81): Illuminate\\Console\\Application->bootstrap()
#7 /Users/pauliyaji/Herd/powerhouse/vendor/laravel/framework/src/Illuminate/Foundation/Console/Kernel.php(540): Illuminate\\Console\\Application->__construct(Object(Illuminate\\Foundation\\Application), Object(Illuminate\\Events\\Dispatcher), '11.53.1')
#8 /Users/pauliyaji/Herd/powerhouse/vendor/laravel/framework/src/Illuminate/Foundation/Console/Kernel.php(198): Illuminate\\Foundation\\Console\\Kernel->getArtisan()
#9 Command line code(1): Illuminate\\Foundation\\Console\\Kernel->handle(Object(Symfony\\Component\\Console\\Input\\ArgvInput), Object(Symfony\\Component\\Console\\Output\\ConsoleOutput))
#10 {main}
"} 
[2026-05-25 10:01:38] production.ERROR: The command defined in "App\Console\Commands\PruneExpiredDocumentsCommand" cannot have an empty name. {"exception":"[object] (Symfony\\Component\\Console\\Exception\\LogicException(code: 0): The command defined in \"App\\Console\\Commands\\PruneExpiredDocumentsCommand\" cannot have an empty name. at /Users/pauliyaji/Herd/powerhouse/vendor/symfony/console/Application.php:591)
[stacktrace]
#0 /Users/pauliyaji/Herd/powerhouse/vendor/laravel/framework/src/Illuminate/Console/Application.php(259): Symfony\\Component\\Console\\Application->addCommand(Object(App\\Console\\Commands\\PruneExpiredDocumentsCommand))
#1 /Users/pauliyaji/Herd/powerhouse/vendor/laravel/framework/src/Illuminate/Console/Application.php(247): Illuminate\\Console\\Application->addToParent(Object(App\\Console\\Commands\\PruneExpiredDocumentsCommand))
#2 /Users/pauliyaji/Herd/powerhouse/vendor/laravel/framework/src/Illuminate/Console/Application.php(232): Illuminate\\Console\\Application->addCommand(Object(App\\Console\\Commands\\PruneExpiredDocumentsCommand))
#3 /Users/pauliyaji/Herd/powerhouse/vendor/laravel/framework/src/Illuminate/Console/Application.php(291): Illuminate\\Console\\Application->add(Object(App\\Console\\Commands\\PruneExpiredDocumentsCommand))
#4 /Users/pauliyaji/Herd/powerhouse/vendor/laravel/framework/src/Illuminate/Foundation/Console/Kernel.php(376): Illuminate\\Console\\Application->resolve('App\\\\Console\\\\Com...')
#5 /Users/pauliyaji/Herd/powerhouse/vendor/laravel/framework/src/Illuminate/Console/Application.php(134): Illuminate\\Foundation\\Console\\Kernel->{closure:Illuminate\\Foundation\\Console\\Kernel::load():375}(Object(Illuminate\\Console\\Application))
#6 /Users/pauliyaji/Herd/powerhouse/vendor/laravel/framework/src/Illuminate/Console/Application.php(81): Illuminate\\Console\\Application->bootstrap()
#7 /Users/pauliyaji/Herd/powerhouse/vendor/laravel/framework/src/Illuminate/Foundation/Console/Kernel.php(540): Illuminate\\Console\\Application->__construct(Object(Illuminate\\Foundation\\Application), Object(Illuminate\\Events\\Dispatcher), '11.53.1')
#8 /Users/pauliyaji/Herd/powerhouse/vendor/laravel/framework/src/Illuminate/Foundation/Console/Kernel.php(198): Illuminate\\Foundation\\Console\\Kernel->getArtisan()
#9 Command line code(1): Illuminate\\Foundation\\Console\\Kernel->handle(Object(Symfony\\Component\\Console\\Input\\ArgvInput), Object(Symfony\\Component\\Console\\Output\\ConsoleOutput))
#10 {main}
"} 
[2026-05-25 10:01:40] production.ERROR: The command defined in "App\Console\Commands\PruneExpiredDocumentsCommand" cannot have an empty name. {"exception":"[object] (Symfony\\Component\\Console\\Exception\\LogicException(code: 0): The command defined in \"App\\Console\\Commands\\PruneExpiredDocumentsCommand\" cannot have an empty name. at /Users/pauliyaji/Herd/powerhouse/vendor/symfony/console/Application.php:591)
[stacktrace]
#0 /Users/pauliyaji/Herd/powerhouse/vendor/laravel/framework/src/Illuminate/Console/Application.php(259): Symfony\\Component\\Console\\Application->addCommand(Object(App\\Console\\Commands\\PruneExpiredDocumentsCommand))
#1 /Users/pauliyaji/Herd/powerhouse/vendor/laravel/framework/src/Illuminate/Console/Application.php(247): Illuminate\\Console\\Application->addToParent(Object(App\\Console\\Commands\\PruneExpiredDocumentsCommand))
#2 /Users/pauliyaji/Herd/powerhouse/vendor/laravel/framework/src/Illuminate/Console/Application.php(232): Illuminate\\Console\\Application->addCommand(Object(App\\Console\\Commands\\PruneExpiredDocumentsCommand))
#3 /Users/pauliyaji/Herd/powerhouse/vendor/laravel/framework/src/Illuminate/Console/Application.php(291): Illuminate\\Console\\Application->add(Object(App\\Console\\Commands\\PruneExpiredDocumentsCommand))
#4 /Users/pauliyaji/Herd/powerhouse/vendor/laravel/framework/src/Illuminate/Foundation/Console/Kernel.php(376): Illuminate\\Console\\Application->resolve('App\\\\Console\\\\Com...')
#5 /Users/pauliyaji/Herd/powerhouse/vendor/laravel/framework/src/Illuminate/Console/Application.php(134): Illuminate\\Foundation\\Console\\Kernel->{closure:Illuminate\\Foundation\\Console\\Kernel::load():375}(Object(Illuminate\\Console\\Application))
#6 /Users/pauliyaji/Herd/powerhouse/vendor/laravel/framework/src/Illuminate/Console/Application.php(81): Illuminate\\Console\\Application->bootstrap()
#7 /Users/pauliyaji/Herd/powerhouse/vendor/laravel/framework/src/Illuminate/Foundation/Console/Kernel.php(540): Illuminate\\Console\\Application->__construct(Object(Illuminate\\Foundation\\Application), Object(Illuminate\\Events\\Dispatcher), '11.53.1')
#8 /Users/pauliyaji/Herd/powerhouse/vendor/laravel/framework/src/Illuminate/Foundation/Console/Kernel.php(198): Illuminate\\Foundation\\Console\\Kernel->getArtisan()
#9 Command line code(1): Illuminate\\Foundation\\Console\\Kernel->handle(Object(Symfony\\Component\\Console\\Input\\ArgvInput), Object(Symfony\\Component\\Console\\Output\\ConsoleOutput))
#10 {main}
"} 
[2026-05-25 10:01:40] production.ERROR: The command defined in "App\Console\Commands\PruneExpiredDocumentsCommand" cannot have an empty name. {"exception":"[object] (Symfony\\Component\\Console\\Exception\\LogicException(code: 0): The command defined in \"App\\Console\\Commands\\PruneExpiredDocumentsCommand\" cannot have an empty name. at /Users/pauliyaji/Herd/powerhouse/vendor/symfony/console/Application.php:591)
[stacktrace]
#0 /Users/pauliyaji/Herd/powerhouse/vendor/laravel/framework/src/Illuminate/Console/Application.php(259): Symfony\\Component\\Console\\Application->addCommand(Object(App\\Console\\Commands\\PruneExpiredDocumentsCommand))
#1 /Users/pauliyaji/Herd/powerhouse/vendor/laravel/framework/src/Illuminate/Console/Application.php(247): Illuminate\\Console\\Application->addToParent(Object(App\\Console\\Commands\\PruneExpiredDocumentsCommand))
#2 /Users/pauliyaji/Herd/powerhouse/vendor/laravel/framework/src/Illuminate/Console/Application.php(232): Illuminate\\Console\\Application->addCommand(Object(App\\Console\\Commands\\PruneExpiredDocumentsCommand))
#3 /Users/pauliyaji/Herd/powerhouse/vendor/laravel/framework/src/Illuminate/Console/Application.php(291): Illuminate\\Console\\Application->add(Object(App\\Console\\Commands\\PruneExpiredDocumentsCommand))
#4 /Users/pauliyaji/Herd/powerhouse/vendor/laravel/framework/src/Illuminate/Foundation/Console/Kernel.php(376): Illuminate\\Console\\Application->resolve('App\\\\Console\\\\Com...')
#5 /Users/pauliyaji/Herd/powerhouse/vendor/laravel/framework/src/Illuminate/Console/Application.php(134): Illuminate\\Foundation\\Console\\Kernel->{closure:Illuminate\\Foundation\\Console\\Kernel::load():375}(Object(Illuminate\\Console\\Application))
#6 /Users/pauliyaji/Herd/powerhouse/vendor/laravel/framework/src/Illuminate/Console/Application.php(81): Illuminate\\Console\\Application->bootstrap()
#7 /Users/pauliyaji/Herd/powerhouse/vendor/laravel/framework/src/Illuminate/Foundation/Console/Kernel.php(540): Illuminate\\Console\\Application->__construct(Object(Illuminate\\Foundation\\Application), Object(Illuminate\\Events\\Dispatcher), '11.53.1')
#8 /Users/pauliyaji/Herd/powerhouse/vendor/laravel/framework/src/Illuminate/Foundation/Console/Kernel.php(198): Illuminate\\Foundation\\Console\\Kernel->getArtisan()
#9 Command line code(1): Illuminate\\Foundation\\Console\\Kernel->handle(Object(Symfony\\Component\\Console\\Input\\ArgvInput), Object(Symfony\\Component\\Console\\Output\\ConsoleOutput))
#10 {main}
"} 
[2026-05-25 10:04:37] production.ERROR: The command defined in "App\Console\Commands\PruneExpiredDocumentsCommand" cannot have an empty name. {"exception":"[object] (Symfony\\Component\\Console\\Exception\\LogicException(code: 0): The command defined in \"App\\Console\\Commands\\PruneExpiredDocumentsCommand\" cannot have an empty name. at /Users/pauliyaji/Herd/powerhouse/vendor/symfony/console/Application.php:591)
[stacktrace]
#0 /Users/pauliyaji/Herd/powerhouse/vendor/laravel/framework/src/Illuminate/Console/Application.php(259): Symfony\\Component\\Console\\Application->addCommand(Object(App\\Console\\Commands\\PruneExpiredDocumentsCommand))
#1 /Users/pauliyaji/Herd/powerhouse/vendor/laravel/framework/src/Illuminate/Console/Application.php(247): Illuminate\\Console\\Application->addToParent(Object(App\\Console\\Commands\\PruneExpiredDocumentsCommand))
#2 /Users/pauliyaji/Herd/powerhouse/vendor/laravel/framework/src/Illuminate/Console/Application.php(232): Illuminate\\Console\\Application->addCommand(Object(App\\Console\\Commands\\PruneExpiredDocumentsCommand))
#3 /Users/pauliyaji/Herd/powerhouse/vendor/laravel/framework/src/Illuminate/Console/Application.php(291): Illuminate\\Console\\Application->add(Object(App\\Console\\Commands\\PruneExpiredDocumentsCommand))
#4 /Users/pauliyaji/Herd/powerhouse/vendor/laravel/framework/src/Illuminate/Foundation/Console/Kernel.php(376): Illuminate\\Console\\Application->resolve('App\\\\Console\\\\Com...')
#5 /Users/pauliyaji/Herd/powerhouse/vendor/laravel/framework/src/Illuminate/Console/Application.php(134): Illuminate\\Foundation\\Console\\Kernel->{closure:Illuminate\\Foundation\\Console\\Kernel::load():375}(Object(Illuminate\\Console\\Application))
#6 /Users/pauliyaji/Herd/powerhouse/vendor/laravel/framework/src/Illuminate/Console/Application.php(81): Illuminate\\Console\\Application->bootstrap()
#7 /Users/pauliyaji/Herd/powerhouse/vendor/laravel/framework/src/Illuminate/Foundation/Console/Kernel.php(540): Illuminate\\Console\\Application->__construct(Object(Illuminate\\Foundation\\Application), Object(Illuminate\\Events\\Dispatcher), '11.53.1')
#8 /Users/pauliyaji/Herd/powerhouse/vendor/laravel/framework/src/Illuminate/Foundation/Console/Kernel.php(198): Illuminate\\Foundation\\Console\\Kernel->getArtisan()
#9 /Users/pauliyaji/Herd/powerhouse/vendor/laravel/framework/src/Illuminate/Foundation/Application.php(1235): Illuminate\\Foundation\\Console\\Kernel->handle(Object(Symfony\\Component\\Console\\Input\\ArgvInput), Object(Symfony\\Component\\Console\\Output\\ConsoleOutput))
#10 /Users/pauliyaji/Herd/powerhouse/artisan(16): Illuminate\\Foundation\\Application->handleCommand(Object(Symfony\\Component\\Console\\Input\\ArgvInput))
#11 {main}
"} 
[2026-05-25 10:04:42] production.ERROR: The command defined in "App\Console\Commands\PruneExpiredDocumentsCommand" cannot have an empty name. {"exception":"[object] (Symfony\\Component\\Console\\Exception\\LogicException(code: 0): The command defined in \"App\\Console\\Commands\\PruneExpiredDocumentsCommand\" cannot have an empty name. at /Users/pauliyaji/Herd/powerhouse/vendor/symfony/console/Application.php:591)
[stacktrace]
#0 /Users/pauliyaji/Herd/powerhouse/vendor/laravel/framework/src/Illuminate/Console/Application.php(259): Symfony\\Component\\Console\\Application->addCommand(Object(App\\Console\\Commands\\PruneExpiredDocumentsCommand))
#1 /Users/pauliyaji/Herd/powerhouse/vendor/laravel/framework/src/Illuminate/Console/Application.php(247): Illuminate\\Console\\Application->addToParent(Object(App\\Console\\Commands\\PruneExpiredDocumentsCommand))
#2 /Users/pauliyaji/Herd/powerhouse/vendor/laravel/framework/src/Illuminate/Console/Application.php(232): Illuminate\\Console\\Application->addCommand(Object(App\\Console\\Commands\\PruneExpiredDocumentsCommand))
#3 /Users/pauliyaji/Herd/powerhouse/vendor/laravel/framework/src/Illuminate/Console/Application.php(291): Illuminate\\Console\\Application->add(Object(App\\Console\\Commands\\PruneExpiredDocumentsCommand))
#4 /Users/pauliyaji/Herd/powerhouse/vendor/laravel/framework/src/Illuminate/Foundation/Console/Kernel.php(376): Illuminate\\Console\\Application->resolve('App\\\\Console\\\\Com...')
#5 /Users/pauliyaji/Herd/powerhouse/vendor/laravel/framework/src/Illuminate/Console/Application.php(134): Illuminate\\Foundation\\Console\\Kernel->{closure:Illuminate\\Foundation\\Console\\Kernel::load():375}(Object(Illuminate\\Console\\Application))
#6 /Users/pauliyaji/Herd/powerhouse/vendor/laravel/framework/src/Illuminate/Console/Application.php(81): Illuminate\\Console\\Application->bootstrap()
#7 /Users/pauliyaji/Herd/powerhouse/vendor/laravel/framework/src/Illuminate/Foundation/Console/Kernel.php(540): Illuminate\\Console\\Application->__construct(Object(Illuminate\\Foundation\\Application), Object(Illuminate\\Events\\Dispatcher), '11.53.1')
#8 /Users/pauliyaji/Herd/powerhouse/vendor/laravel/framework/src/Illuminate/Foundation/Console/Kernel.php(198): Illuminate\\Foundation\\Console\\Kernel->getArtisan()
#9 Command line code(1): Illuminate\\Foundation\\Console\\Kernel->handle(Object(Symfony\\Component\\Console\\Input\\ArgvInput), Object(Symfony\\Component\\Console\\Output\\ConsoleOutput))
#10 {main}
"} 
[2026-05-25 10:04:42] production.ERROR: The command defined in "App\Console\Commands\PruneExpiredDocumentsCommand" cannot have an empty name. {"exception":"[object] (Symfony\\Component\\Console\\Exception\\LogicException(code: 0): The command defined in \"App\\Console\\Commands\\PruneExpiredDocumentsCommand\" cannot have an empty name. at /Users/pauliyaji/Herd/powerhouse/vendor/symfony/console/Application.php:591)
[stacktrace]
#0 /Users/pauliyaji/Herd/powerhouse/vendor/laravel/framework/src/Illuminate/Console/Application.php(259): Symfony\\Component\\Console\\Application->addCommand(Object(App\\Console\\Commands\\PruneExpiredDocumentsCommand))
#1 /Users/pauliyaji/Herd/powerhouse/vendor/laravel/framework/src/Illuminate/Console/Application.php(247): Illuminate\\Console\\Application->addToParent(Object(App\\Console\\Commands\\PruneExpiredDocumentsCommand))
#2 /Users/pauliyaji/Herd/powerhouse/vendor/laravel/framework/src/Illuminate/Console/Application.php(232): Illuminate\\Console\\Application->addCommand(Object(App\\Console\\Commands\\PruneExpiredDocumentsCommand))
#3 /Users/pauliyaji/Herd/powerhouse/vendor/laravel/framework/src/Illuminate/Console/Application.php(291): Illuminate\\Console\\Application->add(Object(App\\Console\\Commands\\PruneExpiredDocumentsCommand))
#4 /Users/pauliyaji/Herd/powerhouse/vendor/laravel/framework/src/Illuminate/Foundation/Console/Kernel.php(376): Illuminate\\Console\\Application->resolve('App\\\\Console\\\\Com...')
#5 /Users/pauliyaji/Herd/powerhouse/vendor/laravel/framework/src/Illuminate/Console/Application.php(134): Illuminate\\Foundation\\Console\\Kernel->{closure:Illuminate\\Foundation\\Console\\Kernel::load():375}(Object(Illuminate\\Console\\Application))
#6 /Users/pauliyaji/Herd/powerhouse/vendor/laravel/framework/src/Illuminate/Console/Application.php(81): Illuminate\\Console\\Application->bootstrap()
#7 /Users/pauliyaji/Herd/powerhouse/vendor/laravel/framework/src/Illuminate/Foundation/Console/Kernel.php(540): Illuminate\\Console\\Application->__construct(Object(Illuminate\\Foundation\\Application), Object(Illuminate\\Events\\Dispatcher), '11.53.1')
#8 /Users/pauliyaji/Herd/powerhouse/vendor/laravel/framework/src/Illuminate/Foundation/Console/Kernel.php(198): Illuminate\\Foundation\\Console\\Kernel->getArtisan()
#9 Command line code(1): Illuminate\\Foundation\\Console\\Kernel->handle(Object(Symfony\\Component\\Console\\Input\\ArgvInput), Object(Symfony\\Component\\Console\\Output\\ConsoleOutput))
#10 {main}
"} 
[2026-05-25 10:06:54] production.ERROR: The command defined in "App\Console\Commands\PruneExpiredDocumentsCommand" cannot have an empty name. {"exception":"[object] (Symfony\\Component\\Console\\Exception\\LogicException(code: 0): The command defined in \"App\\Console\\Commands\\PruneExpiredDocumentsCommand\" cannot have an empty name. at /Users/pauliyaji/Herd/powerhouse/vendor/symfony/console/Application.php:591)
[stacktrace]
#0 /Users/pauliyaji/Herd/powerhouse/vendor/laravel/framework/src/Illuminate/Console/Application.php(259): Symfony\\Component\\Console\\Application->addCommand(Object(App\\Console\\Commands\\PruneExpiredDocumentsCommand))
#1 /Users/pauliyaji/Herd/powerhouse/vendor/laravel/framework/src/Illuminate/Console/Application.php(247): Illuminate\\Console\\Application->addToParent(Object(App\\Console\\Commands\\PruneExpiredDocumentsCommand))
#2 /Users/pauliyaji/Herd/powerhouse/vendor/laravel/framework/src/Illuminate/Console/Application.php(232): Illuminate\\Console\\Application->addCommand(Object(App\\Console\\Commands\\PruneExpiredDocumentsCommand))
#3 /Users/pauliyaji/Herd/powerhouse/vendor/laravel/framework/src/Illuminate/Console/Application.php(291): Illuminate\\Console\\Application->add(Object(App\\Console\\Commands\\PruneExpiredDocumentsCommand))
#4 /Users/pauliyaji/Herd/powerhouse/vendor/laravel/framework/src/Illuminate/Foundation/Console/Kernel.php(376): Illuminate\\Console\\Application->resolve('App\\\\Console\\\\Com...')
#5 /Users/pauliyaji/Herd/powerhouse/vendor/laravel/framework/src/Illuminate/Console/Application.php(134): Illuminate\\Foundation\\Console\\Kernel->{closure:Illuminate\\Foundation\\Console\\Kernel::load():375}(Object(Illuminate\\Console\\Application))
#6 /Users/pauliyaji/Herd/powerhouse/vendor/laravel/framework/src/Illuminate/Console/Application.php(81): Illuminate\\Console\\Application->bootstrap()
#7 /Users/pauliyaji/Herd/powerhouse/vendor/laravel/framework/src/Illuminate/Foundation/Console/Kernel.php(540): Illuminate\\Console\\Application->__construct(Object(Illuminate\\Foundation\\Application), Object(Illuminate\\Events\\Dispatcher), '11.53.1')
#8 /Users/pauliyaji/Herd/powerhouse/vendor/laravel/framework/src/Illuminate/Foundation/Console/Kernel.php(198): Illuminate\\Foundation\\Console\\Kernel->getArtisan()
#9 Command line code(1): Illuminate\\Foundation\\Console\\Kernel->handle(Object(Symfony\\Component\\Console\\Input\\ArgvInput), Object(Symfony\\Component\\Console\\Output\\ConsoleOutput))
#10 {main}
"} 
[2026-05-25 10:06:54] production.ERROR: Uncaught InvalidArgumentException: Please provide a valid cache path. in /Users/pauliyaji/Herd/powerhouse/vendor/laravel/framework/src/Illuminate/View/Compilers/Compiler.php:67
Stack trace:
#0 /Users/pauliyaji/Herd/powerhouse/vendor/laravel/framework/src/Illuminate/View/ViewServiceProvider.php(97): Illuminate\View\Compilers\Compiler->__construct(Object(Illuminate\Filesystem\Filesystem), false, '', true, 'php')
#1 /Users/pauliyaji/Herd/powerhouse/vendor/laravel/framework/src/Illuminate/Container/Container.php(952): Illuminate\View\ViewServiceProvider->{closure:Illuminate\View\ViewServiceProvider::registerBladeCompiler():96}(Object(Illuminate\Foundation\Application), Array)
#2 /Users/pauliyaji/Herd/powerhouse/vendor/laravel/framework/src/Illuminate/Container/Container.php(832): Illuminate\Container\Container->build(Object(Closure))
#3 /Users/pauliyaji/Herd/powerhouse/vendor/laravel/framework/src/Illuminate/Foundation/Application.php(1078): Illuminate\Container\Container->resolve('blade.compiler', Array, true)
#4 /Users/pauliyaji/Herd/powerhouse/vendor/laravel/framework/src/Illuminate/Container/Container.php(763): Illuminate\Foundation\Application->resolve('blade.compiler', Array)
#5 /Users/pauliyaji/Herd/powerhouse/vendor/laravel/framework/src/Illuminate/Foundation/Application.php(1058): Illuminate\Container\Container->make('blade.compiler', Array)
#6 /Users/pauliyaji/Herd/powerhouse/vendor/laravel/framework/src/Illuminate/Foundation/helpers.php(124): Illuminate\Foundation\Application->make('blade.compiler', Array)
#7 Command line code(1): app('Illuminate\\View...')
#8 {main}
  thrown {"exception":"[object] (Symfony\\Component\\ErrorHandler\\Error\\FatalError(code: 0): Uncaught InvalidArgumentException: Please provide a valid cache path. in /Users/pauliyaji/Herd/powerhouse/vendor/laravel/framework/src/Illuminate/View/Compilers/Compiler.php:67
Stack trace:
#0 /Users/pauliyaji/Herd/powerhouse/vendor/laravel/framework/src/Illuminate/View/ViewServiceProvider.php(97): Illuminate\\View\\Compilers\\Compiler->__construct(Object(Illuminate\\Filesystem\\Filesystem), false, '', true, 'php')
#1 /Users/pauliyaji/Herd/powerhouse/vendor/laravel/framework/src/Illuminate/Container/Container.php(952): Illuminate\\View\\ViewServiceProvider->{closure:Illuminate\\View\\ViewServiceProvider::registerBladeCompiler():96}(Object(Illuminate\\Foundation\\Application), Array)
#2 /Users/pauliyaji/Herd/powerhouse/vendor/laravel/framework/src/Illuminate/Container/Container.php(832): Illuminate\\Container\\Container->build(Object(Closure))
#3 /Users/pauliyaji/Herd/powerhouse/vendor/laravel/framework/src/Illuminate/Foundation/Application.php(1078): Illuminate\\Container\\Container->resolve('blade.compiler', Array, true)
#4 /Users/pauliyaji/Herd/powerhouse/vendor/laravel/framework/src/Illuminate/Container/Container.php(763): Illuminate\\Foundation\\Application->resolve('blade.compiler', Array)
#5 /Users/pauliyaji/Herd/powerhouse/vendor/laravel/framework/src/Illuminate/Foundation/Application.php(1058): Illuminate\\Container\\Container->make('blade.compiler', Array)
#6 /Users/pauliyaji/Herd/powerhouse/vendor/laravel/framework/src/Illuminate/Foundation/helpers.php(124): Illuminate\\Foundation\\Application->make('blade.compiler', Array)
#7 Command line code(1): app('Illuminate\\\\View...')
#8 {main}
  thrown at /Users/pauliyaji/Herd/powerhouse/vendor/laravel/framework/src/Illuminate/View/Compilers/Compiler.php:67)
[stacktrace]
#0 {main}
"} 
[2026-05-31 00:35:52] local.ERROR: No application encryption key has been specified. {"exception":"[object] (Illuminate\\Encryption\\MissingAppKeyException(code: 0): No application encryption key has been specified. at /Users/pauliyaji/Herd/powerhouse/vendor/laravel/framework/src/Illuminate/Encryption/EncryptionServiceProvider.php:83)
[stacktrace]
#0 /Users/pauliyaji/Herd/powerhouse/vendor/laravel/framework/src/Illuminate/Support/helpers.php(393): Illuminate\\Encryption\\EncryptionServiceProvider->{closure:Illuminate\\Encryption\\EncryptionServiceProvider::key():81}('')
#1 /Users/pauliyaji/Herd/powerhouse/vendor/laravel/framework/src/Illuminate/Encryption/EncryptionServiceProvider.php(81): tap('', Object(Closure))
#2 /Users/pauliyaji/Herd/powerhouse/vendor/laravel/framework/src/Illuminate/Encryption/EncryptionServiceProvider.php(64): Illuminate\\Encryption\\EncryptionServiceProvider->key(Array)
#3 /Users/pauliyaji/Herd/powerhouse/vendor/laravel/framework/src/Illuminate/Encryption/EncryptionServiceProvider.php(32): Illuminate\\Encryption\\EncryptionServiceProvider->parseKey(Array)
#4 /Users/pauliyaji/Herd/powerhouse/vendor/laravel/framework/src/Illuminate/Container/Container.php(1115): Illuminate\\Encryption\\EncryptionServiceProvider->{closure:Illuminate\\Encryption\\EncryptionServiceProvider::registerEncrypter():29}(Object(Illuminate\\Foundation\\Application), Array)
#5 /Users/pauliyaji/Herd/powerhouse/vendor/laravel/framework/src/Illuminate/Container/Container.php(933): Illuminate\\Container\\Container->build(Object(Closure))
#6 /Users/pauliyaji/Herd/powerhouse/vendor/laravel/framework/src/Illuminate/Foundation/Application.php(1078): Illuminate\\Container\\Container->resolve('encrypter', Array, true)
#7 /Users/pauliyaji/Herd/powerhouse/vendor/laravel/framework/src/Illuminate/Container/Container.php(864): Illuminate\\Foundation\\Application->resolve('encrypter', Array)
#8 /Users/pauliyaji/Herd/powerhouse/vendor/laravel/framework/src/Illuminate/Foundation/Application.php(1058): Illuminate\\Container\\Container->make('encrypter', Array)
#9 /Users/pauliyaji/Herd/powerhouse/vendor/laravel/framework/src/Illuminate/Container/Container.php(1336): Illuminate\\Foundation\\Application->make('encrypter')
#10 /Users/pauliyaji/Herd/powerhouse/vendor/laravel/framework/src/Illuminate/Container/Container.php(1237): Illuminate\\Container\\Container->resolveClass(Object(ReflectionParameter), 'Illuminate\\\\Cont...')
#11 /Users/pauliyaji/Herd/powerhouse/vendor/laravel/framework/src/Illuminate/Container/Container.php(1162): Illuminate\\Container\\Container->resolveDependencies(Array)
#12 /Users/pauliyaji/Herd/powerhouse/vendor/laravel/framework/src/Illuminate/Container/Container.php(933): Illuminate\\Container\\Container->build('Illuminate\\\\Cook...')
#13 /Users/pauliyaji/Herd/powerhouse/vendor/laravel/framework/src/Illuminate/Foundation/Application.php(1078): Illuminate\\Container\\Container->resolve('Illuminate\\\\Cook...', Array, true)
#14 /Users/pauliyaji/Herd/powerhouse/vendor/laravel/framework/src/Illuminate/Container/Container.php(864): Illuminate\\Foundation\\Application->resolve('Illuminate\\\\Cook...', Array)
#15 /Users/pauliyaji/Herd/powerhouse/vendor/laravel/framework/src/Illuminate/Foundation/Application.php(1058): Illuminate\\Container\\Container->make('Illuminate\\\\Cook...', Array)
#16 /Users/pauliyaji/Herd/powerhouse/vendor/laravel/framework/src/Illuminate/Pipeline/Pipeline.php(208): Illuminate\\Foundation\\Application->make('Illuminate\\\\Cook...')
#17 /Users/pauliyaji/Herd/powerhouse/vendor/laravel/framework/src/Illuminate/Pipeline/Pipeline.php(137): Illuminate\\Pipeline\\Pipeline->{closure:{closure:Illuminate\\Pipeline\\Pipeline::carry():194}:195}(Object(Illuminate\\Http\\Request))
#18 /Users/pauliyaji/Herd/powerhouse/vendor/laravel/framework/src/Illuminate/Routing/Router.php(821): Illuminate\\Pipeline\\Pipeline->then(Object(Closure))
#19 /Users/pauliyaji/Herd/powerhouse/vendor/laravel/framework/src/Illuminate/Routing/Router.php(800): Illuminate\\Routing\\Router->runRouteWithinStack(Object(Illuminate\\Routing\\Route), Object(Illuminate\\Http\\Request))
#20 /Users/pauliyaji/Herd/powerhouse/vendor/laravel/framework/src/Illuminate/Routing/Router.php(764): Illuminate\\Routing\\Router->runRoute(Object(Illuminate\\Http\\Request), Object(Illuminate\\Routing\\Route))
#21 /Users/pauliyaji/Herd/powerhouse/vendor/laravel/framework/src/Illuminate/Routing/Router.php(753): Illuminate\\Routing\\Router->dispatchToRoute(Object(Illuminate\\Http\\Request))
#22 /Users/pauliyaji/Herd/powerhouse/vendor/laravel/framework/src/Illuminate/Foundation/Http/Kernel.php(200): Illuminate\\Routing\\Router->dispatch(Object(Illuminate\\Http\\Request))
#23 /Users/pauliyaji/Herd/powerhouse/vendor/laravel/framework/src/Illuminate/Pipeline/Pipeline.php(180): Illuminate\\Foundation\\Http\\Kernel->{closure:Illuminate\\Foundation\\Http\\Kernel::dispatchToRouter():197}(Object(Illuminate\\Http\\Request))
#24 /Users/pauliyaji/Herd/powerhouse/vendor/livewire/livewire/src/Features/SupportDisablingBackButtonCache/DisableBackButtonCacheMiddleware.php(19): Illuminate\\Pipeline\\Pipeline->{closure:Illuminate\\Pipeline\\Pipeline::prepareDestination():178}(Object(Illuminate\\Http\\Request))
#25 /Users/pauliyaji/Herd/powerhouse/vendor/laravel/framework/src/Illuminate/Pipeline/Pipeline.php(219): Livewire\\Features\\SupportDisablingBackButtonCache\\DisableBackButtonCacheMiddleware->handle(Object(Illuminate\\Http\\Request), Object(Closure))
#26 /Users/pauliyaji/Herd/powerhouse/vendor/laravel/framework/src/Illuminate/Foundation/Http/Middleware/TransformsRequest.php(21): Illuminate\\Pipeline\\Pipeline->{closure:{closure:Illuminate\\Pipeline\\Pipeline::carry():194}:195}(Object(Illuminate\\Http\\Request))
#27 /Users/pauliyaji/Herd/powerhouse/vendor/laravel/framework/src/Illuminate/Foundation/Http/Middleware/ConvertEmptyStringsToNull.php(31): Illuminate\\Foundation\\Http\\Middleware\\TransformsRequest->handle(Object(Illuminate\\Http\\Request), Object(Closure))
#28 /Users/pauliyaji/Herd/powerhouse/vendor/laravel/framework/src/Illuminate/Pipeline/Pipeline.php(219): Illuminate\\Foundation\\Http\\Middleware\\ConvertEmptyStringsToNull->handle(Object(Illuminate\\Http\\Request), Object(Closure))
#29 /Users/pauliyaji/Herd/powerhouse/vendor/laravel/framework/src/Illuminate/Foundation/Http/Middleware/TransformsRequest.php(21): Illuminate\\Pipeline\\Pipeline->{closure:{closure:Illuminate\\Pipeline\\Pipeline::carry():194}:195}(Object(Illuminate\\Http\\Request))
#30 /Users/pauliyaji/Herd/powerhouse/vendor/laravel/framework/src/Illuminate/Foundation/Http/Middleware/TrimStrings.php(51): Illuminate\\Foundation\\Http\\Middleware\\TransformsRequest->handle(Object(Illuminate\\Http\\Request), Object(Closure))
#31 /Users/pauliyaji/Herd/powerhouse/vendor/laravel/framework/src/Illuminate/Pipeline/Pipeline.php(219): Illuminate\\Foundation\\Http\\Middleware\\TrimStrings->handle(Object(Illuminate\\Http\\Request), Object(Closure))
#32 /Users/pauliyaji/Herd/powerhouse/vendor/laravel/framework/src/Illuminate/Http/Middleware/ValidatePostSize.php(27): Illuminate\\Pipeline\\Pipeline->{closure:{closure:Illuminate\\Pipeline\\Pipeline::carry():194}:195}(Object(Illuminate\\Http\\Request))
#33 /Users/pauliyaji/Herd/powerhouse/vendor/laravel/framework/src/Illuminate/Pipeline/Pipeline.php(219): Illuminate\\Http\\Middleware\\ValidatePostSize->handle(Object(Illuminate\\Http\\Request), Object(Closure))
#34 /Users/pauliyaji/Herd/powerhouse/vendor/laravel/framework/src/Illuminate/Foundation/Http/Middleware/PreventRequestsDuringMaintenance.php(109): Illuminate\\Pipeline\\Pipeline->{closure:{closure:Illuminate\\Pipeline\\Pipeline::carry():194}:195}(Object(Illuminate\\Http\\Request))
#35 /Users/pauliyaji/Herd/powerhouse/vendor/laravel/framework/src/Illuminate/Pipeline/Pipeline.php(219): Illuminate\\Foundation\\Http\\Middleware\\PreventRequestsDuringMaintenance->handle(Object(Illuminate\\Http\\Request), Object(Closure))
#36 /Users/pauliyaji/Herd/powerhouse/vendor/laravel/framework/src/Illuminate/Http/Middleware/HandleCors.php(61): Illuminate\\Pipeline\\Pipeline->{closure:{closure:Illuminate\\Pipeline\\Pipeline::carry():194}:195}(Object(Illuminate\\Http\\Request))
#37 /Users/pauliyaji/Herd/powerhouse/vendor/laravel/framework/src/Illuminate/Pipeline/Pipeline.php(219): Illuminate\\Http\\Middleware\\HandleCors->handle(Object(Illuminate\\Http\\Request), Object(Closure))
#38 /Users/pauliyaji/Herd/powerhouse/vendor/laravel/framework/src/Illuminate/Http/Middleware/TrustProxies.php(58): Illuminate\\Pipeline\\Pipeline->{closure:{closure:Illuminate\\Pipeline\\Pipeline::carry():194}:195}(Object(Illuminate\\Http\\Request))
#39 /Users/pauliyaji/Herd/powerhouse/vendor/laravel/framework/src/Illuminate/Pipeline/Pipeline.php(219): Illuminate\\Http\\Middleware\\TrustProxies->handle(Object(Illuminate\\Http\\Request), Object(Closure))
#40 /Users/pauliyaji/Herd/powerhouse/vendor/laravel/framework/src/Illuminate/Foundation/Http/Middleware/InvokeDeferredCallbacks.php(22): Illuminate\\Pipeline\\Pipeline->{closure:{closure:Illuminate\\Pipeline\\Pipeline::carry():194}:195}(Object(Illuminate\\Http\\Request))
#41 /Users/pauliyaji/Herd/powerhouse/vendor/laravel/framework/src/Illuminate/Pipeline/Pipeline.php(219): Illuminate\\Foundation\\Http\\Middleware\\InvokeDeferredCallbacks->handle(Object(Illuminate\\Http\\Request), Object(Closure))
#42 /Users/pauliyaji/Herd/powerhouse/vendor/laravel/framework/src/Illuminate/Http/Middleware/ValidatePathEncoding.php(26): Illuminate\\Pipeline\\Pipeline->{closure:{closure:Illuminate\\Pipeline\\Pipeline::carry():194}:195}(Object(Illuminate\\Http\\Request))
#43 /Users/pauliyaji/Herd/powerhouse/vendor/laravel/framework/src/Illuminate/Pipeline/Pipeline.php(219): Illuminate\\Http\\Middleware\\ValidatePathEncoding->handle(Object(Illuminate\\Http\\Request), Object(Closure))
#44 /Users/pauliyaji/Herd/powerhouse/vendor/laravel/framework/src/Illuminate/Pipeline/Pipeline.php(137): Illuminate\\Pipeline\\Pipeline->{closure:{closure:Illuminate\\Pipeline\\Pipeline::carry():194}:195}(Object(Illuminate\\Http\\Request))
#45 /Users/pauliyaji/Herd/powerhouse/vendor/laravel/framework/src/Illuminate/Foundation/Http/Kernel.php(175): Illuminate\\Pipeline\\Pipeline->then(Object(Closure))
#46 /Users/pauliyaji/Herd/powerhouse/vendor/laravel/framework/src/Illuminate/Foundation/Http/Kernel.php(144): Illuminate\\Foundation\\Http\\Kernel->sendRequestThroughRouter(Object(Illuminate\\Http\\Request))
#47 /Users/pauliyaji/Herd/powerhouse/vendor/laravel/framework/src/Illuminate/Foundation/Application.php(1220): Illuminate\\Foundation\\Http\\Kernel->handle(Object(Illuminate\\Http\\Request))
#48 /Users/pauliyaji/Herd/powerhouse/public/index.php(20): Illuminate\\Foundation\\Application->handleRequest(Object(Illuminate\\Http\\Request))
#49 /Applications/Herd.app/Contents/Resources/valet/server.php(167): require('/Users/pauliyaj...')
#50 {main}
"} 
[2026-05-31 00:35:52] local.ERROR: No application encryption key has been specified. {"exception":"[object] (Illuminate\\Encryption\\MissingAppKeyException(code: 0): No application encryption key has been specified. at /Users/pauliyaji/Herd/powerhouse/vendor/laravel/framework/src/Illuminate/Encryption/EncryptionServiceProvider.php:83)
[stacktrace]
#0 /Users/pauliyaji/Herd/powerhouse/vendor/laravel/framework/src/Illuminate/Support/helpers.php(393): Illuminate\\Encryption\\EncryptionServiceProvider->{closure:Illuminate\\Encryption\\EncryptionServiceProvider::key():81}('')
#1 /Users/pauliyaji/Herd/powerhouse/vendor/laravel/framework/src/Illuminate/Encryption/EncryptionServiceProvider.php(81): tap('', Object(Closure))
#2 /Users/pauliyaji/Herd/powerhouse/vendor/laravel/framework/src/Illuminate/Encryption/EncryptionServiceProvider.php(64): Illuminate\\Encryption\\EncryptionServiceProvider->key(Array)
#3 /Users/pauliyaji/Herd/powerhouse/vendor/laravel/framework/src/Illuminate/Encryption/EncryptionServiceProvider.php(32): Illuminate\\Encryption\\EncryptionServiceProvider->parseKey(Array)
#4 /Users/pauliyaji/Herd/powerhouse/vendor/laravel/framework/src/Illuminate/Container/Container.php(1115): Illuminate\\Encryption\\EncryptionServiceProvider->{closure:Illuminate\\Encryption\\EncryptionServiceProvider::registerEncrypter():29}(Object(Illuminate\\Foundation\\Application), Array)
#5 /Users/pauliyaji/Herd/powerhouse/vendor/laravel/framework/src/Illuminate/Container/Container.php(933): Illuminate\\Container\\Container->build(Object(Closure))
#6 /Users/pauliyaji/Herd/powerhouse/vendor/laravel/framework/src/Illuminate/Foundation/Application.php(1078): Illuminate\\Container\\Container->resolve('encrypter', Array, true)
#7 /Users/pauliyaji/Herd/powerhouse/vendor/laravel/framework/src/Illuminate/Container/Container.php(864): Illuminate\\Foundation\\Application->resolve('encrypter', Array)
#8 /Users/pauliyaji/Herd/powerhouse/vendor/laravel/framework/src/Illuminate/Foundation/Application.php(1058): Illuminate\\Container\\Container->make('encrypter', Array)
#9 /Users/pauliyaji/Herd/powerhouse/vendor/laravel/framework/src/Illuminate/Container/Container.php(1336): Illuminate\\Foundation\\Application->make('encrypter')
#10 /Users/pauliyaji/Herd/powerhouse/vendor/laravel/framework/src/Illuminate/Container/Container.php(1237): Illuminate\\Container\\Container->resolveClass(Object(ReflectionParameter), 'Illuminate\\\\Cont...')
#11 /Users/pauliyaji/Herd/powerhouse/vendor/laravel/framework/src/Illuminate/Container/Container.php(1162): Illuminate\\Container\\Container->resolveDependencies(Array)
#12 /Users/pauliyaji/Herd/powerhouse/vendor/laravel/framework/src/Illuminate/Container/Container.php(933): Illuminate\\Container\\Container->build('Illuminate\\\\Cook...')
#13 /Users/pauliyaji/Herd/powerhouse/vendor/laravel/framework/src/Illuminate/Foundation/Application.php(1078): Illuminate\\Container\\Container->resolve('Illuminate\\\\Cook...', Array, true)
#14 /Users/pauliyaji/Herd/powerhouse/vendor/laravel/framework/src/Illuminate/Container/Container.php(864): Illuminate\\Foundation\\Application->resolve('Illuminate\\\\Cook...', Array)
#15 /Users/pauliyaji/Herd/powerhouse/vendor/laravel/framework/src/Illuminate/Foundation/Application.php(1058): Illuminate\\Container\\Container->make('Illuminate\\\\Cook...', Array)
#16 /Users/pauliyaji/Herd/powerhouse/vendor/laravel/framework/src/Illuminate/Foundation/Http/Kernel.php(257): Illuminate\\Foundation\\Application->make('Illuminate\\\\Cook...')
#17 /Users/pauliyaji/Herd/powerhouse/vendor/laravel/framework/src/Illuminate/Foundation/Http/Kernel.php(215): Illuminate\\Foundation\\Http\\Kernel->terminateMiddleware(Object(Illuminate\\Http\\Request), Object(Illuminate\\Http\\Response))
#18 /Users/pauliyaji/Herd/powerhouse/vendor/laravel/framework/src/Illuminate/Foundation/Application.php(1222): Illuminate\\Foundation\\Http\\Kernel->terminate(Object(Illuminate\\Http\\Request), Object(Illuminate\\Http\\Response))
#19 /Users/pauliyaji/Herd/powerhouse/public/index.php(20): Illuminate\\Foundation\\Application->handleRequest(Object(Illuminate\\Http\\Request))
#20 /Applications/Herd.app/Contents/Resources/valet/server.php(167): require('/Users/pauliyaj...')
#21 {main}
"} 
[2026-05-31 00:35:53] local.ERROR: No application encryption key has been specified. {"exception":"[object] (Illuminate\\Encryption\\MissingAppKeyException(code: 0): No application encryption key has been specified. at /Users/pauliyaji/Herd/powerhouse/vendor/laravel/framework/src/Illuminate/Encryption/EncryptionServiceProvider.php:83)
[stacktrace]
#0 /Users/pauliyaji/Herd/powerhouse/vendor/laravel/framework/src/Illuminate/Support/helpers.php(393): Illuminate\\Encryption\\EncryptionServiceProvider->{closure:Illuminate\\Encryption\\EncryptionServiceProvider::key():81}('')
#1 /Users/pauliyaji/Herd/powerhouse/vendor/laravel/framework/src/Illuminate/Encryption/EncryptionServiceProvider.php(81): tap('', Object(Closure))
#2 /Users/pauliyaji/Herd/powerhouse/vendor/laravel/framework/src/Illuminate/Encryption/EncryptionServiceProvider.php(64): Illuminate\\Encryption\\EncryptionServiceProvider->key(Array)
#3 /Users/pauliyaji/Herd/powerhouse/vendor/laravel/framework/src/Illuminate/Encryption/EncryptionServiceProvider.php(32): Illuminate\\Encryption\\EncryptionServiceProvider->parseKey(Array)
#4 /Users/pauliyaji/Herd/powerhouse/vendor/laravel/framework/src/Illuminate/Container/Container.php(1115): Illuminate\\Encryption\\EncryptionServiceProvider->{closure:Illuminate\\Encryption\\EncryptionServiceProvider::registerEncrypter():29}(Object(Illuminate\\Foundation\\Application), Array)
#5 /Users/pauliyaji/Herd/powerhouse/vendor/laravel/framework/src/Illuminate/Container/Container.php(933): Illuminate\\Container\\Container->build(Object(Closure))
#6 /Users/pauliyaji/Herd/powerhouse/vendor/laravel/framework/src/Illuminate/Foundation/Application.php(1078): Illuminate\\Container\\Container->resolve('encrypter', Array, true)
#7 /Users/pauliyaji/Herd/powerhouse/vendor/laravel/framework/src/Illuminate/Container/Container.php(864): Illuminate\\Foundation\\Application->resolve('encrypter', Array)
#8 /Users/pauliyaji/Herd/powerhouse/vendor/laravel/framework/src/Illuminate/Foundation/Application.php(1058): Illuminate\\Container\\Container->make('encrypter', Array)
#9 /Users/pauliyaji/Herd/powerhouse/vendor/laravel/framework/src/Illuminate/Container/Container.php(1336): Illuminate\\Foundation\\Application->make('encrypter')
#10 /Users/pauliyaji/Herd/powerhouse/vendor/laravel/framework/src/Illuminate/Container/Container.php(1237): Illuminate\\Container\\Container->resolveClass(Object(ReflectionParameter), 'Illuminate\\\\Cont...')
#11 /Users/pauliyaji/Herd/powerhouse/vendor/laravel/framework/src/Illuminate/Container/Container.php(1162): Illuminate\\Container\\Container->resolveDependencies(Array)
#12 /Users/pauliyaji/Herd/powerhouse/vendor/laravel/framework/src/Illuminate/Container/Container.php(933): Illuminate\\Container\\Container->build('Illuminate\\\\Cook...')
#13 /Users/pauliyaji/Herd/powerhouse/vendor/laravel/framework/src/Illuminate/Foundation/Application.php(1078): Illuminate\\Container\\Container->resolve('Illuminate\\\\Cook...', Array, true)
#14 /Users/pauliyaji/Herd/powerhouse/vendor/laravel/framework/src/Illuminate/Container/Container.php(864): Illuminate\\Foundation\\Application->resolve('Illuminate\\\\Cook...', Array)
#15 /Users/pauliyaji/Herd/powerhouse/vendor/laravel/framework/src/Illuminate/Foundation/Application.php(1058): Illuminate\\Container\\Container->make('Illuminate\\\\Cook...', Array)
#16 /Users/pauliyaji/Herd/powerhouse/vendor/laravel/framework/src/Illuminate/Pipeline/Pipeline.php(208): Illuminate\\Foundation\\Application->make('Illuminate\\\\Cook...')
#17 /Users/pauliyaji/Herd/powerhouse/vendor/laravel/framework/src/Illuminate/Pipeline/Pipeline.php(137): Illuminate\\Pipeline\\Pipeline->{closure:{closure:Illuminate\\Pipeline\\Pipeline::carry():194}:195}(Object(Illuminate\\Http\\Request))
#18 /Users/pauliyaji/Herd/powerhouse/vendor/laravel/framework/src/Illuminate/Routing/Router.php(821): Illuminate\\Pipeline\\Pipeline->then(Object(Closure))
#19 /Users/pauliyaji/Herd/powerhouse/vendor/laravel/framework/src/Illuminate/Routing/Router.php(800): Illuminate\\Routing\\Router->runRouteWithinStack(Object(Illuminate\\Routing\\Route), Object(Illuminate\\Http\\Request))
#20 /Users/pauliyaji/Herd/powerhouse/vendor/laravel/framework/src/Illuminate/Routing/Router.php(764): Illuminate\\Routing\\Router->runRoute(Object(Illuminate\\Http\\Request), Object(Illuminate\\Routing\\Route))
#21 /Users/pauliyaji/Herd/powerhouse/vendor/laravel/framework/src/Illuminate/Routing/Router.php(753): Illuminate\\Routing\\Router->dispatchToRoute(Object(Illuminate\\Http\\Request))
#22 /Users/pauliyaji/Herd/powerhouse/vendor/laravel/framework/src/Illuminate/Foundation/Http/Kernel.php(200): Illuminate\\Routing\\Router->dispatch(Object(Illuminate\\Http\\Request))
#23 /Users/pauliyaji/Herd/powerhouse/vendor/laravel/framework/src/Illuminate/Pipeline/Pipeline.php(180): Illuminate\\Foundation\\Http\\Kernel->{closure:Illuminate\\Foundation\\Http\\Kernel::dispatchToRouter():197}(Object(Illuminate\\Http\\Request))
#24 /Users/pauliyaji/Herd/powerhouse/vendor/livewire/livewire/src/Features/SupportDisablingBackButtonCache/DisableBackButtonCacheMiddleware.php(19): Illuminate\\Pipeline\\Pipeline->{closure:Illuminate\\Pipeline\\Pipeline::prepareDestination():178}(Object(Illuminate\\Http\\Request))
#25 /Users/pauliyaji/Herd/powerhouse/vendor/laravel/framework/src/Illuminate/Pipeline/Pipeline.php(219): Livewire\\Features\\SupportDisablingBackButtonCache\\DisableBackButtonCacheMiddleware->handle(Object(Illuminate\\Http\\Request), Object(Closure))
#26 /Users/pauliyaji/Herd/powerhouse/vendor/laravel/framework/src/Illuminate/Foundation/Http/Middleware/TransformsRequest.php(21): Illuminate\\Pipeline\\Pipeline->{closure:{closure:Illuminate\\Pipeline\\Pipeline::carry():194}:195}(Object(Illuminate\\Http\\Request))
#27 /Users/pauliyaji/Herd/powerhouse/vendor/laravel/framework/src/Illuminate/Foundation/Http/Middleware/ConvertEmptyStringsToNull.php(31): Illuminate\\Foundation\\Http\\Middleware\\TransformsRequest->handle(Object(Illuminate\\Http\\Request), Object(Closure))
#28 /Users/pauliyaji/Herd/powerhouse/vendor/laravel/framework/src/Illuminate/Pipeline/Pipeline.php(219): Illuminate\\Foundation\\Http\\Middleware\\ConvertEmptyStringsToNull->handle(Object(Illuminate\\Http\\Request), Object(Closure))
#29 /Users/pauliyaji/Herd/powerhouse/vendor/laravel/framework/src/Illuminate/Foundation/Http/Middleware/TransformsRequest.php(21): Illuminate\\Pipeline\\Pipeline->{closure:{closure:Illuminate\\Pipeline\\Pipeline::carry():194}:195}(Object(Illuminate\\Http\\Request))
#30 /Users/pauliyaji/Herd/powerhouse/vendor/laravel/framework/src/Illuminate/Foundation/Http/Middleware/TrimStrings.php(51): Illuminate\\Foundation\\Http\\Middleware\\TransformsRequest->handle(Object(Illuminate\\Http\\Request), Object(Closure))
#31 /Users/pauliyaji/Herd/powerhouse/vendor/laravel/framework/src/Illuminate/Pipeline/Pipeline.php(219): Illuminate\\Foundation\\Http\\Middleware\\TrimStrings->handle(Object(Illuminate\\Http\\Request), Object(Closure))
#32 /Users/pauliyaji/Herd/powerhouse/vendor/laravel/framework/src/Illuminate/Http/Middleware/ValidatePostSize.php(27): Illuminate\\Pipeline\\Pipeline->{closure:{closure:Illuminate\\Pipeline\\Pipeline::carry():194}:195}(Object(Illuminate\\Http\\Request))
#33 /Users/pauliyaji/Herd/powerhouse/vendor/laravel/framework/src/Illuminate/Pipeline/Pipeline.php(219): Illuminate\\Http\\Middleware\\ValidatePostSize->handle(Object(Illuminate\\Http\\Request), Object(Closure))
#34 /Users/pauliyaji/Herd/powerhouse/vendor/laravel/framework/src/Illuminate/Foundation/Http/Middleware/PreventRequestsDuringMaintenance.php(109): Illuminate\\Pipeline\\Pipeline->{closure:{closure:Illuminate\\Pipeline\\Pipeline::carry():194}:195}(Object(Illuminate\\Http\\Request))
#35 /Users/pauliyaji/Herd/powerhouse/vendor/laravel/framework/src/Illuminate/Pipeline/Pipeline.php(219): Illuminate\\Foundation\\Http\\Middleware\\PreventRequestsDuringMaintenance->handle(Object(Illuminate\\Http\\Request), Object(Closure))
#36 /Users/pauliyaji/Herd/powerhouse/vendor/laravel/framework/src/Illuminate/Http/Middleware/HandleCors.php(61): Illuminate\\Pipeline\\Pipeline->{closure:{closure:Illuminate\\Pipeline\\Pipeline::carry():194}:195}(Object(Illuminate\\Http\\Request))
#37 /Users/pauliyaji/Herd/powerhouse/vendor/laravel/framework/src/Illuminate/Pipeline/Pipeline.php(219): Illuminate\\Http\\Middleware\\HandleCors->handle(Object(Illuminate\\Http\\Request), Object(Closure))
#38 /Users/pauliyaji/Herd/powerhouse/vendor/laravel/framework/src/Illuminate/Http/Middleware/TrustProxies.php(58): Illuminate\\Pipeline\\Pipeline->{closure:{closure:Illuminate\\Pipeline\\Pipeline::carry():194}:195}(Object(Illuminate\\Http\\Request))
#39 /Users/pauliyaji/Herd/powerhouse/vendor/laravel/framework/src/Illuminate/Pipeline/Pipeline.php(219): Illuminate\\Http\\Middleware\\TrustProxies->handle(Object(Illuminate\\Http\\Request), Object(Closure))
#40 /Users/pauliyaji/Herd/powerhouse/vendor/laravel/framework/src/Illuminate/Foundation/Http/Middleware/InvokeDeferredCallbacks.php(22): Illuminate\\Pipeline\\Pipeline->{closure:{closure:Illuminate\\Pipeline\\Pipeline::carry():194}:195}(Object(Illuminate\\Http\\Request))
#41 /Users/pauliyaji/Herd/powerhouse/vendor/laravel/framework/src/Illuminate/Pipeline/Pipeline.php(219): Illuminate\\Foundation\\Http\\Middleware\\InvokeDeferredCallbacks->handle(Object(Illuminate\\Http\\Request), Object(Closure))
#42 /Users/pauliyaji/Herd/powerhouse/vendor/laravel/framework/src/Illuminate/Http/Middleware/ValidatePathEncoding.php(26): Illuminate\\Pipeline\\Pipeline->{closure:{closure:Illuminate\\Pipeline\\Pipeline::carry():194}:195}(Object(Illuminate\\Http\\Request))
#43 /Users/pauliyaji/Herd/powerhouse/vendor/laravel/framework/src/Illuminate/Pipeline/Pipeline.php(219): Illuminate\\Http\\Middleware\\ValidatePathEncoding->handle(Object(Illuminate\\Http\\Request), Object(Closure))
#44 /Users/pauliyaji/Herd/powerhouse/vendor/laravel/framework/src/Illuminate/Pipeline/Pipeline.php(137): Illuminate\\Pipeline\\Pipeline->{closure:{closure:Illuminate\\Pipeline\\Pipeline::carry():194}:195}(Object(Illuminate\\Http\\Request))
#45 /Users/pauliyaji/Herd/powerhouse/vendor/laravel/framework/src/Illuminate/Foundation/Http/Kernel.php(175): Illuminate\\Pipeline\\Pipeline->then(Object(Closure))
#46 /Users/pauliyaji/Herd/powerhouse/vendor/laravel/framework/src/Illuminate/Foundation/Http/Kernel.php(144): Illuminate\\Foundation\\Http\\Kernel->sendRequestThroughRouter(Object(Illuminate\\Http\\Request))
#47 /Users/pauliyaji/Herd/powerhouse/vendor/laravel/framework/src/Illuminate/Foundation/Application.php(1220): Illuminate\\Foundation\\Http\\Kernel->handle(Object(Illuminate\\Http\\Request))
#48 /Users/pauliyaji/Herd/powerhouse/public/index.php(20): Illuminate\\Foundation\\Application->handleRequest(Object(Illuminate\\Http\\Request))
#49 /Applications/Herd.app/Contents/Resources/valet/server.php(167): require('/Users/pauliyaj...')
#50 {main}
"} 
[2026-05-31 00:35:53] local.ERROR: No application encryption key has been specified. {"exception":"[object] (Illuminate\\Encryption\\MissingAppKeyException(code: 0): No application encryption key has been specified. at /Users/pauliyaji/Herd/powerhouse/vendor/laravel/framework/src/Illuminate/Encryption/EncryptionServiceProvider.php:83)
[stacktrace]
#0 /Users/pauliyaji/Herd/powerhouse/vendor/laravel/framework/src/Illuminate/Support/helpers.php(393): Illuminate\\Encryption\\EncryptionServiceProvider->{closure:Illuminate\\Encryption\\EncryptionServiceProvider::key():81}('')
#1 /Users/pauliyaji/Herd/powerhouse/vendor/laravel/framework/src/Illuminate/Encryption/EncryptionServiceProvider.php(81): tap('', Object(Closure))
#2 /Users/pauliyaji/Herd/powerhouse/vendor/laravel/framework/src/Illuminate/Encryption/EncryptionServiceProvider.php(64): Illuminate\\Encryption\\EncryptionServiceProvider->key(Array)
#3 /Users/pauliyaji/Herd/powerhouse/vendor/laravel/framework/src/Illuminate/Encryption/EncryptionServiceProvider.php(32): Illuminate\\Encryption\\EncryptionServiceProvider->parseKey(Array)
#4 /Users/pauliyaji/Herd/powerhouse/vendor/laravel/framework/src/Illuminate/Container/Container.php(1115): Illuminate\\Encryption\\EncryptionServiceProvider->{closure:Illuminate\\Encryption\\EncryptionServiceProvider::registerEncrypter():29}(Object(Illuminate\\Foundation\\Application), Array)
#5 /Users/pauliyaji/Herd/powerhouse/vendor/laravel/framework/src/Illuminate/Container/Container.php(933): Illuminate\\Container\\Container->build(Object(Closure))
#6 /Users/pauliyaji/Herd/powerhouse/vendor/laravel/framework/src/Illuminate/Foundation/Application.php(1078): Illuminate\\Container\\Container->resolve('encrypter', Array, true)
#7 /Users/pauliyaji/Herd/powerhouse/vendor/laravel/framework/src/Illuminate/Container/Container.php(864): Illuminate\\Foundation\\Application->resolve('encrypter', Array)
#8 /Users/pauliyaji/Herd/powerhouse/vendor/laravel/framework/src/Illuminate/Foundation/Application.php(1058): Illuminate\\Container\\Container->make('encrypter', Array)
#9 /Users/pauliyaji/Herd/powerhouse/vendor/laravel/framework/src/Illuminate/Container/Container.php(1336): Illuminate\\Foundation\\Application->make('encrypter')
#10 /Users/pauliyaji/Herd/powerhouse/vendor/laravel/framework/src/Illuminate/Container/Container.php(1237): Illuminate\\Container\\Container->resolveClass(Object(ReflectionParameter), 'Illuminate\\\\Cont...')
#11 /Users/pauliyaji/Herd/powerhouse/vendor/laravel/framework/src/Illuminate/Container/Container.php(1162): Illuminate\\Container\\Container->resolveDependencies(Array)
#12 /Users/pauliyaji/Herd/powerhouse/vendor/laravel/framework/src/Illuminate/Container/Container.php(933): Illuminate\\Container\\Container->build('Illuminate\\\\Cook...')
#13 /Users/pauliyaji/Herd/powerhouse/vendor/laravel/framework/src/Illuminate/Foundation/Application.php(1078): Illuminate\\Container\\Container->resolve('Illuminate\\\\Cook...', Array, true)
#14 /Users/pauliyaji/Herd/powerhouse/vendor/laravel/framework/src/Illuminate/Container/Container.php(864): Illuminate\\Foundation\\Application->resolve('Illuminate\\\\Cook...', Array)
#15 /Users/pauliyaji/Herd/powerhouse/vendor/laravel/framework/src/Illuminate/Foundation/Application.php(1058): Illuminate\\Container\\Container->make('Illuminate\\\\Cook...', Array)
#16 /Users/pauliyaji/Herd/powerhouse/vendor/laravel/framework/src/Illuminate/Foundation/Http/Kernel.php(257): Illuminate\\Foundation\\Application->make('Illuminate\\\\Cook...')
#17 /Users/pauliyaji/Herd/powerhouse/vendor/laravel/framework/src/Illuminate/Foundation/Http/Kernel.php(215): Illuminate\\Foundation\\Http\\Kernel->terminateMiddleware(Object(Illuminate\\Http\\Request), Object(Illuminate\\Http\\Response))
#18 /Users/pauliyaji/Herd/powerhouse/vendor/laravel/framework/src/Illuminate/Foundation/Application.php(1222): Illuminate\\Foundation\\Http\\Kernel->terminate(Object(Illuminate\\Http\\Request), Object(Illuminate\\Http\\Response))
#19 /Users/pauliyaji/Herd/powerhouse/public/index.php(20): Illuminate\\Foundation\\Application->handleRequest(Object(Illuminate\\Http\\Request))
#20 /Applications/Herd.app/Contents/Resources/valet/server.php(167): require('/Users/pauliyaj...')
#21 {main}
"} 
[2026-07-02 20:17:53] local.ERROR: Call to undefined method PhpParser\Node\UnionType::toString() {"exception":"[object] (Error(code: 0): Call to undefined method PhpParser\\Node\\UnionType::toString() at /Users/pauliyaji/Herd/powerhouse/boa-intelligence/laravel-project-analyzer/src/Parsing/ClassVisitor.php:58)
[stacktrace]
#0 /Users/pauliyaji/Herd/powerhouse/boa-intelligence/laravel-project-analyzer/src/Parsing/ClassVisitor.php(25): ProjectAnalyzer\\Parsing\\ClassVisitor->extractClassInfo(Object(PhpParser\\Node\\Stmt\\Class_), 'class')
#1 /Users/pauliyaji/Herd/powerhouse/vendor/nikic/php-parser/lib/PhpParser/NodeTraverser.php(196): ProjectAnalyzer\\Parsing\\ClassVisitor->enterNode(Object(PhpParser\\Node\\Stmt\\Class_))
#2 /Users/pauliyaji/Herd/powerhouse/vendor/nikic/php-parser/lib/PhpParser/NodeTraverser.php(98): PhpParser\\NodeTraverser->traverseArray(Array)
#3 /Users/pauliyaji/Herd/powerhouse/vendor/nikic/php-parser/lib/PhpParser/NodeTraverser.php(227): PhpParser\\NodeTraverser->traverseNode(Object(PhpParser\\Node\\Stmt\\Namespace_))
#4 /Users/pauliyaji/Herd/powerhouse/vendor/nikic/php-parser/lib/PhpParser/NodeTraverser.php(76): PhpParser\\NodeTraverser->traverseArray(Array)
#5 /Users/pauliyaji/Herd/powerhouse/boa-intelligence/laravel-project-analyzer/src/Collectors/ClassCollector.php(45): PhpParser\\NodeTraverser->traverse(Array)
#6 /Users/pauliyaji/Herd/powerhouse/boa-intelligence/laravel-project-analyzer/src/Engine/AnalysisEngine.php(67): ProjectAnalyzer\\Collectors\\ClassCollector->collect()
#7 /Users/pauliyaji/Herd/powerhouse/boa-intelligence/laravel-project-analyzer/src/Commands/AnalyzeCommand.php(33): ProjectAnalyzer\\Engine\\AnalysisEngine->analyze(Array)
#8 /Users/pauliyaji/Herd/powerhouse/vendor/laravel/framework/src/Illuminate/Container/BoundMethod.php(36): ProjectAnalyzer\\Commands\\AnalyzeCommand->handle(Object(ProjectAnalyzer\\Engine\\AnalysisEngine))
#9 /Users/pauliyaji/Herd/powerhouse/vendor/laravel/framework/src/Illuminate/Container/Util.php(43): Illuminate\\Container\\BoundMethod::{closure:Illuminate\\Container\\BoundMethod::call():35}()
#10 /Users/pauliyaji/Herd/powerhouse/vendor/laravel/framework/src/Illuminate/Container/BoundMethod.php(96): Illuminate\\Container\\Util::unwrapIfClosure(Object(Closure))
#11 /Users/pauliyaji/Herd/powerhouse/vendor/laravel/framework/src/Illuminate/Container/BoundMethod.php(35): Illuminate\\Container\\BoundMethod::callBoundMethod(Object(Illuminate\\Foundation\\Application), Array, Object(Closure))
#12 /Users/pauliyaji/Herd/powerhouse/vendor/laravel/framework/src/Illuminate/Container/Container.php(799): Illuminate\\Container\\BoundMethod::call(Object(Illuminate\\Foundation\\Application), Array, Array, NULL)
#13 /Users/pauliyaji/Herd/powerhouse/vendor/laravel/framework/src/Illuminate/Console/Command.php(211): Illuminate\\Container\\Container->call(Array)
#14 /Users/pauliyaji/Herd/powerhouse/vendor/symfony/console/Command/Command.php(341): Illuminate\\Console\\Command->execute(Object(Symfony\\Component\\Console\\Input\\ArgvInput), Object(Illuminate\\Console\\OutputStyle))
#15 /Users/pauliyaji/Herd/powerhouse/vendor/laravel/framework/src/Illuminate/Console/Command.php(180): Symfony\\Component\\Console\\Command\\Command->run(Object(Symfony\\Component\\Console\\Input\\ArgvInput), Object(Illuminate\\Console\\OutputStyle))
#16 /Users/pauliyaji/Herd/powerhouse/vendor/symfony/console/Application.php(1117): Illuminate\\Console\\Command->run(Object(Symfony\\Component\\Console\\Input\\ArgvInput), Object(Symfony\\Component\\Console\\Output\\ConsoleOutput))
#17 /Users/pauliyaji/Herd/powerhouse/vendor/symfony/console/Application.php(356): Symfony\\Component\\Console\\Application->doRunCommand(Object(ProjectAnalyzer\\Commands\\AnalyzeCommand), Object(Symfony\\Component\\Console\\Input\\ArgvInput), Object(Symfony\\Component\\Console\\Output\\ConsoleOutput))
#18 /Users/pauliyaji/Herd/powerhouse/vendor/symfony/console/Application.php(195): Symfony\\Component\\Console\\Application->doRun(Object(Symfony\\Component\\Console\\Input\\ArgvInput), Object(Symfony\\Component\\Console\\Output\\ConsoleOutput))
#19 /Users/pauliyaji/Herd/powerhouse/vendor/laravel/framework/src/Illuminate/Foundation/Console/Kernel.php(198): Symfony\\Component\\Console\\Application->run(Object(Symfony\\Component\\Console\\Input\\ArgvInput), Object(Symfony\\Component\\Console\\Output\\ConsoleOutput))
#20 /Users/pauliyaji/Herd/powerhouse/vendor/laravel/framework/src/Illuminate/Foundation/Application.php(1235): Illuminate\\Foundation\\Console\\Kernel->handle(Object(Symfony\\Component\\Console\\Input\\ArgvInput), Object(Symfony\\Component\\Console\\Output\\ConsoleOutput))
#21 /Users/pauliyaji/Herd/powerhouse/artisan(16): Illuminate\\Foundation\\Application->handleCommand(Object(Symfony\\Component\\Console\\Input\\ArgvInput))
#22 {main}
"} 
[2026-07-02 20:22:42] local.ERROR: include(/Users/pauliyaji/Herd/powerhouse/vendor/composer/../boa-intelligence/laravel-project-analyzer/src/ProjectAnalyzerServiceProvider.php): Failed to open stream: No such file or directory {"exception":"[object] (ErrorException(code: 0): include(/Users/pauliyaji/Herd/powerhouse/vendor/composer/../boa-intelligence/laravel-project-analyzer/src/ProjectAnalyzerServiceProvider.php): Failed to open stream: No such file or directory at /Users/pauliyaji/Herd/powerhouse/vendor/composer/ClassLoader.php:576)
[stacktrace]
#0 /Users/pauliyaji/Herd/powerhouse/vendor/laravel/framework/src/Illuminate/Foundation/Bootstrap/HandleExceptions.php(258): Illuminate\\Foundation\\Bootstrap\\HandleExceptions->handleError(2, 'include(/Users/...', '/Users/pauliyaj...', 576)
#1 /Users/pauliyaji/Herd/powerhouse/vendor/composer/ClassLoader.php(576): Illuminate\\Foundation\\Bootstrap\\HandleExceptions->{closure:Illuminate\\Foundation\\Bootstrap\\HandleExceptions::forwardsTo():257}(2, 'include(/Users/...', '/Users/pauliyaj...', 576)
#2 /Users/pauliyaji/Herd/powerhouse/vendor/composer/ClassLoader.php(576): include('/Users/pauliyaj...')
#3 /Users/pauliyaji/Herd/powerhouse/vendor/composer/ClassLoader.php(427): {closure:Composer\\Autoload\\ClassLoader::initializeIncludeClosure():575}('/Users/pauliyaj...')
#4 /Users/pauliyaji/Herd/powerhouse/vendor/laravel/framework/src/Illuminate/Foundation/Application.php(961): Composer\\Autoload\\ClassLoader->loadClass('ProjectAnalyzer...')
#5 /Users/pauliyaji/Herd/powerhouse/vendor/laravel/framework/src/Illuminate/Foundation/Application.php(893): Illuminate\\Foundation\\Application->resolveProvider('ProjectAnalyzer...')
#6 /Users/pauliyaji/Herd/powerhouse/vendor/laravel/framework/src/Illuminate/Foundation/ProviderRepository.php(74): Illuminate\\Foundation\\Application->register('ProjectAnalyzer...')
#7 /Users/pauliyaji/Herd/powerhouse/vendor/laravel/framework/src/Illuminate/Foundation/Application.php(871): Illuminate\\Foundation\\ProviderRepository->load(Array)
#8 /Users/pauliyaji/Herd/powerhouse/vendor/laravel/framework/src/Illuminate/Foundation/Bootstrap/RegisterProviders.php(37): Illuminate\\Foundation\\Application->registerConfiguredProviders()
#9 /Users/pauliyaji/Herd/powerhouse/vendor/laravel/framework/src/Illuminate/Foundation/Application.php(342): Illuminate\\Foundation\\Bootstrap\\RegisterProviders->bootstrap(Object(Illuminate\\Foundation\\Application))
#10 /Users/pauliyaji/Herd/powerhouse/vendor/laravel/framework/src/Illuminate/Foundation/Console/Kernel.php(494): Illuminate\\Foundation\\Application->bootstrapWith(Array)
#11 /Users/pauliyaji/Herd/powerhouse/vendor/laravel/framework/src/Illuminate/Foundation/Console/Kernel.php(196): Illuminate\\Foundation\\Console\\Kernel->bootstrap()
#12 Command line code(1): Illuminate\\Foundation\\Console\\Kernel->handle(Object(Symfony\\Component\\Console\\Input\\ArgvInput), Object(Symfony\\Component\\Console\\Output\\ConsoleOutput))
#13 {main}
"} 
[2026-07-02 20:22:42] local.ERROR: Uncaught ReflectionException: Class "translator" does not exist in /Users/pauliyaji/Herd/powerhouse/vendor/laravel/framework/src/Illuminate/Container/Container.php:1122
Stack trace:
#0 /Users/pauliyaji/Herd/powerhouse/vendor/laravel/framework/src/Illuminate/Container/Container.php(1122): ReflectionClass->__construct('translator')
#1 /Users/pauliyaji/Herd/powerhouse/vendor/laravel/framework/src/Illuminate/Container/Container.php(933): Illuminate\Container\Container->build('translator')
#2 /Users/pauliyaji/Herd/powerhouse/vendor/laravel/framework/src/Illuminate/Foundation/Application.php(1078): Illuminate\Container\Container->resolve('translator', Array, true)
#3 /Users/pauliyaji/Herd/powerhouse/vendor/laravel/framework/src/Illuminate/Container/Container.php(864): Illuminate\Foundation\Application->resolve('translator', Array)
#4 /Users/pauliyaji/Herd/powerhouse/vendor/laravel/framework/src/Illuminate/Foundation/Application.php(1058): Illuminate\Container\Container->make('translator', Array)
#5 /Users/pauliyaji/Herd/powerhouse/vendor/laravel/framework/src/Illuminate/Foundation/helpers.php(138): Illuminate\Foundation\Application->make('translator', Array)
#6 Command line code(1): app('translator')
#7 {main}

Next Illuminate\Contracts\Container\BindingResolutionException: Target class [translator] does not exist. in /Users/pauliyaji/Herd/powerhouse/vendor/laravel/framework/src/Illuminate/Container/Container.php:1124
Stack trace:
#0 /Users/pauliyaji/Herd/powerhouse/vendor/laravel/framework/src/Illuminate/Container/Container.php(933): Illuminate\Container\Container->build('translator')
#1 /Users/pauliyaji/Herd/powerhouse/vendor/laravel/framework/src/Illuminate/Foundation/Application.php(1078): Illuminate\Container\Container->resolve('translator', Array, true)
#2 /Users/pauliyaji/Herd/powerhouse/vendor/laravel/framework/src/Illuminate/Container/Container.php(864): Illuminate\Foundation\Application->resolve('translator', Array)
#3 /Users/pauliyaji/Herd/powerhouse/vendor/laravel/framework/src/Illuminate/Foundation/Application.php(1058): Illuminate\Container\Container->make('translator', Array)
#4 /Users/pauliyaji/Herd/powerhouse/vendor/laravel/framework/src/Illuminate/Foundation/helpers.php(138): Illuminate\Foundation\Application->make('translator', Array)
#5 Command line code(1): app('translator')
#6 {main}
  thrown {"exception":"[object] (Symfony\\Component\\ErrorHandler\\Error\\FatalError(code: 0): Uncaught ReflectionException: Class \"translator\" does not exist in /Users/pauliyaji/Herd/powerhouse/vendor/laravel/framework/src/Illuminate/Container/Container.php:1122
Stack trace:
#0 /Users/pauliyaji/Herd/powerhouse/vendor/laravel/framework/src/Illuminate/Container/Container.php(1122): ReflectionClass->__construct('translator')
#1 /Users/pauliyaji/Herd/powerhouse/vendor/laravel/framework/src/Illuminate/Container/Container.php(933): Illuminate\\Container\\Container->build('translator')
#2 /Users/pauliyaji/Herd/powerhouse/vendor/laravel/framework/src/Illuminate/Foundation/Application.php(1078): Illuminate\\Container\\Container->resolve('translator', Array, true)
#3 /Users/pauliyaji/Herd/powerhouse/vendor/laravel/framework/src/Illuminate/Container/Container.php(864): Illuminate\\Foundation\\Application->resolve('translator', Array)
#4 /Users/pauliyaji/Herd/powerhouse/vendor/laravel/framework/src/Illuminate/Foundation/Application.php(1058): Illuminate\\Container\\Container->make('translator', Array)
#5 /Users/pauliyaji/Herd/powerhouse/vendor/laravel/framework/src/Illuminate/Foundation/helpers.php(138): Illuminate\\Foundation\\Application->make('translator', Array)
#6 Command line code(1): app('translator')
#7 {main}

Next Illuminate\\Contracts\\Container\\BindingResolutionException: Target class [translator] does not exist. in /Users/pauliyaji/Herd/powerhouse/vendor/laravel/framework/src/Illuminate/Container/Container.php:1124
Stack trace:
#0 /Users/pauliyaji/Herd/powerhouse/vendor/laravel/framework/src/Illuminate/Container/Container.php(933): Illuminate\\Container\\Container->build('translator')
#1 /Users/pauliyaji/Herd/powerhouse/vendor/laravel/framework/src/Illuminate/Foundation/Application.php(1078): Illuminate\\Container\\Container->resolve('translator', Array, true)
#2 /Users/pauliyaji/Herd/powerhouse/vendor/laravel/framework/src/Illuminate/Container/Container.php(864): Illuminate\\Foundation\\Application->resolve('translator', Array)
#3 /Users/pauliyaji/Herd/powerhouse/vendor/laravel/framework/src/Illuminate/Foundation/Application.php(1058): Illuminate\\Container\\Container->make('translator', Array)
#4 /Users/pauliyaji/Herd/powerhouse/vendor/laravel/framework/src/Illuminate/Foundation/helpers.php(138): Illuminate\\Foundation\\Application->make('translator', Array)
#5 Command line code(1): app('translator')
#6 {main}
  thrown at /Users/pauliyaji/Herd/powerhouse/vendor/laravel/framework/src/Illuminate/Container/Container.php:1124)
[stacktrace]
#0 {main}
"} 
[2026-07-02 20:22:42] local.ERROR: include(/Users/pauliyaji/Herd/powerhouse/vendor/composer/../boa-intelligence/laravel-project-analyzer/src/ProjectAnalyzerServiceProvider.php): Failed to open stream: No such file or directory {"exception":"[object] (ErrorException(code: 0): include(/Users/pauliyaji/Herd/powerhouse/vendor/composer/../boa-intelligence/laravel-project-analyzer/src/ProjectAnalyzerServiceProvider.php): Failed to open stream: No such file or directory at /Users/pauliyaji/Herd/powerhouse/vendor/composer/ClassLoader.php:576)
[stacktrace]
#0 /Users/pauliyaji/Herd/powerhouse/vendor/laravel/framework/src/Illuminate/Foundation/Bootstrap/HandleExceptions.php(258): Illuminate\\Foundation\\Bootstrap\\HandleExceptions->handleError(2, 'include(/Users/...', '/Users/pauliyaj...', 576)
#1 /Users/pauliyaji/Herd/powerhouse/vendor/composer/ClassLoader.php(576): Illuminate\\Foundation\\Bootstrap\\HandleExceptions->{closure:Illuminate\\Foundation\\Bootstrap\\HandleExceptions::forwardsTo():257}(2, 'include(/Users/...', '/Users/pauliyaj...', 576)
#2 /Users/pauliyaji/Herd/powerhouse/vendor/composer/ClassLoader.php(576): include('/Users/pauliyaj...')
#3 /Users/pauliyaji/Herd/powerhouse/vendor/composer/ClassLoader.php(427): {closure:Composer\\Autoload\\ClassLoader::initializeIncludeClosure():575}('/Users/pauliyaj...')
#4 /Users/pauliyaji/Herd/powerhouse/vendor/laravel/framework/src/Illuminate/Foundation/Application.php(961): Composer\\Autoload\\ClassLoader->loadClass('ProjectAnalyzer...')
#5 /Users/pauliyaji/Herd/powerhouse/vendor/laravel/framework/src/Illuminate/Foundation/Application.php(893): Illuminate\\Foundation\\Application->resolveProvider('ProjectAnalyzer...')
#6 /Users/pauliyaji/Herd/powerhouse/vendor/laravel/framework/src/Illuminate/Foundation/ProviderRepository.php(74): Illuminate\\Foundation\\Application->register('ProjectAnalyzer...')
#7 /Users/pauliyaji/Herd/powerhouse/vendor/laravel/framework/src/Illuminate/Foundation/Application.php(871): Illuminate\\Foundation\\ProviderRepository->load(Array)
#8 /Users/pauliyaji/Herd/powerhouse/vendor/laravel/framework/src/Illuminate/Foundation/Bootstrap/RegisterProviders.php(37): Illuminate\\Foundation\\Application->registerConfiguredProviders()
#9 /Users/pauliyaji/Herd/powerhouse/vendor/laravel/framework/src/Illuminate/Foundation/Application.php(342): Illuminate\\Foundation\\Bootstrap\\RegisterProviders->bootstrap(Object(Illuminate\\Foundation\\Application))
#10 /Users/pauliyaji/Herd/powerhouse/vendor/laravel/framework/src/Illuminate/Foundation/Console/Kernel.php(494): Illuminate\\Foundation\\Application->bootstrapWith(Array)
#11 /Users/pauliyaji/Herd/powerhouse/vendor/laravel/framework/src/Illuminate/Foundation/Console/Kernel.php(196): Illuminate\\Foundation\\Console\\Kernel->bootstrap()
#12 Command line code(1): Illuminate\\Foundation\\Console\\Kernel->handle(Object(Symfony\\Component\\Console\\Input\\ArgvInput), Object(Symfony\\Component\\Console\\Output\\ConsoleOutput))
#13 {main}
"} 
[2026-07-02 20:22:42] local.ERROR: include(/Users/pauliyaji/Herd/powerhouse/vendor/composer/../boa-intelligence/laravel-project-analyzer/src/ProjectAnalyzerServiceProvider.php): Failed to open stream: No such file or directory {"exception":"[object] (ErrorException(code: 0): include(/Users/pauliyaji/Herd/powerhouse/vendor/composer/../boa-intelligence/laravel-project-analyzer/src/ProjectAnalyzerServiceProvider.php): Failed to open stream: No such file or directory at /Users/pauliyaji/Herd/powerhouse/vendor/composer/ClassLoader.php:576)
[stacktrace]
#0 /Users/pauliyaji/Herd/powerhouse/vendor/laravel/framework/src/Illuminate/Foundation/Bootstrap/HandleExceptions.php(258): Illuminate\\Foundation\\Bootstrap\\HandleExceptions->handleError(2, 'include(/Users/...', '/Users/pauliyaj...', 576)
#1 /Users/pauliyaji/Herd/powerhouse/vendor/composer/ClassLoader.php(576): Illuminate\\Foundation\\Bootstrap\\HandleExceptions->{closure:Illuminate\\Foundation\\Bootstrap\\HandleExceptions::forwardsTo():257}(2, 'include(/Users/...', '/Users/pauliyaj...', 576)
#2 /Users/pauliyaji/Herd/powerhouse/vendor/composer/ClassLoader.php(576): include('/Users/pauliyaj...')
#3 /Users/pauliyaji/Herd/powerhouse/vendor/composer/ClassLoader.php(427): {closure:Composer\\Autoload\\ClassLoader::initializeIncludeClosure():575}('/Users/pauliyaj...')
#4 /Users/pauliyaji/Herd/powerhouse/vendor/laravel/framework/src/Illuminate/Foundation/Application.php(961): Composer\\Autoload\\ClassLoader->loadClass('ProjectAnalyzer...')
#5 /Users/pauliyaji/Herd/powerhouse/vendor/laravel/framework/src/Illuminate/Foundation/Application.php(893): Illuminate\\Foundation\\Application->resolveProvider('ProjectAnalyzer...')
#6 /Users/pauliyaji/Herd/powerhouse/vendor/laravel/framework/src/Illuminate/Foundation/ProviderRepository.php(74): Illuminate\\Foundation\\Application->register('ProjectAnalyzer...')
#7 /Users/pauliyaji/Herd/powerhouse/vendor/laravel/framework/src/Illuminate/Foundation/Application.php(871): Illuminate\\Foundation\\ProviderRepository->load(Array)
#8 /Users/pauliyaji/Herd/powerhouse/vendor/laravel/framework/src/Illuminate/Foundation/Bootstrap/RegisterProviders.php(37): Illuminate\\Foundation\\Application->registerConfiguredProviders()
#9 /Users/pauliyaji/Herd/powerhouse/vendor/laravel/framework/src/Illuminate/Foundation/Application.php(342): Illuminate\\Foundation\\Bootstrap\\RegisterProviders->bootstrap(Object(Illuminate\\Foundation\\Application))
#10 /Users/pauliyaji/Herd/powerhouse/vendor/laravel/framework/src/Illuminate/Foundation/Console/Kernel.php(494): Illuminate\\Foundation\\Application->bootstrapWith(Array)
#11 /Users/pauliyaji/Herd/powerhouse/vendor/laravel/framework/src/Illuminate/Foundation/Console/Kernel.php(196): Illuminate\\Foundation\\Console\\Kernel->bootstrap()
#12 Command line code(1): Illuminate\\Foundation\\Console\\Kernel->handle(Object(Symfony\\Component\\Console\\Input\\ArgvInput), Object(Symfony\\Component\\Console\\Output\\ConsoleOutput))
#13 {main}
"} 
[2026-07-02 20:22:42] local.ERROR: include(/Users/pauliyaji/Herd/powerhouse/vendor/composer/../boa-intelligence/laravel-project-analyzer/src/ProjectAnalyzerServiceProvider.php): Failed to open stream: No such file or directory {"exception":"[object] (ErrorException(code: 0): include(/Users/pauliyaji/Herd/powerhouse/vendor/composer/../boa-intelligence/laravel-project-analyzer/src/ProjectAnalyzerServiceProvider.php): Failed to open stream: No such file or directory at /Users/pauliyaji/Herd/powerhouse/vendor/composer/ClassLoader.php:576)
[stacktrace]
#0 /Users/pauliyaji/Herd/powerhouse/vendor/laravel/framework/src/Illuminate/Foundation/Bootstrap/HandleExceptions.php(258): Illuminate\\Foundation\\Bootstrap\\HandleExceptions->handleError(2, 'include(/Users/...', '/Users/pauliyaj...', 576)
#1 /Users/pauliyaji/Herd/powerhouse/vendor/composer/ClassLoader.php(576): Illuminate\\Foundation\\Bootstrap\\HandleExceptions->{closure:Illuminate\\Foundation\\Bootstrap\\HandleExceptions::forwardsTo():257}(2, 'include(/Users/...', '/Users/pauliyaj...', 576)
#2 /Users/pauliyaji/Herd/powerhouse/vendor/composer/ClassLoader.php(576): include('/Users/pauliyaj...')
#3 /Users/pauliyaji/Herd/powerhouse/vendor/composer/ClassLoader.php(427): {closure:Composer\\Autoload\\ClassLoader::initializeIncludeClosure():575}('/Users/pauliyaj...')
#4 /Users/pauliyaji/Herd/powerhouse/vendor/laravel/framework/src/Illuminate/Foundation/Application.php(961): Composer\\Autoload\\ClassLoader->loadClass('ProjectAnalyzer...')
#5 /Users/pauliyaji/Herd/powerhouse/vendor/laravel/framework/src/Illuminate/Foundation/Application.php(893): Illuminate\\Foundation\\Application->resolveProvider('ProjectAnalyzer...')
#6 /Users/pauliyaji/Herd/powerhouse/vendor/laravel/framework/src/Illuminate/Foundation/ProviderRepository.php(74): Illuminate\\Foundation\\Application->register('ProjectAnalyzer...')
#7 /Users/pauliyaji/Herd/powerhouse/vendor/laravel/framework/src/Illuminate/Foundation/Application.php(871): Illuminate\\Foundation\\ProviderRepository->load(Array)
#8 /Users/pauliyaji/Herd/powerhouse/vendor/laravel/framework/src/Illuminate/Foundation/Bootstrap/RegisterProviders.php(37): Illuminate\\Foundation\\Application->registerConfiguredProviders()
#9 /Users/pauliyaji/Herd/powerhouse/vendor/laravel/framework/src/Illuminate/Foundation/Application.php(342): Illuminate\\Foundation\\Bootstrap\\RegisterProviders->bootstrap(Object(Illuminate\\Foundation\\Application))
#10 /Users/pauliyaji/Herd/powerhouse/vendor/laravel/framework/src/Illuminate/Foundation/Console/Kernel.php(494): Illuminate\\Foundation\\Application->bootstrapWith(Array)
#11 /Users/pauliyaji/Herd/powerhouse/vendor/laravel/framework/src/Illuminate/Foundation/Console/Kernel.php(196): Illuminate\\Foundation\\Console\\Kernel->bootstrap()
#12 Command line code(1): Illuminate\\Foundation\\Console\\Kernel->handle(Object(Symfony\\Component\\Console\\Input\\ArgvInput), Object(Symfony\\Component\\Console\\Output\\ConsoleOutput))
#13 {main}
"} 
[2026-07-02 20:22:42] local.ERROR: include(/Users/pauliyaji/Herd/powerhouse/vendor/composer/../boa-intelligence/laravel-project-analyzer/src/ProjectAnalyzerServiceProvider.php): Failed to open stream: No such file or directory {"exception":"[object] (ErrorException(code: 0): include(/Users/pauliyaji/Herd/powerhouse/vendor/composer/../boa-intelligence/laravel-project-analyzer/src/ProjectAnalyzerServiceProvider.php): Failed to open stream: No such file or directory at /Users/pauliyaji/Herd/powerhouse/vendor/composer/ClassLoader.php:576)
[stacktrace]
#0 /Users/pauliyaji/Herd/powerhouse/vendor/laravel/framework/src/Illuminate/Foundation/Bootstrap/HandleExceptions.php(258): Illuminate\\Foundation\\Bootstrap\\HandleExceptions->handleError(2, 'include(/Users/...', '/Users/pauliyaj...', 576)
#1 /Users/pauliyaji/Herd/powerhouse/vendor/composer/ClassLoader.php(576): Illuminate\\Foundation\\Bootstrap\\HandleExceptions->{closure:Illuminate\\Foundation\\Bootstrap\\HandleExceptions::forwardsTo():257}(2, 'include(/Users/...', '/Users/pauliyaj...', 576)
#2 /Users/pauliyaji/Herd/powerhouse/vendor/composer/ClassLoader.php(576): include('/Users/pauliyaj...')
#3 /Users/pauliyaji/Herd/powerhouse/vendor/composer/ClassLoader.php(427): {closure:Composer\\Autoload\\ClassLoader::initializeIncludeClosure():575}('/Users/pauliyaj...')
#4 /Users/pauliyaji/Herd/powerhouse/vendor/laravel/framework/src/Illuminate/Foundation/Application.php(961): Composer\\Autoload\\ClassLoader->loadClass('ProjectAnalyzer...')
#5 /Users/pauliyaji/Herd/powerhouse/vendor/laravel/framework/src/Illuminate/Foundation/Application.php(893): Illuminate\\Foundation\\Application->resolveProvider('ProjectAnalyzer...')
#6 /Users/pauliyaji/Herd/powerhouse/vendor/laravel/framework/src/Illuminate/Foundation/ProviderRepository.php(74): Illuminate\\Foundation\\Application->register('ProjectAnalyzer...')
#7 /Users/pauliyaji/Herd/powerhouse/vendor/laravel/framework/src/Illuminate/Foundation/Application.php(871): Illuminate\\Foundation\\ProviderRepository->load(Array)
#8 /Users/pauliyaji/Herd/powerhouse/vendor/laravel/framework/src/Illuminate/Foundation/Bootstrap/RegisterProviders.php(37): Illuminate\\Foundation\\Application->registerConfiguredProviders()
#9 /Users/pauliyaji/Herd/powerhouse/vendor/laravel/framework/src/Illuminate/Foundation/Application.php(342): Illuminate\\Foundation\\Bootstrap\\RegisterProviders->bootstrap(Object(Illuminate\\Foundation\\Application))
#10 /Users/pauliyaji/Herd/powerhouse/vendor/laravel/framework/src/Illuminate/Foundation/Console/Kernel.php(494): Illuminate\\Foundation\\Application->bootstrapWith(Array)
#11 /Users/pauliyaji/Herd/powerhouse/vendor/laravel/framework/src/Illuminate/Foundation/Console/Kernel.php(196): Illuminate\\Foundation\\Console\\Kernel->bootstrap()
#12 Command line code(1): Illuminate\\Foundation\\Console\\Kernel->handle(Object(Symfony\\Component\\Console\\Input\\ArgvInput), Object(Symfony\\Component\\Console\\Output\\ConsoleOutput))
#13 {main}
"} 
[2026-07-02 20:22:42] local.ERROR: include(/Users/pauliyaji/Herd/powerhouse/vendor/composer/../boa-intelligence/laravel-project-analyzer/src/ProjectAnalyzerServiceProvider.php): Failed to open stream: No such file or directory {"exception":"[object] (ErrorException(code: 0): include(/Users/pauliyaji/Herd/powerhouse/vendor/composer/../boa-intelligence/laravel-project-analyzer/src/ProjectAnalyzerServiceProvider.php): Failed to open stream: No such file or directory at /Users/pauliyaji/Herd/powerhouse/vendor/composer/ClassLoader.php:576)
[stacktrace]
#0 /Users/pauliyaji/Herd/powerhouse/vendor/laravel/framework/src/Illuminate/Foundation/Bootstrap/HandleExceptions.php(258): Illuminate\\Foundation\\Bootstrap\\HandleExceptions->handleError(2, 'include(/Users/...', '/Users/pauliyaj...', 576)
#1 /Users/pauliyaji/Herd/powerhouse/vendor/composer/ClassLoader.php(576): Illuminate\\Foundation\\Bootstrap\\HandleExceptions->{closure:Illuminate\\Foundation\\Bootstrap\\HandleExceptions::forwardsTo():257}(2, 'include(/Users/...', '/Users/pauliyaj...', 576)
#2 /Users/pauliyaji/Herd/powerhouse/vendor/composer/ClassLoader.php(576): include('/Users/pauliyaj...')
#3 /Users/pauliyaji/Herd/powerhouse/vendor/composer/ClassLoader.php(427): {closure:Composer\\Autoload\\ClassLoader::initializeIncludeClosure():575}('/Users/pauliyaj...')
#4 /Users/pauliyaji/Herd/powerhouse/vendor/laravel/framework/src/Illuminate/Foundation/Application.php(961): Composer\\Autoload\\ClassLoader->loadClass('ProjectAnalyzer...')
#5 /Users/pauliyaji/Herd/powerhouse/vendor/laravel/framework/src/Illuminate/Foundation/Application.php(893): Illuminate\\Foundation\\Application->resolveProvider('ProjectAnalyzer...')
#6 /Users/pauliyaji/Herd/powerhouse/vendor/laravel/framework/src/Illuminate/Foundation/ProviderRepository.php(74): Illuminate\\Foundation\\Application->register('ProjectAnalyzer...')
#7 /Users/pauliyaji/Herd/powerhouse/vendor/laravel/framework/src/Illuminate/Foundation/Application.php(871): Illuminate\\Foundation\\ProviderRepository->load(Array)
#8 /Users/pauliyaji/Herd/powerhouse/vendor/laravel/framework/src/Illuminate/Foundation/Bootstrap/RegisterProviders.php(37): Illuminate\\Foundation\\Application->registerConfiguredProviders()
#9 /Users/pauliyaji/Herd/powerhouse/vendor/laravel/framework/src/Illuminate/Foundation/Application.php(342): Illuminate\\Foundation\\Bootstrap\\RegisterProviders->bootstrap(Object(Illuminate\\Foundation\\Application))
#10 /Users/pauliyaji/Herd/powerhouse/vendor/laravel/framework/src/Illuminate/Foundation/Console/Kernel.php(494): Illuminate\\Foundation\\Application->bootstrapWith(Array)
#11 /Users/pauliyaji/Herd/powerhouse/vendor/laravel/framework/src/Illuminate/Foundation/Console/Kernel.php(196): Illuminate\\Foundation\\Console\\Kernel->bootstrap()
#12 Command line code(1): Illuminate\\Foundation\\Console\\Kernel->handle(Object(Symfony\\Component\\Console\\Input\\ArgvInput), Object(Symfony\\Component\\Console\\Output\\ConsoleOutput))
#13 {main}
"} 
[2026-07-02 20:22:42] local.ERROR: include(/Users/pauliyaji/Herd/powerhouse/vendor/composer/../boa-intelligence/laravel-project-analyzer/src/ProjectAnalyzerServiceProvider.php): Failed to open stream: No such file or directory {"exception":"[object] (ErrorException(code: 0): include(/Users/pauliyaji/Herd/powerhouse/vendor/composer/../boa-intelligence/laravel-project-analyzer/src/ProjectAnalyzerServiceProvider.php): Failed to open stream: No such file or directory at /Users/pauliyaji/Herd/powerhouse/vendor/composer/ClassLoader.php:576)
[stacktrace]
#0 /Users/pauliyaji/Herd/powerhouse/vendor/laravel/framework/src/Illuminate/Foundation/Bootstrap/HandleExceptions.php(258): Illuminate\\Foundation\\Bootstrap\\HandleExceptions->handleError(2, 'include(/Users/...', '/Users/pauliyaj...', 576)
#1 /Users/pauliyaji/Herd/powerhouse/vendor/composer/ClassLoader.php(576): Illuminate\\Foundation\\Bootstrap\\HandleExceptions->{closure:Illuminate\\Foundation\\Bootstrap\\HandleExceptions::forwardsTo():257}(2, 'include(/Users/...', '/Users/pauliyaj...', 576)
#2 /Users/pauliyaji/Herd/powerhouse/vendor/composer/ClassLoader.php(576): include('/Users/pauliyaj...')
#3 /Users/pauliyaji/Herd/powerhouse/vendor/composer/ClassLoader.php(427): {closure:Composer\\Autoload\\ClassLoader::initializeIncludeClosure():575}('/Users/pauliyaj...')
#4 /Users/pauliyaji/Herd/powerhouse/vendor/laravel/framework/src/Illuminate/Foundation/Application.php(961): Composer\\Autoload\\ClassLoader->loadClass('ProjectAnalyzer...')
#5 /Users/pauliyaji/Herd/powerhouse/vendor/laravel/framework/src/Illuminate/Foundation/Application.php(893): Illuminate\\Foundation\\Application->resolveProvider('ProjectAnalyzer...')
#6 /Users/pauliyaji/Herd/powerhouse/vendor/laravel/framework/src/Illuminate/Foundation/ProviderRepository.php(74): Illuminate\\Foundation\\Application->register('ProjectAnalyzer...')
#7 /Users/pauliyaji/Herd/powerhouse/vendor/laravel/framework/src/Illuminate/Foundation/Application.php(871): Illuminate\\Foundation\\ProviderRepository->load(Array)
#8 /Users/pauliyaji/Herd/powerhouse/vendor/laravel/framework/src/Illuminate/Foundation/Bootstrap/RegisterProviders.php(37): Illuminate\\Foundation\\Application->registerConfiguredProviders()
#9 /Users/pauliyaji/Herd/powerhouse/vendor/laravel/framework/src/Illuminate/Foundation/Application.php(342): Illuminate\\Foundation\\Bootstrap\\RegisterProviders->bootstrap(Object(Illuminate\\Foundation\\Application))
#10 /Users/pauliyaji/Herd/powerhouse/vendor/laravel/framework/src/Illuminate/Foundation/Console/Kernel.php(494): Illuminate\\Foundation\\Application->bootstrapWith(Array)
#11 /Users/pauliyaji/Herd/powerhouse/vendor/laravel/framework/src/Illuminate/Foundation/Console/Kernel.php(196): Illuminate\\Foundation\\Console\\Kernel->bootstrap()
#12 Command line code(1): Illuminate\\Foundation\\Console\\Kernel->handle(Object(Symfony\\Component\\Console\\Input\\ArgvInput), Object(Symfony\\Component\\Console\\Output\\ConsoleOutput))
#13 {main}
"} 
[2026-07-02 20:22:42] local.ERROR: include(/Users/pauliyaji/Herd/powerhouse/vendor/composer/../boa-intelligence/laravel-project-analyzer/src/ProjectAnalyzerServiceProvider.php): Failed to open stream: No such file or directory {"exception":"[object] (ErrorException(code: 0): include(/Users/pauliyaji/Herd/powerhouse/vendor/composer/../boa-intelligence/laravel-project-analyzer/src/ProjectAnalyzerServiceProvider.php): Failed to open stream: No such file or directory at /Users/pauliyaji/Herd/powerhouse/vendor/composer/ClassLoader.php:576)
[stacktrace]
#0 /Users/pauliyaji/Herd/powerhouse/vendor/laravel/framework/src/Illuminate/Foundation/Bootstrap/HandleExceptions.php(258): Illuminate\\Foundation\\Bootstrap\\HandleExceptions->handleError(2, 'include(/Users/...', '/Users/pauliyaj...', 576)
#1 /Users/pauliyaji/Herd/powerhouse/vendor/composer/ClassLoader.php(576): Illuminate\\Foundation\\Bootstrap\\HandleExceptions->{closure:Illuminate\\Foundation\\Bootstrap\\HandleExceptions::forwardsTo():257}(2, 'include(/Users/...', '/Users/pauliyaj...', 576)
#2 /Users/pauliyaji/Herd/powerhouse/vendor/composer/ClassLoader.php(576): include('/Users/pauliyaj...')
#3 /Users/pauliyaji/Herd/powerhouse/vendor/composer/ClassLoader.php(427): {closure:Composer\\Autoload\\ClassLoader::initializeIncludeClosure():575}('/Users/pauliyaj...')
#4 /Users/pauliyaji/Herd/powerhouse/vendor/laravel/framework/src/Illuminate/Foundation/Application.php(961): Composer\\Autoload\\ClassLoader->loadClass('ProjectAnalyzer...')
#5 /Users/pauliyaji/Herd/powerhouse/vendor/laravel/framework/src/Illuminate/Foundation/Application.php(893): Illuminate\\Foundation\\Application->resolveProvider('ProjectAnalyzer...')
#6 /Users/pauliyaji/Herd/powerhouse/vendor/laravel/framework/src/Illuminate/Foundation/ProviderRepository.php(74): Illuminate\\Foundation\\Application->register('ProjectAnalyzer...')
#7 /Users/pauliyaji/Herd/powerhouse/vendor/laravel/framework/src/Illuminate/Foundation/Application.php(871): Illuminate\\Foundation\\ProviderRepository->load(Array)
#8 /Users/pauliyaji/Herd/powerhouse/vendor/laravel/framework/src/Illuminate/Foundation/Bootstrap/RegisterProviders.php(37): Illuminate\\Foundation\\Application->registerConfiguredProviders()
#9 /Users/pauliyaji/Herd/powerhouse/vendor/laravel/framework/src/Illuminate/Foundation/Application.php(342): Illuminate\\Foundation\\Bootstrap\\RegisterProviders->bootstrap(Object(Illuminate\\Foundation\\Application))
#10 /Users/pauliyaji/Herd/powerhouse/vendor/laravel/framework/src/Illuminate/Foundation/Console/Kernel.php(494): Illuminate\\Foundation\\Application->bootstrapWith(Array)
#11 /Users/pauliyaji/Herd/powerhouse/vendor/laravel/framework/src/Illuminate/Foundation/Console/Kernel.php(196): Illuminate\\Foundation\\Console\\Kernel->bootstrap()
#12 Command line code(1): Illuminate\\Foundation\\Console\\Kernel->handle(Object(Symfony\\Component\\Console\\Input\\ArgvInput), Object(Symfony\\Component\\Console\\Output\\ConsoleOutput))
#13 {main}
"} 
[2026-07-04 16:08:53] local.ERROR: include(/Users/pauliyaji/Herd/powerhouse/vendor/composer/../boa-intelligence/laravel-project-analyzer/src/ProjectAnalyzerServiceProvider.php): Failed to open stream: No such file or directory {"exception":"[object] (ErrorException(code: 0): include(/Users/pauliyaji/Herd/powerhouse/vendor/composer/../boa-intelligence/laravel-project-analyzer/src/ProjectAnalyzerServiceProvider.php): Failed to open stream: No such file or directory at /Users/pauliyaji/Herd/powerhouse/vendor/composer/ClassLoader.php:576)
[stacktrace]
#0 /Users/pauliyaji/Herd/powerhouse/vendor/laravel/framework/src/Illuminate/Foundation/Bootstrap/HandleExceptions.php(258): Illuminate\\Foundation\\Bootstrap\\HandleExceptions->handleError(2, 'include(/Users/...', '/Users/pauliyaj...', 576)
#1 /Users/pauliyaji/Herd/powerhouse/vendor/composer/ClassLoader.php(576): Illuminate\\Foundation\\Bootstrap\\HandleExceptions->{closure:Illuminate\\Foundation\\Bootstrap\\HandleExceptions::forwardsTo():257}(2, 'include(/Users/...', '/Users/pauliyaj...', 576)
#2 /Users/pauliyaji/Herd/powerhouse/vendor/composer/ClassLoader.php(576): include('/Users/pauliyaj...')
#3 /Users/pauliyaji/Herd/powerhouse/vendor/composer/ClassLoader.php(427): {closure:Composer\\Autoload\\ClassLoader::initializeIncludeClosure():575}('/Users/pauliyaj...')
#4 /Users/pauliyaji/Herd/powerhouse/vendor/laravel/framework/src/Illuminate/Foundation/Application.php(961): Composer\\Autoload\\ClassLoader->loadClass('ProjectAnalyzer...')
#5 /Users/pauliyaji/Herd/powerhouse/vendor/laravel/framework/src/Illuminate/Foundation/Application.php(893): Illuminate\\Foundation\\Application->resolveProvider('ProjectAnalyzer...')
#6 /Users/pauliyaji/Herd/powerhouse/vendor/laravel/framework/src/Illuminate/Foundation/ProviderRepository.php(74): Illuminate\\Foundation\\Application->register('ProjectAnalyzer...')
#7 /Users/pauliyaji/Herd/powerhouse/vendor/laravel/framework/src/Illuminate/Foundation/Application.php(871): Illuminate\\Foundation\\ProviderRepository->load(Array)
#8 /Users/pauliyaji/Herd/powerhouse/vendor/laravel/framework/src/Illuminate/Foundation/Bootstrap/RegisterProviders.php(37): Illuminate\\Foundation\\Application->registerConfiguredProviders()
#9 /Users/pauliyaji/Herd/powerhouse/vendor/laravel/framework/src/Illuminate/Foundation/Application.php(342): Illuminate\\Foundation\\Bootstrap\\RegisterProviders->bootstrap(Object(Illuminate\\Foundation\\Application))
#10 /Users/pauliyaji/Herd/powerhouse/vendor/laravel/framework/src/Illuminate/Foundation/Console/Kernel.php(494): Illuminate\\Foundation\\Application->bootstrapWith(Array)
#11 /Users/pauliyaji/Herd/powerhouse/vendor/laravel/framework/src/Illuminate/Foundation/Console/Kernel.php(196): Illuminate\\Foundation\\Console\\Kernel->bootstrap()
#12 Command line code(1): Illuminate\\Foundation\\Console\\Kernel->handle(Object(Symfony\\Component\\Console\\Input\\ArgvInput), Object(Symfony\\Component\\Console\\Output\\ConsoleOutput))
#13 {main}
"} 
[2026-07-04 16:08:53] local.ERROR: include(/Users/pauliyaji/Herd/powerhouse/vendor/composer/../boa-intelligence/laravel-project-analyzer/src/ProjectAnalyzerServiceProvider.php): Failed to open stream: No such file or directory {"exception":"[object] (ErrorException(code: 0): include(/Users/pauliyaji/Herd/powerhouse/vendor/composer/../boa-intelligence/laravel-project-analyzer/src/ProjectAnalyzerServiceProvider.php): Failed to open stream: No such file or directory at /Users/pauliyaji/Herd/powerhouse/vendor/composer/ClassLoader.php:576)
[stacktrace]
#0 /Users/pauliyaji/Herd/powerhouse/vendor/laravel/framework/src/Illuminate/Foundation/Bootstrap/HandleExceptions.php(258): Illuminate\\Foundation\\Bootstrap\\HandleExceptions->handleError(2, 'include(/Users/...', '/Users/pauliyaj...', 576)
#1 /Users/pauliyaji/Herd/powerhouse/vendor/composer/ClassLoader.php(576): Illuminate\\Foundation\\Bootstrap\\HandleExceptions->{closure:Illuminate\\Foundation\\Bootstrap\\HandleExceptions::forwardsTo():257}(2, 'include(/Users/...', '/Users/pauliyaj...', 576)
#2 /Users/pauliyaji/Herd/powerhouse/vendor/composer/ClassLoader.php(576): include('/Users/pauliyaj...')
#3 /Users/pauliyaji/Herd/powerhouse/vendor/composer/ClassLoader.php(427): {closure:Composer\\Autoload\\ClassLoader::initializeIncludeClosure():575}('/Users/pauliyaj...')
#4 /Users/pauliyaji/Herd/powerhouse/vendor/laravel/framework/src/Illuminate/Foundation/Application.php(961): Composer\\Autoload\\ClassLoader->loadClass('ProjectAnalyzer...')
#5 /Users/pauliyaji/Herd/powerhouse/vendor/laravel/framework/src/Illuminate/Foundation/Application.php(893): Illuminate\\Foundation\\Application->resolveProvider('ProjectAnalyzer...')
#6 /Users/pauliyaji/Herd/powerhouse/vendor/laravel/framework/src/Illuminate/Foundation/ProviderRepository.php(74): Illuminate\\Foundation\\Application->register('ProjectAnalyzer...')
#7 /Users/pauliyaji/Herd/powerhouse/vendor/laravel/framework/src/Illuminate/Foundation/Application.php(871): Illuminate\\Foundation\\ProviderRepository->load(Array)
#8 /Users/pauliyaji/Herd/powerhouse/vendor/laravel/framework/src/Illuminate/Foundation/Bootstrap/RegisterProviders.php(37): Illuminate\\Foundation\\Application->registerConfiguredProviders()
#9 /Users/pauliyaji/Herd/powerhouse/vendor/laravel/framework/src/Illuminate/Foundation/Application.php(342): Illuminate\\Foundation\\Bootstrap\\RegisterProviders->bootstrap(Object(Illuminate\\Foundation\\Application))
#10 /Users/pauliyaji/Herd/powerhouse/vendor/laravel/framework/src/Illuminate/Foundation/Console/Kernel.php(494): Illuminate\\Foundation\\Application->bootstrapWith(Array)
#11 /Users/pauliyaji/Herd/powerhouse/vendor/laravel/framework/src/Illuminate/Foundation/Console/Kernel.php(196): Illuminate\\Foundation\\Console\\Kernel->bootstrap()
#12 Command line code(1): Illuminate\\Foundation\\Console\\Kernel->handle(Object(Symfony\\Component\\Console\\Input\\ArgvInput), Object(Symfony\\Component\\Console\\Output\\ConsoleOutput))
#13 {main}
"} 
[2026-07-04 16:08:53] local.ERROR: include(/Users/pauliyaji/Herd/powerhouse/vendor/composer/../boa-intelligence/laravel-project-analyzer/src/ProjectAnalyzerServiceProvider.php): Failed to open stream: No such file or directory {"exception":"[object] (ErrorException(code: 0): include(/Users/pauliyaji/Herd/powerhouse/vendor/composer/../boa-intelligence/laravel-project-analyzer/src/ProjectAnalyzerServiceProvider.php): Failed to open stream: No such file or directory at /Users/pauliyaji/Herd/powerhouse/vendor/composer/ClassLoader.php:576)
[stacktrace]
#0 /Users/pauliyaji/Herd/powerhouse/vendor/laravel/framework/src/Illuminate/Foundation/Bootstrap/HandleExceptions.php(258): Illuminate\\Foundation\\Bootstrap\\HandleExceptions->handleError(2, 'include(/Users/...', '/Users/pauliyaj...', 576)
#1 /Users/pauliyaji/Herd/powerhouse/vendor/composer/ClassLoader.php(576): Illuminate\\Foundation\\Bootstrap\\HandleExceptions->{closure:Illuminate\\Foundation\\Bootstrap\\HandleExceptions::forwardsTo():257}(2, 'include(/Users/...', '/Users/pauliyaj...', 576)
#2 /Users/pauliyaji/Herd/powerhouse/vendor/composer/ClassLoader.php(576): include('/Users/pauliyaj...')
#3 /Users/pauliyaji/Herd/powerhouse/vendor/composer/ClassLoader.php(427): {closure:Composer\\Autoload\\ClassLoader::initializeIncludeClosure():575}('/Users/pauliyaj...')
#4 /Users/pauliyaji/Herd/powerhouse/vendor/laravel/framework/src/Illuminate/Foundation/Application.php(961): Composer\\Autoload\\ClassLoader->loadClass('ProjectAnalyzer...')
#5 /Users/pauliyaji/Herd/powerhouse/vendor/laravel/framework/src/Illuminate/Foundation/Application.php(893): Illuminate\\Foundation\\Application->resolveProvider('ProjectAnalyzer...')
#6 /Users/pauliyaji/Herd/powerhouse/vendor/laravel/framework/src/Illuminate/Foundation/ProviderRepository.php(74): Illuminate\\Foundation\\Application->register('ProjectAnalyzer...')
#7 /Users/pauliyaji/Herd/powerhouse/vendor/laravel/framework/src/Illuminate/Foundation/Application.php(871): Illuminate\\Foundation\\ProviderRepository->load(Array)
#8 /Users/pauliyaji/Herd/powerhouse/vendor/laravel/framework/src/Illuminate/Foundation/Bootstrap/RegisterProviders.php(37): Illuminate\\Foundation\\Application->registerConfiguredProviders()
#9 /Users/pauliyaji/Herd/powerhouse/vendor/laravel/framework/src/Illuminate/Foundation/Application.php(342): Illuminate\\Foundation\\Bootstrap\\RegisterProviders->bootstrap(Object(Illuminate\\Foundation\\Application))
#10 /Users/pauliyaji/Herd/powerhouse/vendor/laravel/framework/src/Illuminate/Foundation/Console/Kernel.php(494): Illuminate\\Foundation\\Application->bootstrapWith(Array)
#11 /Users/pauliyaji/Herd/powerhouse/vendor/laravel/framework/src/Illuminate/Foundation/Console/Kernel.php(196): Illuminate\\Foundation\\Console\\Kernel->bootstrap()
#12 Command line code(1): Illuminate\\Foundation\\Console\\Kernel->handle(Object(Symfony\\Component\\Console\\Input\\ArgvInput), Object(Symfony\\Component\\Console\\Output\\ConsoleOutput))
#13 {main}
"} 
[2026-07-04 16:08:54] local.ERROR: include(/Users/pauliyaji/Herd/powerhouse/vendor/composer/../boa-intelligence/laravel-project-analyzer/src/ProjectAnalyzerServiceProvider.php): Failed to open stream: No such file or directory {"exception":"[object] (ErrorException(code: 0): include(/Users/pauliyaji/Herd/powerhouse/vendor/composer/../boa-intelligence/laravel-project-analyzer/src/ProjectAnalyzerServiceProvider.php): Failed to open stream: No such file or directory at /Users/pauliyaji/Herd/powerhouse/vendor/composer/ClassLoader.php:576)
[stacktrace]
#0 /Users/pauliyaji/Herd/powerhouse/vendor/laravel/framework/src/Illuminate/Foundation/Bootstrap/HandleExceptions.php(258): Illuminate\\Foundation\\Bootstrap\\HandleExceptions->handleError(2, 'include(/Users/...', '/Users/pauliyaj...', 576)
#1 /Users/pauliyaji/Herd/powerhouse/vendor/composer/ClassLoader.php(576): Illuminate\\Foundation\\Bootstrap\\HandleExceptions->{closure:Illuminate\\Foundation\\Bootstrap\\HandleExceptions::forwardsTo():257}(2, 'include(/Users/...', '/Users/pauliyaj...', 576)
#2 /Users/pauliyaji/Herd/powerhouse/vendor/composer/ClassLoader.php(576): include('/Users/pauliyaj...')
#3 /Users/pauliyaji/Herd/powerhouse/vendor/composer/ClassLoader.php(427): {closure:Composer\\Autoload\\ClassLoader::initializeIncludeClosure():575}('/Users/pauliyaj...')
#4 /Users/pauliyaji/Herd/powerhouse/vendor/laravel/framework/src/Illuminate/Foundation/Application.php(961): Composer\\Autoload\\ClassLoader->loadClass('ProjectAnalyzer...')
#5 /Users/pauliyaji/Herd/powerhouse/vendor/laravel/framework/src/Illuminate/Foundation/Application.php(893): Illuminate\\Foundation\\Application->resolveProvider('ProjectAnalyzer...')
#6 /Users/pauliyaji/Herd/powerhouse/vendor/laravel/framework/src/Illuminate/Foundation/ProviderRepository.php(74): Illuminate\\Foundation\\Application->register('ProjectAnalyzer...')
#7 /Users/pauliyaji/Herd/powerhouse/vendor/laravel/framework/src/Illuminate/Foundation/Application.php(871): Illuminate\\Foundation\\ProviderRepository->load(Array)
#8 /Users/pauliyaji/Herd/powerhouse/vendor/laravel/framework/src/Illuminate/Foundation/Bootstrap/RegisterProviders.php(37): Illuminate\\Foundation\\Application->registerConfiguredProviders()
#9 /Users/pauliyaji/Herd/powerhouse/vendor/laravel/framework/src/Illuminate/Foundation/Application.php(342): Illuminate\\Foundation\\Bootstrap\\RegisterProviders->bootstrap(Object(Illuminate\\Foundation\\Application))
#10 /Users/pauliyaji/Herd/powerhouse/vendor/laravel/framework/src/Illuminate/Foundation/Console/Kernel.php(494): Illuminate\\Foundation\\Application->bootstrapWith(Array)
#11 /Users/pauliyaji/Herd/powerhouse/vendor/laravel/framework/src/Illuminate/Foundation/Console/Kernel.php(196): Illuminate\\Foundation\\Console\\Kernel->bootstrap()
#12 Command line code(1): Illuminate\\Foundation\\Console\\Kernel->handle(Object(Symfony\\Component\\Console\\Input\\ArgvInput), Object(Symfony\\Component\\Console\\Output\\ConsoleOutput))
#13 {main}
"} 
[2026-07-04 16:08:54] local.ERROR: include(/Users/pauliyaji/Herd/powerhouse/vendor/composer/../boa-intelligence/laravel-project-analyzer/src/ProjectAnalyzerServiceProvider.php): Failed to open stream: No such file or directory {"exception":"[object] (ErrorException(code: 0): include(/Users/pauliyaji/Herd/powerhouse/vendor/composer/../boa-intelligence/laravel-project-analyzer/src/ProjectAnalyzerServiceProvider.php): Failed to open stream: No such file or directory at /Users/pauliyaji/Herd/powerhouse/vendor/composer/ClassLoader.php:576)
[stacktrace]
#0 /Users/pauliyaji/Herd/powerhouse/vendor/laravel/framework/src/Illuminate/Foundation/Bootstrap/HandleExceptions.php(258): Illuminate\\Foundation\\Bootstrap\\HandleExceptions->handleError(2, 'include(/Users/...', '/Users/pauliyaj...', 576)
#1 /Users/pauliyaji/Herd/powerhouse/vendor/composer/ClassLoader.php(576): Illuminate\\Foundation\\Bootstrap\\HandleExceptions->{closure:Illuminate\\Foundation\\Bootstrap\\HandleExceptions::forwardsTo():257}(2, 'include(/Users/...', '/Users/pauliyaj...', 576)
#2 /Users/pauliyaji/Herd/powerhouse/vendor/composer/ClassLoader.php(576): include('/Users/pauliyaj...')
#3 /Users/pauliyaji/Herd/powerhouse/vendor/composer/ClassLoader.php(427): {closure:Composer\\Autoload\\ClassLoader::initializeIncludeClosure():575}('/Users/pauliyaj...')
#4 /Users/pauliyaji/Herd/powerhouse/vendor/laravel/framework/src/Illuminate/Foundation/Application.php(961): Composer\\Autoload\\ClassLoader->loadClass('ProjectAnalyzer...')
#5 /Users/pauliyaji/Herd/powerhouse/vendor/laravel/framework/src/Illuminate/Foundation/Application.php(893): Illuminate\\Foundation\\Application->resolveProvider('ProjectAnalyzer...')
#6 /Users/pauliyaji/Herd/powerhouse/vendor/laravel/framework/src/Illuminate/Foundation/ProviderRepository.php(74): Illuminate\\Foundation\\Application->register('ProjectAnalyzer...')
#7 /Users/pauliyaji/Herd/powerhouse/vendor/laravel/framework/src/Illuminate/Foundation/Application.php(871): Illuminate\\Foundation\\ProviderRepository->load(Array)
#8 /Users/pauliyaji/Herd/powerhouse/vendor/laravel/framework/src/Illuminate/Foundation/Bootstrap/RegisterProviders.php(37): Illuminate\\Foundation\\Application->registerConfiguredProviders()
#9 /Users/pauliyaji/Herd/powerhouse/vendor/laravel/framework/src/Illuminate/Foundation/Application.php(342): Illuminate\\Foundation\\Bootstrap\\RegisterProviders->bootstrap(Object(Illuminate\\Foundation\\Application))
#10 /Users/pauliyaji/Herd/powerhouse/vendor/laravel/framework/src/Illuminate/Foundation/Console/Kernel.php(494): Illuminate\\Foundation\\Application->bootstrapWith(Array)
#11 /Users/pauliyaji/Herd/powerhouse/vendor/laravel/framework/src/Illuminate/Foundation/Console/Kernel.php(196): Illuminate\\Foundation\\Console\\Kernel->bootstrap()
#12 Command line code(1): Illuminate\\Foundation\\Console\\Kernel->handle(Object(Symfony\\Component\\Console\\Input\\ArgvInput), Object(Symfony\\Component\\Console\\Output\\ConsoleOutput))
#13 {main}
"} 
[2026-07-04 16:08:54] local.ERROR: include(/Users/pauliyaji/Herd/powerhouse/vendor/composer/../boa-intelligence/laravel-project-analyzer/src/ProjectAnalyzerServiceProvider.php): Failed to open stream: No such file or directory {"exception":"[object] (ErrorException(code: 0): include(/Users/pauliyaji/Herd/powerhouse/vendor/composer/../boa-intelligence/laravel-project-analyzer/src/ProjectAnalyzerServiceProvider.php): Failed to open stream: No such file or directory at /Users/pauliyaji/Herd/powerhouse/vendor/composer/ClassLoader.php:576)
[stacktrace]
#0 /Users/pauliyaji/Herd/powerhouse/vendor/laravel/framework/src/Illuminate/Foundation/Bootstrap/HandleExceptions.php(258): Illuminate\\Foundation\\Bootstrap\\HandleExceptions->handleError(2, 'include(/Users/...', '/Users/pauliyaj...', 576)
#1 /Users/pauliyaji/Herd/powerhouse/vendor/composer/ClassLoader.php(576): Illuminate\\Foundation\\Bootstrap\\HandleExceptions->{closure:Illuminate\\Foundation\\Bootstrap\\HandleExceptions::forwardsTo():257}(2, 'include(/Users/...', '/Users/pauliyaj...', 576)
#2 /Users/pauliyaji/Herd/powerhouse/vendor/composer/ClassLoader.php(576): include('/Users/pauliyaj...')
#3 /Users/pauliyaji/Herd/powerhouse/vendor/composer/ClassLoader.php(427): {closure:Composer\\Autoload\\ClassLoader::initializeIncludeClosure():575}('/Users/pauliyaj...')
#4 /Users/pauliyaji/Herd/powerhouse/vendor/laravel/framework/src/Illuminate/Foundation/Application.php(961): Composer\\Autoload\\ClassLoader->loadClass('ProjectAnalyzer...')
#5 /Users/pauliyaji/Herd/powerhouse/vendor/laravel/framework/src/Illuminate/Foundation/Application.php(893): Illuminate\\Foundation\\Application->resolveProvider('ProjectAnalyzer...')
#6 /Users/pauliyaji/Herd/powerhouse/vendor/laravel/framework/src/Illuminate/Foundation/ProviderRepository.php(74): Illuminate\\Foundation\\Application->register('ProjectAnalyzer...')
#7 /Users/pauliyaji/Herd/powerhouse/vendor/laravel/framework/src/Illuminate/Foundation/Application.php(871): Illuminate\\Foundation\\ProviderRepository->load(Array)
#8 /Users/pauliyaji/Herd/powerhouse/vendor/laravel/framework/src/Illuminate/Foundation/Bootstrap/RegisterProviders.php(37): Illuminate\\Foundation\\Application->registerConfiguredProviders()
#9 /Users/pauliyaji/Herd/powerhouse/vendor/laravel/framework/src/Illuminate/Foundation/Application.php(342): Illuminate\\Foundation\\Bootstrap\\RegisterProviders->bootstrap(Object(Illuminate\\Foundation\\Application))
#10 /Users/pauliyaji/Herd/powerhouse/vendor/laravel/framework/src/Illuminate/Foundation/Console/Kernel.php(494): Illuminate\\Foundation\\Application->bootstrapWith(Array)
#11 /Users/pauliyaji/Herd/powerhouse/vendor/laravel/framework/src/Illuminate/Foundation/Console/Kernel.php(196): Illuminate\\Foundation\\Console\\Kernel->bootstrap()
#12 Command line code(1): Illuminate\\Foundation\\Console\\Kernel->handle(Object(Symfony\\Component\\Console\\Input\\ArgvInput), Object(Symfony\\Component\\Console\\Output\\ConsoleOutput))
#13 {main}
"} 
[2026-07-04 16:09:08] local.ERROR: include(/Users/pauliyaji/Herd/powerhouse/vendor/composer/../boa-intelligence/laravel-project-analyzer/src/ProjectAnalyzerServiceProvider.php): Failed to open stream: No such file or directory {"exception":"[object] (ErrorException(code: 0): include(/Users/pauliyaji/Herd/powerhouse/vendor/composer/../boa-intelligence/laravel-project-analyzer/src/ProjectAnalyzerServiceProvider.php): Failed to open stream: No such file or directory at /Users/pauliyaji/Herd/powerhouse/vendor/composer/ClassLoader.php:576)
[stacktrace]
#0 /Users/pauliyaji/Herd/powerhouse/vendor/laravel/framework/src/Illuminate/Foundation/Bootstrap/HandleExceptions.php(258): Illuminate\\Foundation\\Bootstrap\\HandleExceptions->handleError(2, 'include(/Users/...', '/Users/pauliyaj...', 576)
#1 /Users/pauliyaji/Herd/powerhouse/vendor/composer/ClassLoader.php(576): Illuminate\\Foundation\\Bootstrap\\HandleExceptions->{closure:Illuminate\\Foundation\\Bootstrap\\HandleExceptions::forwardsTo():257}(2, 'include(/Users/...', '/Users/pauliyaj...', 576)
#2 /Users/pauliyaji/Herd/powerhouse/vendor/composer/ClassLoader.php(576): include('/Users/pauliyaj...')
#3 /Users/pauliyaji/Herd/powerhouse/vendor/composer/ClassLoader.php(427): {closure:Composer\\Autoload\\ClassLoader::initializeIncludeClosure():575}('/Users/pauliyaj...')
#4 /Users/pauliyaji/Herd/powerhouse/vendor/laravel/framework/src/Illuminate/Foundation/Application.php(961): Composer\\Autoload\\ClassLoader->loadClass('ProjectAnalyzer...')
#5 /Users/pauliyaji/Herd/powerhouse/vendor/laravel/framework/src/Illuminate/Foundation/Application.php(893): Illuminate\\Foundation\\Application->resolveProvider('ProjectAnalyzer...')
#6 /Users/pauliyaji/Herd/powerhouse/vendor/laravel/framework/src/Illuminate/Foundation/ProviderRepository.php(74): Illuminate\\Foundation\\Application->register('ProjectAnalyzer...')
#7 /Users/pauliyaji/Herd/powerhouse/vendor/laravel/framework/src/Illuminate/Foundation/Application.php(871): Illuminate\\Foundation\\ProviderRepository->load(Array)
#8 /Users/pauliyaji/Herd/powerhouse/vendor/laravel/framework/src/Illuminate/Foundation/Bootstrap/RegisterProviders.php(37): Illuminate\\Foundation\\Application->registerConfiguredProviders()
#9 /Users/pauliyaji/Herd/powerhouse/vendor/laravel/framework/src/Illuminate/Foundation/Application.php(342): Illuminate\\Foundation\\Bootstrap\\RegisterProviders->bootstrap(Object(Illuminate\\Foundation\\Application))
#10 /Users/pauliyaji/Herd/powerhouse/vendor/laravel/framework/src/Illuminate/Foundation/Console/Kernel.php(494): Illuminate\\Foundation\\Application->bootstrapWith(Array)
#11 /Users/pauliyaji/Herd/powerhouse/vendor/laravel/framework/src/Illuminate/Foundation/Console/Kernel.php(196): Illuminate\\Foundation\\Console\\Kernel->bootstrap()
#12 Command line code(1): Illuminate\\Foundation\\Console\\Kernel->handle(Object(Symfony\\Component\\Console\\Input\\ArgvInput), Object(Symfony\\Component\\Console\\Output\\ConsoleOutput))
#13 {main}
"} 
[2026-07-04 16:09:08] local.ERROR: Uncaught ReflectionException: Class "translator" does not exist in /Users/pauliyaji/Herd/powerhouse/vendor/laravel/framework/src/Illuminate/Container/Container.php:1122
Stack trace:
#0 /Users/pauliyaji/Herd/powerhouse/vendor/laravel/framework/src/Illuminate/Container/Container.php(1122): ReflectionClass->__construct('translator')
#1 /Users/pauliyaji/Herd/powerhouse/vendor/laravel/framework/src/Illuminate/Container/Container.php(933): Illuminate\Container\Container->build('translator')
#2 /Users/pauliyaji/Herd/powerhouse/vendor/laravel/framework/src/Illuminate/Foundation/Application.php(1078): Illuminate\Container\Container->resolve('translator', Array, true)
#3 /Users/pauliyaji/Herd/powerhouse/vendor/laravel/framework/src/Illuminate/Container/Container.php(864): Illuminate\Foundation\Application->resolve('translator', Array)
#4 /Users/pauliyaji/Herd/powerhouse/vendor/laravel/framework/src/Illuminate/Foundation/Application.php(1058): Illuminate\Container\Container->make('translator', Array)
#5 /Users/pauliyaji/Herd/powerhouse/vendor/laravel/framework/src/Illuminate/Foundation/helpers.php(138): Illuminate\Foundation\Application->make('translator', Array)
#6 Command line code(1): app('translator')
#7 {main}

Next Illuminate\Contracts\Container\BindingResolutionException: Target class [translator] does not exist. in /Users/pauliyaji/Herd/powerhouse/vendor/laravel/framework/src/Illuminate/Container/Container.php:1124
Stack trace:
#0 /Users/pauliyaji/Herd/powerhouse/vendor/laravel/framework/src/Illuminate/Container/Container.php(933): Illuminate\Container\Container->build('translator')
#1 /Users/pauliyaji/Herd/powerhouse/vendor/laravel/framework/src/Illuminate/Foundation/Application.php(1078): Illuminate\Container\Container->resolve('translator', Array, true)
#2 /Users/pauliyaji/Herd/powerhouse/vendor/laravel/framework/src/Illuminate/Container/Container.php(864): Illuminate\Foundation\Application->resolve('translator', Array)
#3 /Users/pauliyaji/Herd/powerhouse/vendor/laravel/framework/src/Illuminate/Foundation/Application.php(1058): Illuminate\Container\Container->make('translator', Array)
#4 /Users/pauliyaji/Herd/powerhouse/vendor/laravel/framework/src/Illuminate/Foundation/helpers.php(138): Illuminate\Foundation\Application->make('translator', Array)
#5 Command line code(1): app('translator')
#6 {main}
  thrown {"exception":"[object] (Symfony\\Component\\ErrorHandler\\Error\\FatalError(code: 0): Uncaught ReflectionException: Class \"translator\" does not exist in /Users/pauliyaji/Herd/powerhouse/vendor/laravel/framework/src/Illuminate/Container/Container.php:1122
Stack trace:
#0 /Users/pauliyaji/Herd/powerhouse/vendor/laravel/framework/src/Illuminate/Container/Container.php(1122): ReflectionClass->__construct('translator')
#1 /Users/pauliyaji/Herd/powerhouse/vendor/laravel/framework/src/Illuminate/Container/Container.php(933): Illuminate\\Container\\Container->build('translator')
#2 /Users/pauliyaji/Herd/powerhouse/vendor/laravel/framework/src/Illuminate/Foundation/Application.php(1078): Illuminate\\Container\\Container->resolve('translator', Array, true)
#3 /Users/pauliyaji/Herd/powerhouse/vendor/laravel/framework/src/Illuminate/Container/Container.php(864): Illuminate\\Foundation\\Application->resolve('translator', Array)
#4 /Users/pauliyaji/Herd/powerhouse/vendor/laravel/framework/src/Illuminate/Foundation/Application.php(1058): Illuminate\\Container\\Container->make('translator', Array)
#5 /Users/pauliyaji/Herd/powerhouse/vendor/laravel/framework/src/Illuminate/Foundation/helpers.php(138): Illuminate\\Foundation\\Application->make('translator', Array)
#6 Command line code(1): app('translator')
#7 {main}

Next Illuminate\\Contracts\\Container\\BindingResolutionException: Target class [translator] does not exist. in /Users/pauliyaji/Herd/powerhouse/vendor/laravel/framework/src/Illuminate/Container/Container.php:1124
Stack trace:
#0 /Users/pauliyaji/Herd/powerhouse/vendor/laravel/framework/src/Illuminate/Container/Container.php(933): Illuminate\\Container\\Container->build('translator')
#1 /Users/pauliyaji/Herd/powerhouse/vendor/laravel/framework/src/Illuminate/Foundation/Application.php(1078): Illuminate\\Container\\Container->resolve('translator', Array, true)
#2 /Users/pauliyaji/Herd/powerhouse/vendor/laravel/framework/src/Illuminate/Container/Container.php(864): Illuminate\\Foundation\\Application->resolve('translator', Array)
#3 /Users/pauliyaji/Herd/powerhouse/vendor/laravel/framework/src/Illuminate/Foundation/Application.php(1058): Illuminate\\Container\\Container->make('translator', Array)
#4 /Users/pauliyaji/Herd/powerhouse/vendor/laravel/framework/src/Illuminate/Foundation/helpers.php(138): Illuminate\\Foundation\\Application->make('translator', Array)
#5 Command line code(1): app('translator')
#6 {main}
  thrown at /Users/pauliyaji/Herd/powerhouse/vendor/laravel/framework/src/Illuminate/Container/Container.php:1124)
[stacktrace]
#0 {main}
"} 
[2026-07-04 16:09:08] local.ERROR: include(/Users/pauliyaji/Herd/powerhouse/vendor/composer/../boa-intelligence/laravel-project-analyzer/src/ProjectAnalyzerServiceProvider.php): Failed to open stream: No such file or directory {"exception":"[object] (ErrorException(code: 0): include(/Users/pauliyaji/Herd/powerhouse/vendor/composer/../boa-intelligence/laravel-project-analyzer/src/ProjectAnalyzerServiceProvider.php): Failed to open stream: No such file or directory at /Users/pauliyaji/Herd/powerhouse/vendor/composer/ClassLoader.php:576)
[stacktrace]
#0 /Users/pauliyaji/Herd/powerhouse/vendor/laravel/framework/src/Illuminate/Foundation/Bootstrap/HandleExceptions.php(258): Illuminate\\Foundation\\Bootstrap\\HandleExceptions->handleError(2, 'include(/Users/...', '/Users/pauliyaj...', 576)
#1 /Users/pauliyaji/Herd/powerhouse/vendor/composer/ClassLoader.php(576): Illuminate\\Foundation\\Bootstrap\\HandleExceptions->{closure:Illuminate\\Foundation\\Bootstrap\\HandleExceptions::forwardsTo():257}(2, 'include(/Users/...', '/Users/pauliyaj...', 576)
#2 /Users/pauliyaji/Herd/powerhouse/vendor/composer/ClassLoader.php(576): include('/Users/pauliyaj...')
#3 /Users/pauliyaji/Herd/powerhouse/vendor/composer/ClassLoader.php(427): {closure:Composer\\Autoload\\ClassLoader::initializeIncludeClosure():575}('/Users/pauliyaj...')
#4 /Users/pauliyaji/Herd/powerhouse/vendor/laravel/framework/src/Illuminate/Foundation/Application.php(961): Composer\\Autoload\\ClassLoader->loadClass('ProjectAnalyzer...')
#5 /Users/pauliyaji/Herd/powerhouse/vendor/laravel/framework/src/Illuminate/Foundation/Application.php(893): Illuminate\\Foundation\\Application->resolveProvider('ProjectAnalyzer...')
#6 /Users/pauliyaji/Herd/powerhouse/vendor/laravel/framework/src/Illuminate/Foundation/ProviderRepository.php(74): Illuminate\\Foundation\\Application->register('ProjectAnalyzer...')
#7 /Users/pauliyaji/Herd/powerhouse/vendor/laravel/framework/src/Illuminate/Foundation/Application.php(871): Illuminate\\Foundation\\ProviderRepository->load(Array)
#8 /Users/pauliyaji/Herd/powerhouse/vendor/laravel/framework/src/Illuminate/Foundation/Bootstrap/RegisterProviders.php(37): Illuminate\\Foundation\\Application->registerConfiguredProviders()
#9 /Users/pauliyaji/Herd/powerhouse/vendor/laravel/framework/src/Illuminate/Foundation/Application.php(342): Illuminate\\Foundation\\Bootstrap\\RegisterProviders->bootstrap(Object(Illuminate\\Foundation\\Application))
#10 /Users/pauliyaji/Herd/powerhouse/vendor/laravel/framework/src/Illuminate/Foundation/Console/Kernel.php(494): Illuminate\\Foundation\\Application->bootstrapWith(Array)
#11 /Users/pauliyaji/Herd/powerhouse/vendor/laravel/framework/src/Illuminate/Foundation/Console/Kernel.php(196): Illuminate\\Foundation\\Console\\Kernel->bootstrap()
#12 Command line code(1): Illuminate\\Foundation\\Console\\Kernel->handle(Object(Symfony\\Component\\Console\\Input\\ArgvInput), Object(Symfony\\Component\\Console\\Output\\ConsoleOutput))
#13 {main}
"} 
[2026-07-04 16:09:08] local.ERROR: include(/Users/pauliyaji/Herd/powerhouse/vendor/composer/../boa-intelligence/laravel-project-analyzer/src/ProjectAnalyzerServiceProvider.php): Failed to open stream: No such file or directory {"exception":"[object] (ErrorException(code: 0): include(/Users/pauliyaji/Herd/powerhouse/vendor/composer/../boa-intelligence/laravel-project-analyzer/src/ProjectAnalyzerServiceProvider.php): Failed to open stream: No such file or directory at /Users/pauliyaji/Herd/powerhouse/vendor/composer/ClassLoader.php:576)
[stacktrace]
#0 /Users/pauliyaji/Herd/powerhouse/vendor/laravel/framework/src/Illuminate/Foundation/Bootstrap/HandleExceptions.php(258): Illuminate\\Foundation\\Bootstrap\\HandleExceptions->handleError(2, 'include(/Users/...', '/Users/pauliyaj...', 576)
#1 /Users/pauliyaji/Herd/powerhouse/vendor/composer/ClassLoader.php(576): Illuminate\\Foundation\\Bootstrap\\HandleExceptions->{closure:Illuminate\\Foundation\\Bootstrap\\HandleExceptions::forwardsTo():257}(2, 'include(/Users/...', '/Users/pauliyaj...', 576)
#2 /Users/pauliyaji/Herd/powerhouse/vendor/composer/ClassLoader.php(576): include('/Users/pauliyaj...')
#3 /Users/pauliyaji/Herd/powerhouse/vendor/composer/ClassLoader.php(427): {closure:Composer\\Autoload\\ClassLoader::initializeIncludeClosure():575}('/Users/pauliyaj...')
#4 /Users/pauliyaji/Herd/powerhouse/vendor/laravel/framework/src/Illuminate/Foundation/Application.php(961): Composer\\Autoload\\ClassLoader->loadClass('ProjectAnalyzer...')
#5 /Users/pauliyaji/Herd/powerhouse/vendor/laravel/framework/src/Illuminate/Foundation/Application.php(893): Illuminate\\Foundation\\Application->resolveProvider('ProjectAnalyzer...')
#6 /Users/pauliyaji/Herd/powerhouse/vendor/laravel/framework/src/Illuminate/Foundation/ProviderRepository.php(74): Illuminate\\Foundation\\Application->register('ProjectAnalyzer...')
#7 /Users/pauliyaji/Herd/powerhouse/vendor/laravel/framework/src/Illuminate/Foundation/Application.php(871): Illuminate\\Foundation\\ProviderRepository->load(Array)
#8 /Users/pauliyaji/Herd/powerhouse/vendor/laravel/framework/src/Illuminate/Foundation/Bootstrap/RegisterProviders.php(37): Illuminate\\Foundation\\Application->registerConfiguredProviders()
#9 /Users/pauliyaji/Herd/powerhouse/vendor/laravel/framework/src/Illuminate/Foundation/Application.php(342): Illuminate\\Foundation\\Bootstrap\\RegisterProviders->bootstrap(Object(Illuminate\\Foundation\\Application))
#10 /Users/pauliyaji/Herd/powerhouse/vendor/laravel/framework/src/Illuminate/Foundation/Console/Kernel.php(494): Illuminate\\Foundation\\Application->bootstrapWith(Array)
#11 /Users/pauliyaji/Herd/powerhouse/vendor/laravel/framework/src/Illuminate/Foundation/Console/Kernel.php(196): Illuminate\\Foundation\\Console\\Kernel->bootstrap()
#12 Command line code(1): Illuminate\\Foundation\\Console\\Kernel->handle(Object(Symfony\\Component\\Console\\Input\\ArgvInput), Object(Symfony\\Component\\Console\\Output\\ConsoleOutput))
#13 {main}
"} 
[2026-07-04 16:09:08] local.ERROR: include(/Users/pauliyaji/Herd/powerhouse/vendor/composer/../boa-intelligence/laravel-project-analyzer/src/ProjectAnalyzerServiceProvider.php): Failed to open stream: No such file or directory {"exception":"[object] (ErrorException(code: 0): include(/Users/pauliyaji/Herd/powerhouse/vendor/composer/../boa-intelligence/laravel-project-analyzer/src/ProjectAnalyzerServiceProvider.php): Failed to open stream: No such file or directory at /Users/pauliyaji/Herd/powerhouse/vendor/composer/ClassLoader.php:576)
[stacktrace]
#0 /Users/pauliyaji/Herd/powerhouse/vendor/laravel/framework/src/Illuminate/Foundation/Bootstrap/HandleExceptions.php(258): Illuminate\\Foundation\\Bootstrap\\HandleExceptions->handleError(2, 'include(/Users/...', '/Users/pauliyaj...', 576)
#1 /Users/pauliyaji/Herd/powerhouse/vendor/composer/ClassLoader.php(576): Illuminate\\Foundation\\Bootstrap\\HandleExceptions->{closure:Illuminate\\Foundation\\Bootstrap\\HandleExceptions::forwardsTo():257}(2, 'include(/Users/...', '/Users/pauliyaj...', 576)
#2 /Users/pauliyaji/Herd/powerhouse/vendor/composer/ClassLoader.php(576): include('/Users/pauliyaj...')
#3 /Users/pauliyaji/Herd/powerhouse/vendor/composer/ClassLoader.php(427): {closure:Composer\\Autoload\\ClassLoader::initializeIncludeClosure():575}('/Users/pauliyaj...')
#4 /Users/pauliyaji/Herd/powerhouse/vendor/laravel/framework/src/Illuminate/Foundation/Application.php(961): Composer\\Autoload\\ClassLoader->loadClass('ProjectAnalyzer...')
#5 /Users/pauliyaji/Herd/powerhouse/vendor/laravel/framework/src/Illuminate/Foundation/Application.php(893): Illuminate\\Foundation\\Application->resolveProvider('ProjectAnalyzer...')
#6 /Users/pauliyaji/Herd/powerhouse/vendor/laravel/framework/src/Illuminate/Foundation/ProviderRepository.php(74): Illuminate\\Foundation\\Application->register('ProjectAnalyzer...')
#7 /Users/pauliyaji/Herd/powerhouse/vendor/laravel/framework/src/Illuminate/Foundation/Application.php(871): Illuminate\\Foundation\\ProviderRepository->load(Array)
#8 /Users/pauliyaji/Herd/powerhouse/vendor/laravel/framework/src/Illuminate/Foundation/Bootstrap/RegisterProviders.php(37): Illuminate\\Foundation\\Application->registerConfiguredProviders()
#9 /Users/pauliyaji/Herd/powerhouse/vendor/laravel/framework/src/Illuminate/Foundation/Application.php(342): Illuminate\\Foundation\\Bootstrap\\RegisterProviders->bootstrap(Object(Illuminate\\Foundation\\Application))
#10 /Users/pauliyaji/Herd/powerhouse/vendor/laravel/framework/src/Illuminate/Foundation/Console/Kernel.php(494): Illuminate\\Foundation\\Application->bootstrapWith(Array)
#11 /Users/pauliyaji/Herd/powerhouse/vendor/laravel/framework/src/Illuminate/Foundation/Console/Kernel.php(196): Illuminate\\Foundation\\Console\\Kernel->bootstrap()
#12 Command line code(1): Illuminate\\Foundation\\Console\\Kernel->handle(Object(Symfony\\Component\\Console\\Input\\ArgvInput), Object(Symfony\\Component\\Console\\Output\\ConsoleOutput))
#13 {main}
"} 
[2026-07-04 16:09:08] local.ERROR: include(/Users/pauliyaji/Herd/powerhouse/vendor/composer/../boa-intelligence/laravel-project-analyzer/src/ProjectAnalyzerServiceProvider.php): Failed to open stream: No such file or directory {"exception":"[object] (ErrorException(code: 0): include(/Users/pauliyaji/Herd/powerhouse/vendor/composer/../boa-intelligence/laravel-project-analyzer/src/ProjectAnalyzerServiceProvider.php): Failed to open stream: No such file or directory at /Users/pauliyaji/Herd/powerhouse/vendor/composer/ClassLoader.php:576)
[stacktrace]
#0 /Users/pauliyaji/Herd/powerhouse/vendor/laravel/framework/src/Illuminate/Foundation/Bootstrap/HandleExceptions.php(258): Illuminate\\Foundation\\Bootstrap\\HandleExceptions->handleError(2, 'include(/Users/...', '/Users/pauliyaj...', 576)
#1 /Users/pauliyaji/Herd/powerhouse/vendor/composer/ClassLoader.php(576): Illuminate\\Foundation\\Bootstrap\\HandleExceptions->{closure:Illuminate\\Foundation\\Bootstrap\\HandleExceptions::forwardsTo():257}(2, 'include(/Users/...', '/Users/pauliyaj...', 576)
#2 /Users/pauliyaji/Herd/powerhouse/vendor/composer/ClassLoader.php(576): include('/Users/pauliyaj...')
#3 /Users/pauliyaji/Herd/powerhouse/vendor/composer/ClassLoader.php(427): {closure:Composer\\Autoload\\ClassLoader::initializeIncludeClosure():575}('/Users/pauliyaj...')
#4 /Users/pauliyaji/Herd/powerhouse/vendor/laravel/framework/src/Illuminate/Foundation/Application.php(961): Composer\\Autoload\\ClassLoader->loadClass('ProjectAnalyzer...')
#5 /Users/pauliyaji/Herd/powerhouse/vendor/laravel/framework/src/Illuminate/Foundation/Application.php(893): Illuminate\\Foundation\\Application->resolveProvider('ProjectAnalyzer...')
#6 /Users/pauliyaji/Herd/powerhouse/vendor/laravel/framework/src/Illuminate/Foundation/ProviderRepository.php(74): Illuminate\\Foundation\\Application->register('ProjectAnalyzer...')
#7 /Users/pauliyaji/Herd/powerhouse/vendor/laravel/framework/src/Illuminate/Foundation/Application.php(871): Illuminate\\Foundation\\ProviderRepository->load(Array)
#8 /Users/pauliyaji/Herd/powerhouse/vendor/laravel/framework/src/Illuminate/Foundation/Bootstrap/RegisterProviders.php(37): Illuminate\\Foundation\\Application->registerConfiguredProviders()
#9 /Users/pauliyaji/Herd/powerhouse/vendor/laravel/framework/src/Illuminate/Foundation/Application.php(342): Illuminate\\Foundation\\Bootstrap\\RegisterProviders->bootstrap(Object(Illuminate\\Foundation\\Application))
#10 /Users/pauliyaji/Herd/powerhouse/vendor/laravel/framework/src/Illuminate/Foundation/Console/Kernel.php(494): Illuminate\\Foundation\\Application->bootstrapWith(Array)
#11 /Users/pauliyaji/Herd/powerhouse/vendor/laravel/framework/src/Illuminate/Foundation/Console/Kernel.php(196): Illuminate\\Foundation\\Console\\Kernel->bootstrap()
#12 Command line code(1): Illuminate\\Foundation\\Console\\Kernel->handle(Object(Symfony\\Component\\Console\\Input\\ArgvInput), Object(Symfony\\Component\\Console\\Output\\ConsoleOutput))
#13 {main}
"} 
[2026-07-04 16:09:08] local.ERROR: include(/Users/pauliyaji/Herd/powerhouse/vendor/composer/../boa-intelligence/laravel-project-analyzer/src/ProjectAnalyzerServiceProvider.php): Failed to open stream: No such file or directory {"exception":"[object] (ErrorException(code: 0): include(/Users/pauliyaji/Herd/powerhouse/vendor/composer/../boa-intelligence/laravel-project-analyzer/src/ProjectAnalyzerServiceProvider.php): Failed to open stream: No such file or directory at /Users/pauliyaji/Herd/powerhouse/vendor/composer/ClassLoader.php:576)
[stacktrace]
#0 /Users/pauliyaji/Herd/powerhouse/vendor/laravel/framework/src/Illuminate/Foundation/Bootstrap/HandleExceptions.php(258): Illuminate\\Foundation\\Bootstrap\\HandleExceptions->handleError(2, 'include(/Users/...', '/Users/pauliyaj...', 576)
#1 /Users/pauliyaji/Herd/powerhouse/vendor/composer/ClassLoader.php(576): Illuminate\\Foundation\\Bootstrap\\HandleExceptions->{closure:Illuminate\\Foundation\\Bootstrap\\HandleExceptions::forwardsTo():257}(2, 'include(/Users/...', '/Users/pauliyaj...', 576)
#2 /Users/pauliyaji/Herd/powerhouse/vendor/composer/ClassLoader.php(576): include('/Users/pauliyaj...')
#3 /Users/pauliyaji/Herd/powerhouse/vendor/composer/ClassLoader.php(427): {closure:Composer\\Autoload\\ClassLoader::initializeIncludeClosure():575}('/Users/pauliyaj...')
#4 /Users/pauliyaji/Herd/powerhouse/vendor/laravel/framework/src/Illuminate/Foundation/Application.php(961): Composer\\Autoload\\ClassLoader->loadClass('ProjectAnalyzer...')
#5 /Users/pauliyaji/Herd/powerhouse/vendor/laravel/framework/src/Illuminate/Foundation/Application.php(893): Illuminate\\Foundation\\Application->resolveProvider('ProjectAnalyzer...')
#6 /Users/pauliyaji/Herd/powerhouse/vendor/laravel/framework/src/Illuminate/Foundation/ProviderRepository.php(74): Illuminate\\Foundation\\Application->register('ProjectAnalyzer...')
#7 /Users/pauliyaji/Herd/powerhouse/vendor/laravel/framework/src/Illuminate/Foundation/Application.php(871): Illuminate\\Foundation\\ProviderRepository->load(Array)
#8 /Users/pauliyaji/Herd/powerhouse/vendor/laravel/framework/src/Illuminate/Foundation/Bootstrap/RegisterProviders.php(37): Illuminate\\Foundation\\Application->registerConfiguredProviders()
#9 /Users/pauliyaji/Herd/powerhouse/vendor/laravel/framework/src/Illuminate/Foundation/Application.php(342): Illuminate\\Foundation\\Bootstrap\\RegisterProviders->bootstrap(Object(Illuminate\\Foundation\\Application))
#10 /Users/pauliyaji/Herd/powerhouse/vendor/laravel/framework/src/Illuminate/Foundation/Console/Kernel.php(494): Illuminate\\Foundation\\Application->bootstrapWith(Array)
#11 /Users/pauliyaji/Herd/powerhouse/vendor/laravel/framework/src/Illuminate/Foundation/Console/Kernel.php(196): Illuminate\\Foundation\\Console\\Kernel->bootstrap()
#12 Command line code(1): Illuminate\\Foundation\\Console\\Kernel->handle(Object(Symfony\\Component\\Console\\Input\\ArgvInput), Object(Symfony\\Component\\Console\\Output\\ConsoleOutput))
#13 {main}
"} 
[2026-07-04 16:09:08] local.ERROR: include(/Users/pauliyaji/Herd/powerhouse/vendor/composer/../boa-intelligence/laravel-project-analyzer/src/ProjectAnalyzerServiceProvider.php): Failed to open stream: No such file or directory {"exception":"[object] (ErrorException(code: 0): include(/Users/pauliyaji/Herd/powerhouse/vendor/composer/../boa-intelligence/laravel-project-analyzer/src/ProjectAnalyzerServiceProvider.php): Failed to open stream: No such file or directory at /Users/pauliyaji/Herd/powerhouse/vendor/composer/ClassLoader.php:576)
[stacktrace]
#0 /Users/pauliyaji/Herd/powerhouse/vendor/laravel/framework/src/Illuminate/Foundation/Bootstrap/HandleExceptions.php(258): Illuminate\\Foundation\\Bootstrap\\HandleExceptions->handleError(2, 'include(/Users/...', '/Users/pauliyaj...', 576)
#1 /Users/pauliyaji/Herd/powerhouse/vendor/composer/ClassLoader.php(576): Illuminate\\Foundation\\Bootstrap\\HandleExceptions->{closure:Illuminate\\Foundation\\Bootstrap\\HandleExceptions::forwardsTo():257}(2, 'include(/Users/...', '/Users/pauliyaj...', 576)
#2 /Users/pauliyaji/Herd/powerhouse/vendor/composer/ClassLoader.php(576): include('/Users/pauliyaj...')
#3 /Users/pauliyaji/Herd/powerhouse/vendor/composer/ClassLoader.php(427): {closure:Composer\\Autoload\\ClassLoader::initializeIncludeClosure():575}('/Users/pauliyaj...')
#4 /Users/pauliyaji/Herd/powerhouse/vendor/laravel/framework/src/Illuminate/Foundation/Application.php(961): Composer\\Autoload\\ClassLoader->loadClass('ProjectAnalyzer...')
#5 /Users/pauliyaji/Herd/powerhouse/vendor/laravel/framework/src/Illuminate/Foundation/Application.php(893): Illuminate\\Foundation\\Application->resolveProvider('ProjectAnalyzer...')
#6 /Users/pauliyaji/Herd/powerhouse/vendor/laravel/framework/src/Illuminate/Foundation/ProviderRepository.php(74): Illuminate\\Foundation\\Application->register('ProjectAnalyzer...')
#7 /Users/pauliyaji/Herd/powerhouse/vendor/laravel/framework/src/Illuminate/Foundation/Application.php(871): Illuminate\\Foundation\\ProviderRepository->load(Array)
#8 /Users/pauliyaji/Herd/powerhouse/vendor/laravel/framework/src/Illuminate/Foundation/Bootstrap/RegisterProviders.php(37): Illuminate\\Foundation\\Application->registerConfiguredProviders()
#9 /Users/pauliyaji/Herd/powerhouse/vendor/laravel/framework/src/Illuminate/Foundation/Application.php(342): Illuminate\\Foundation\\Bootstrap\\RegisterProviders->bootstrap(Object(Illuminate\\Foundation\\Application))
#10 /Users/pauliyaji/Herd/powerhouse/vendor/laravel/framework/src/Illuminate/Foundation/Console/Kernel.php(494): Illuminate\\Foundation\\Application->bootstrapWith(Array)
#11 /Users/pauliyaji/Herd/powerhouse/vendor/laravel/framework/src/Illuminate/Foundation/Console/Kernel.php(196): Illuminate\\Foundation\\Console\\Kernel->bootstrap()
#12 Command line code(1): Illuminate\\Foundation\\Console\\Kernel->handle(Object(Symfony\\Component\\Console\\Input\\ArgvInput), Object(Symfony\\Component\\Console\\Output\\ConsoleOutput))
#13 {main}
"} 
[2026-07-04 16:09:08] local.ERROR: include(/Users/pauliyaji/Herd/powerhouse/vendor/composer/../boa-intelligence/laravel-project-analyzer/src/ProjectAnalyzerServiceProvider.php): Failed to open stream: No such file or directory {"exception":"[object] (ErrorException(code: 0): include(/Users/pauliyaji/Herd/powerhouse/vendor/composer/../boa-intelligence/laravel-project-analyzer/src/ProjectAnalyzerServiceProvider.php): Failed to open stream: No such file or directory at /Users/pauliyaji/Herd/powerhouse/vendor/composer/ClassLoader.php:576)
[stacktrace]
#0 /Users/pauliyaji/Herd/powerhouse/vendor/laravel/framework/src/Illuminate/Foundation/Bootstrap/HandleExceptions.php(258): Illuminate\\Foundation\\Bootstrap\\HandleExceptions->handleError(2, 'include(/Users/...', '/Users/pauliyaj...', 576)
#1 /Users/pauliyaji/Herd/powerhouse/vendor/composer/ClassLoader.php(576): Illuminate\\Foundation\\Bootstrap\\HandleExceptions->{closure:Illuminate\\Foundation\\Bootstrap\\HandleExceptions::forwardsTo():257}(2, 'include(/Users/...', '/Users/pauliyaj...', 576)
#2 /Users/pauliyaji/Herd/powerhouse/vendor/composer/ClassLoader.php(576): include('/Users/pauliyaj...')
#3 /Users/pauliyaji/Herd/powerhouse/vendor/composer/ClassLoader.php(427): {closure:Composer\\Autoload\\ClassLoader::initializeIncludeClosure():575}('/Users/pauliyaj...')
#4 /Users/pauliyaji/Herd/powerhouse/vendor/laravel/framework/src/Illuminate/Foundation/Application.php(961): Composer\\Autoload\\ClassLoader->loadClass('ProjectAnalyzer...')
#5 /Users/pauliyaji/Herd/powerhouse/vendor/laravel/framework/src/Illuminate/Foundation/Application.php(893): Illuminate\\Foundation\\Application->resolveProvider('ProjectAnalyzer...')
#6 /Users/pauliyaji/Herd/powerhouse/vendor/laravel/framework/src/Illuminate/Foundation/ProviderRepository.php(74): Illuminate\\Foundation\\Application->register('ProjectAnalyzer...')
#7 /Users/pauliyaji/Herd/powerhouse/vendor/laravel/framework/src/Illuminate/Foundation/Application.php(871): Illuminate\\Foundation\\ProviderRepository->load(Array)
#8 /Users/pauliyaji/Herd/powerhouse/vendor/laravel/framework/src/Illuminate/Foundation/Bootstrap/RegisterProviders.php(37): Illuminate\\Foundation\\Application->registerConfiguredProviders()
#9 /Users/pauliyaji/Herd/powerhouse/vendor/laravel/framework/src/Illuminate/Foundation/Application.php(342): Illuminate\\Foundation\\Bootstrap\\RegisterProviders->bootstrap(Object(Illuminate\\Foundation\\Application))
#10 /Users/pauliyaji/Herd/powerhouse/vendor/laravel/framework/src/Illuminate/Foundation/Console/Kernel.php(494): Illuminate\\Foundation\\Application->bootstrapWith(Array)
#11 /Users/pauliyaji/Herd/powerhouse/vendor/laravel/framework/src/Illuminate/Foundation/Console/Kernel.php(196): Illuminate\\Foundation\\Console\\Kernel->bootstrap()
#12 Command line code(1): Illuminate\\Foundation\\Console\\Kernel->handle(Object(Symfony\\Component\\Console\\Input\\ArgvInput), Object(Symfony\\Component\\Console\\Output\\ConsoleOutput))
#13 {main}
"} 
[2026-07-04 16:18:01] local.ERROR: __VSCODE_LARAVEL_STARTUP_ERROR__: include(/Users/pauliyaji/Herd/powerhouse/vendor/composer/../boa-intelligence/laravel-project-analyzer/src/ProjectAnalyzerServiceProvider.php): Failed to open stream: No such file or directory {"exception":"[object] (Error(code: 0): __VSCODE_LARAVEL_STARTUP_ERROR__: include(/Users/pauliyaji/Herd/powerhouse/vendor/composer/../boa-intelligence/laravel-project-analyzer/src/ProjectAnalyzerServiceProvider.php): Failed to open stream: No such file or directory at /Users/pauliyaji/Herd/powerhouse/vendor/_laravel_ide/discover-80bc781b69500326630e3fef7a4fdfeb.php:33)
[stacktrace]
#0 /Users/pauliyaji/Herd/powerhouse/vendor/_laravel_ide/discover-80bc781b69500326630e3fef7a4fdfeb.php(62): LaravelVsCode::startupError(Object(ErrorException))
#1 {main}
"} 
[2026-07-04 16:18:01] local.ERROR: __VSCODE_LARAVEL_STARTUP_ERROR__: include(/Users/pauliyaji/Herd/powerhouse/vendor/composer/../boa-intelligence/laravel-project-analyzer/src/ProjectAnalyzerServiceProvider.php): Failed to open stream: No such file or directory {"exception":"[object] (Error(code: 0): __VSCODE_LARAVEL_STARTUP_ERROR__: include(/Users/pauliyaji/Herd/powerhouse/vendor/composer/../boa-intelligence/laravel-project-analyzer/src/ProjectAnalyzerServiceProvider.php): Failed to open stream: No such file or directory at /Users/pauliyaji/Herd/powerhouse/vendor/_laravel_ide/discover-ec2e9975ebf5755f76a162b3dce99361.php:33)
[stacktrace]
#0 /Users/pauliyaji/Herd/powerhouse/vendor/_laravel_ide/discover-ec2e9975ebf5755f76a162b3dce99361.php(62): LaravelVsCode::startupError(Object(ErrorException))
#1 {main}
"} 
[2026-07-04 16:18:01] local.ERROR: __VSCODE_LARAVEL_STARTUP_ERROR__: include(/Users/pauliyaji/Herd/powerhouse/vendor/composer/../boa-intelligence/laravel-project-analyzer/src/ProjectAnalyzerServiceProvider.php): Failed to open stream: No such file or directory {"exception":"[object] (Error(code: 0): __VSCODE_LARAVEL_STARTUP_ERROR__: include(/Users/pauliyaji/Herd/powerhouse/vendor/composer/../boa-intelligence/laravel-project-analyzer/src/ProjectAnalyzerServiceProvider.php): Failed to open stream: No such file or directory at /Users/pauliyaji/Herd/powerhouse/vendor/_laravel_ide/discover-5c3cbe5e47b16e6c5fd1967f09c399da.php:33)
[stacktrace]
#0 /Users/pauliyaji/Herd/powerhouse/vendor/_laravel_ide/discover-5c3cbe5e47b16e6c5fd1967f09c399da.php(62): LaravelVsCode::startupError(Object(ErrorException))
#1 {main}
"} 
[2026-07-04 16:18:03] local.ERROR: __VSCODE_LARAVEL_STARTUP_ERROR__: include(/Users/pauliyaji/Herd/powerhouse/vendor/composer/../boa-intelligence/laravel-project-analyzer/src/ProjectAnalyzerServiceProvider.php): Failed to open stream: No such file or directory {"exception":"[object] (Error(code: 0): __VSCODE_LARAVEL_STARTUP_ERROR__: include(/Users/pauliyaji/Herd/powerhouse/vendor/composer/../boa-intelligence/laravel-project-analyzer/src/ProjectAnalyzerServiceProvider.php): Failed to open stream: No such file or directory at /Users/pauliyaji/Herd/powerhouse/vendor/_laravel_ide/discover-ec2e9975ebf5755f76a162b3dce99361.php:33)
[stacktrace]
#0 /Users/pauliyaji/Herd/powerhouse/vendor/_laravel_ide/discover-ec2e9975ebf5755f76a162b3dce99361.php(62): LaravelVsCode::startupError(Object(ErrorException))
#1 {main}
"} 
[2026-07-04 16:18:03] local.ERROR: __VSCODE_LARAVEL_STARTUP_ERROR__: include(/Users/pauliyaji/Herd/powerhouse/vendor/composer/../boa-intelligence/laravel-project-analyzer/src/ProjectAnalyzerServiceProvider.php): Failed to open stream: No such file or directory {"exception":"[object] (Error(code: 0): __VSCODE_LARAVEL_STARTUP_ERROR__: include(/Users/pauliyaji/Herd/powerhouse/vendor/composer/../boa-intelligence/laravel-project-analyzer/src/ProjectAnalyzerServiceProvider.php): Failed to open stream: No such file or directory at /Users/pauliyaji/Herd/powerhouse/vendor/_laravel_ide/discover-80bc781b69500326630e3fef7a4fdfeb.php:33)
[stacktrace]
#0 /Users/pauliyaji/Herd/powerhouse/vendor/_laravel_ide/discover-80bc781b69500326630e3fef7a4fdfeb.php(62): LaravelVsCode::startupError(Object(ErrorException))
#1 {main}
"} 
[2026-07-04 16:18:03] local.ERROR: __VSCODE_LARAVEL_STARTUP_ERROR__: include(/Users/pauliyaji/Herd/powerhouse/vendor/composer/../boa-intelligence/laravel-project-analyzer/src/ProjectAnalyzerServiceProvider.php): Failed to open stream: No such file or directory {"exception":"[object] (Error(code: 0): __VSCODE_LARAVEL_STARTUP_ERROR__: include(/Users/pauliyaji/Herd/powerhouse/vendor/composer/../boa-intelligence/laravel-project-analyzer/src/ProjectAnalyzerServiceProvider.php): Failed to open stream: No such file or directory at /Users/pauliyaji/Herd/powerhouse/vendor/_laravel_ide/discover-5c3cbe5e47b16e6c5fd1967f09c399da.php:33)
[stacktrace]
#0 /Users/pauliyaji/Herd/powerhouse/vendor/_laravel_ide/discover-5c3cbe5e47b16e6c5fd1967f09c399da.php(62): LaravelVsCode::startupError(Object(ErrorException))
#1 {main}
"} 
[2026-07-04 16:18:07] local.ERROR: include(/Users/pauliyaji/Herd/powerhouse/vendor/composer/../boa-intelligence/laravel-project-analyzer/src/ProjectAnalyzerServiceProvider.php): Failed to open stream: No such file or directory {"exception":"[object] (ErrorException(code: 0): include(/Users/pauliyaji/Herd/powerhouse/vendor/composer/../boa-intelligence/laravel-project-analyzer/src/ProjectAnalyzerServiceProvider.php): Failed to open stream: No such file or directory at /Users/pauliyaji/Herd/powerhouse/vendor/composer/ClassLoader.php:576)
[stacktrace]
#0 /Users/pauliyaji/Herd/powerhouse/vendor/laravel/framework/src/Illuminate/Foundation/Bootstrap/HandleExceptions.php(258): Illuminate\\Foundation\\Bootstrap\\HandleExceptions->handleError(2, 'include(/Users/...', '/Users/pauliyaj...', 576)
#1 /Users/pauliyaji/Herd/powerhouse/vendor/composer/ClassLoader.php(576): Illuminate\\Foundation\\Bootstrap\\HandleExceptions->{closure:Illuminate\\Foundation\\Bootstrap\\HandleExceptions::forwardsTo():257}(2, 'include(/Users/...', '/Users/pauliyaj...', 576)
#2 /Users/pauliyaji/Herd/powerhouse/vendor/composer/ClassLoader.php(576): include('/Users/pauliyaj...')
#3 /Users/pauliyaji/Herd/powerhouse/vendor/composer/ClassLoader.php(427): {closure:Composer\\Autoload\\ClassLoader::initializeIncludeClosure():575}('/Users/pauliyaj...')
#4 /Users/pauliyaji/Herd/powerhouse/vendor/laravel/framework/src/Illuminate/Foundation/Application.php(961): Composer\\Autoload\\ClassLoader->loadClass('ProjectAnalyzer...')
#5 /Users/pauliyaji/Herd/powerhouse/vendor/laravel/framework/src/Illuminate/Foundation/Application.php(893): Illuminate\\Foundation\\Application->resolveProvider('ProjectAnalyzer...')
#6 /Users/pauliyaji/Herd/powerhouse/vendor/laravel/framework/src/Illuminate/Foundation/ProviderRepository.php(74): Illuminate\\Foundation\\Application->register('ProjectAnalyzer...')
#7 /Users/pauliyaji/Herd/powerhouse/vendor/laravel/framework/src/Illuminate/Foundation/Application.php(871): Illuminate\\Foundation\\ProviderRepository->load(Array)
#8 /Users/pauliyaji/Herd/powerhouse/vendor/laravel/framework/src/Illuminate/Foundation/Bootstrap/RegisterProviders.php(37): Illuminate\\Foundation\\Application->registerConfiguredProviders()
#9 /Users/pauliyaji/Herd/powerhouse/vendor/laravel/framework/src/Illuminate/Foundation/Application.php(342): Illuminate\\Foundation\\Bootstrap\\RegisterProviders->bootstrap(Object(Illuminate\\Foundation\\Application))
#10 /Users/pauliyaji/Herd/powerhouse/vendor/laravel/framework/src/Illuminate/Foundation/Console/Kernel.php(494): Illuminate\\Foundation\\Application->bootstrapWith(Array)
#11 /Users/pauliyaji/Herd/powerhouse/vendor/laravel/framework/src/Illuminate/Foundation/Console/Kernel.php(196): Illuminate\\Foundation\\Console\\Kernel->bootstrap()
#12 Command line code(1): Illuminate\\Foundation\\Console\\Kernel->handle(Object(Symfony\\Component\\Console\\Input\\ArgvInput), Object(Symfony\\Component\\Console\\Output\\ConsoleOutput))
#13 {main}
"} 
[2026-07-04 16:18:07] local.ERROR: include(/Users/pauliyaji/Herd/powerhouse/vendor/composer/../boa-intelligence/laravel-project-analyzer/src/ProjectAnalyzerServiceProvider.php): Failed to open stream: No such file or directory {"exception":"[object] (ErrorException(code: 0): include(/Users/pauliyaji/Herd/powerhouse/vendor/composer/../boa-intelligence/laravel-project-analyzer/src/ProjectAnalyzerServiceProvider.php): Failed to open stream: No such file or directory at /Users/pauliyaji/Herd/powerhouse/vendor/composer/ClassLoader.php:576)
[stacktrace]
#0 /Users/pauliyaji/Herd/powerhouse/vendor/laravel/framework/src/Illuminate/Foundation/Bootstrap/HandleExceptions.php(258): Illuminate\\Foundation\\Bootstrap\\HandleExceptions->handleError(2, 'include(/Users/...', '/Users/pauliyaj...', 576)
#1 /Users/pauliyaji/Herd/powerhouse/vendor/composer/ClassLoader.php(576): Illuminate\\Foundation\\Bootstrap\\HandleExceptions->{closure:Illuminate\\Foundation\\Bootstrap\\HandleExceptions::forwardsTo():257}(2, 'include(/Users/...', '/Users/pauliyaj...', 576)
#2 /Users/pauliyaji/Herd/powerhouse/vendor/composer/ClassLoader.php(576): include('/Users/pauliyaj...')
#3 /Users/pauliyaji/Herd/powerhouse/vendor/composer/ClassLoader.php(427): {closure:Composer\\Autoload\\ClassLoader::initializeIncludeClosure():575}('/Users/pauliyaj...')
#4 /Users/pauliyaji/Herd/powerhouse/vendor/laravel/framework/src/Illuminate/Foundation/Application.php(961): Composer\\Autoload\\ClassLoader->loadClass('ProjectAnalyzer...')
#5 /Users/pauliyaji/Herd/powerhouse/vendor/laravel/framework/src/Illuminate/Foundation/Application.php(893): Illuminate\\Foundation\\Application->resolveProvider('ProjectAnalyzer...')
#6 /Users/pauliyaji/Herd/powerhouse/vendor/laravel/framework/src/Illuminate/Foundation/ProviderRepository.php(74): Illuminate\\Foundation\\Application->register('ProjectAnalyzer...')
#7 /Users/pauliyaji/Herd/powerhouse/vendor/laravel/framework/src/Illuminate/Foundation/Application.php(871): Illuminate\\Foundation\\ProviderRepository->load(Array)
#8 /Users/pauliyaji/Herd/powerhouse/vendor/laravel/framework/src/Illuminate/Foundation/Bootstrap/RegisterProviders.php(37): Illuminate\\Foundation\\Application->registerConfiguredProviders()
#9 /Users/pauliyaji/Herd/powerhouse/vendor/laravel/framework/src/Illuminate/Foundation/Application.php(342): Illuminate\\Foundation\\Bootstrap\\RegisterProviders->bootstrap(Object(Illuminate\\Foundation\\Application))
#10 /Users/pauliyaji/Herd/powerhouse/vendor/laravel/framework/src/Illuminate/Foundation/Console/Kernel.php(494): Illuminate\\Foundation\\Application->bootstrapWith(Array)
#11 /Users/pauliyaji/Herd/powerhouse/vendor/laravel/framework/src/Illuminate/Foundation/Console/Kernel.php(196): Illuminate\\Foundation\\Console\\Kernel->bootstrap()
#12 Command line code(1): Illuminate\\Foundation\\Console\\Kernel->handle(Object(Symfony\\Component\\Console\\Input\\ArgvInput), Object(Symfony\\Component\\Console\\Output\\ConsoleOutput))
#13 {main}
"} 
[2026-07-04 16:18:07] local.ERROR: include(/Users/pauliyaji/Herd/powerhouse/vendor/composer/../boa-intelligence/laravel-project-analyzer/src/ProjectAnalyzerServiceProvider.php): Failed to open stream: No such file or directory {"exception":"[object] (ErrorException(code: 0): include(/Users/pauliyaji/Herd/powerhouse/vendor/composer/../boa-intelligence/laravel-project-analyzer/src/ProjectAnalyzerServiceProvider.php): Failed to open stream: No such file or directory at /Users/pauliyaji/Herd/powerhouse/vendor/composer/ClassLoader.php:576)
[stacktrace]
#0 /Users/pauliyaji/Herd/powerhouse/vendor/laravel/framework/src/Illuminate/Foundation/Bootstrap/HandleExceptions.php(258): Illuminate\\Foundation\\Bootstrap\\HandleExceptions->handleError(2, 'include(/Users/...', '/Users/pauliyaj...', 576)
#1 /Users/pauliyaji/Herd/powerhouse/vendor/composer/ClassLoader.php(576): Illuminate\\Foundation\\Bootstrap\\HandleExceptions->{closure:Illuminate\\Foundation\\Bootstrap\\HandleExceptions::forwardsTo():257}(2, 'include(/Users/...', '/Users/pauliyaj...', 576)
#2 /Users/pauliyaji/Herd/powerhouse/vendor/composer/ClassLoader.php(576): include('/Users/pauliyaj...')
#3 /Users/pauliyaji/Herd/powerhouse/vendor/composer/ClassLoader.php(427): {closure:Composer\\Autoload\\ClassLoader::initializeIncludeClosure():575}('/Users/pauliyaj...')
#4 /Users/pauliyaji/Herd/powerhouse/vendor/laravel/framework/src/Illuminate/Foundation/Application.php(961): Composer\\Autoload\\ClassLoader->loadClass('ProjectAnalyzer...')
#5 /Users/pauliyaji/Herd/powerhouse/vendor/laravel/framework/src/Illuminate/Foundation/Application.php(893): Illuminate\\Foundation\\Application->resolveProvider('ProjectAnalyzer...')
#6 /Users/pauliyaji/Herd/powerhouse/vendor/laravel/framework/src/Illuminate/Foundation/ProviderRepository.php(74): Illuminate\\Foundation\\Application->register('ProjectAnalyzer...')
#7 /Users/pauliyaji/Herd/powerhouse/vendor/laravel/framework/src/Illuminate/Foundation/Application.php(871): Illuminate\\Foundation\\ProviderRepository->load(Array)
#8 /Users/pauliyaji/Herd/powerhouse/vendor/laravel/framework/src/Illuminate/Foundation/Bootstrap/RegisterProviders.php(37): Illuminate\\Foundation\\Application->registerConfiguredProviders()
#9 /Users/pauliyaji/Herd/powerhouse/vendor/laravel/framework/src/Illuminate/Foundation/Application.php(342): Illuminate\\Foundation\\Bootstrap\\RegisterProviders->bootstrap(Object(Illuminate\\Foundation\\Application))
#10 /Users/pauliyaji/Herd/powerhouse/vendor/laravel/framework/src/Illuminate/Foundation/Console/Kernel.php(494): Illuminate\\Foundation\\Application->bootstrapWith(Array)
#11 /Users/pauliyaji/Herd/powerhouse/vendor/laravel/framework/src/Illuminate/Foundation/Console/Kernel.php(196): Illuminate\\Foundation\\Console\\Kernel->bootstrap()
#12 Command line code(1): Illuminate\\Foundation\\Console\\Kernel->handle(Object(Symfony\\Component\\Console\\Input\\ArgvInput), Object(Symfony\\Component\\Console\\Output\\ConsoleOutput))
#13 {main}
"} 
[2026-07-04 16:18:07] local.ERROR: include(/Users/pauliyaji/Herd/powerhouse/vendor/composer/../boa-intelligence/laravel-project-analyzer/src/ProjectAnalyzerServiceProvider.php): Failed to open stream: No such file or directory {"exception":"[object] (ErrorException(code: 0): include(/Users/pauliyaji/Herd/powerhouse/vendor/composer/../boa-intelligence/laravel-project-analyzer/src/ProjectAnalyzerServiceProvider.php): Failed to open stream: No such file or directory at /Users/pauliyaji/Herd/powerhouse/vendor/composer/ClassLoader.php:576)
[stacktrace]
#0 /Users/pauliyaji/Herd/powerhouse/vendor/laravel/framework/src/Illuminate/Foundation/Bootstrap/HandleExceptions.php(258): Illuminate\\Foundation\\Bootstrap\\HandleExceptions->handleError(2, 'include(/Users/...', '/Users/pauliyaj...', 576)
#1 /Users/pauliyaji/Herd/powerhouse/vendor/composer/ClassLoader.php(576): Illuminate\\Foundation\\Bootstrap\\HandleExceptions->{closure:Illuminate\\Foundation\\Bootstrap\\HandleExceptions::forwardsTo():257}(2, 'include(/Users/...', '/Users/pauliyaj...', 576)
#2 /Users/pauliyaji/Herd/powerhouse/vendor/composer/ClassLoader.php(576): include('/Users/pauliyaj...')
#3 /Users/pauliyaji/Herd/powerhouse/vendor/composer/ClassLoader.php(427): {closure:Composer\\Autoload\\ClassLoader::initializeIncludeClosure():575}('/Users/pauliyaj...')
#4 /Users/pauliyaji/Herd/powerhouse/vendor/laravel/framework/src/Illuminate/Foundation/Application.php(961): Composer\\Autoload\\ClassLoader->loadClass('ProjectAnalyzer...')
#5 /Users/pauliyaji/Herd/powerhouse/vendor/laravel/framework/src/Illuminate/Foundation/Application.php(893): Illuminate\\Foundation\\Application->resolveProvider('ProjectAnalyzer...')
#6 /Users/pauliyaji/Herd/powerhouse/vendor/laravel/framework/src/Illuminate/Foundation/ProviderRepository.php(74): Illuminate\\Foundation\\Application->register('ProjectAnalyzer...')
#7 /Users/pauliyaji/Herd/powerhouse/vendor/laravel/framework/src/Illuminate/Foundation/Application.php(871): Illuminate\\Foundation\\ProviderRepository->load(Array)
#8 /Users/pauliyaji/Herd/powerhouse/vendor/laravel/framework/src/Illuminate/Foundation/Bootstrap/RegisterProviders.php(37): Illuminate\\Foundation\\Application->registerConfiguredProviders()
#9 /Users/pauliyaji/Herd/powerhouse/vendor/laravel/framework/src/Illuminate/Foundation/Application.php(342): Illuminate\\Foundation\\Bootstrap\\RegisterProviders->bootstrap(Object(Illuminate\\Foundation\\Application))
#10 /Users/pauliyaji/Herd/powerhouse/vendor/laravel/framework/src/Illuminate/Foundation/Console/Kernel.php(494): Illuminate\\Foundation\\Application->bootstrapWith(Array)
#11 /Users/pauliyaji/Herd/powerhouse/vendor/laravel/framework/src/Illuminate/Foundation/Console/Kernel.php(196): Illuminate\\Foundation\\Console\\Kernel->bootstrap()
#12 Command line code(1): Illuminate\\Foundation\\Console\\Kernel->handle(Object(Symfony\\Component\\Console\\Input\\ArgvInput), Object(Symfony\\Component\\Console\\Output\\ConsoleOutput))
#13 {main}
"} 
[2026-07-04 16:18:07] local.ERROR: include(/Users/pauliyaji/Herd/powerhouse/vendor/composer/../boa-intelligence/laravel-project-analyzer/src/ProjectAnalyzerServiceProvider.php): Failed to open stream: No such file or directory {"exception":"[object] (ErrorException(code: 0): include(/Users/pauliyaji/Herd/powerhouse/vendor/composer/../boa-intelligence/laravel-project-analyzer/src/ProjectAnalyzerServiceProvider.php): Failed to open stream: No such file or directory at /Users/pauliyaji/Herd/powerhouse/vendor/composer/ClassLoader.php:576)
[stacktrace]
#0 /Users/pauliyaji/Herd/powerhouse/vendor/laravel/framework/src/Illuminate/Foundation/Bootstrap/HandleExceptions.php(258): Illuminate\\Foundation\\Bootstrap\\HandleExceptions->handleError(2, 'include(/Users/...', '/Users/pauliyaj...', 576)
#1 /Users/pauliyaji/Herd/powerhouse/vendor/composer/ClassLoader.php(576): Illuminate\\Foundation\\Bootstrap\\HandleExceptions->{closure:Illuminate\\Foundation\\Bootstrap\\HandleExceptions::forwardsTo():257}(2, 'include(/Users/...', '/Users/pauliyaj...', 576)
#2 /Users/pauliyaji/Herd/powerhouse/vendor/composer/ClassLoader.php(576): include('/Users/pauliyaj...')
#3 /Users/pauliyaji/Herd/powerhouse/vendor/composer/ClassLoader.php(427): {closure:Composer\\Autoload\\ClassLoader::initializeIncludeClosure():575}('/Users/pauliyaj...')
#4 /Users/pauliyaji/Herd/powerhouse/vendor/laravel/framework/src/Illuminate/Foundation/Application.php(961): Composer\\Autoload\\ClassLoader->loadClass('ProjectAnalyzer...')
#5 /Users/pauliyaji/Herd/powerhouse/vendor/laravel/framework/src/Illuminate/Foundation/Application.php(893): Illuminate\\Foundation\\Application->resolveProvider('ProjectAnalyzer...')
#6 /Users/pauliyaji/Herd/powerhouse/vendor/laravel/framework/src/Illuminate/Foundation/ProviderRepository.php(74): Illuminate\\Foundation\\Application->register('ProjectAnalyzer...')
#7 /Users/pauliyaji/Herd/powerhouse/vendor/laravel/framework/src/Illuminate/Foundation/Application.php(871): Illuminate\\Foundation\\ProviderRepository->load(Array)
#8 /Users/pauliyaji/Herd/powerhouse/vendor/laravel/framework/src/Illuminate/Foundation/Bootstrap/RegisterProviders.php(37): Illuminate\\Foundation\\Application->registerConfiguredProviders()
#9 /Users/pauliyaji/Herd/powerhouse/vendor/laravel/framework/src/Illuminate/Foundation/Application.php(342): Illuminate\\Foundation\\Bootstrap\\RegisterProviders->bootstrap(Object(Illuminate\\Foundation\\Application))
#10 /Users/pauliyaji/Herd/powerhouse/vendor/laravel/framework/src/Illuminate/Foundation/Console/Kernel.php(494): Illuminate\\Foundation\\Application->bootstrapWith(Array)
#11 /Users/pauliyaji/Herd/powerhouse/vendor/laravel/framework/src/Illuminate/Foundation/Console/Kernel.php(196): Illuminate\\Foundation\\Console\\Kernel->bootstrap()
#12 Command line code(1): Illuminate\\Foundation\\Console\\Kernel->handle(Object(Symfony\\Component\\Console\\Input\\ArgvInput), Object(Symfony\\Component\\Console\\Output\\ConsoleOutput))
#13 {main}
"} 
[2026-07-04 16:18:07] local.ERROR: include(/Users/pauliyaji/Herd/powerhouse/vendor/composer/../boa-intelligence/laravel-project-analyzer/src/ProjectAnalyzerServiceProvider.php): Failed to open stream: No such file or directory {"exception":"[object] (ErrorException(code: 0): include(/Users/pauliyaji/Herd/powerhouse/vendor/composer/../boa-intelligence/laravel-project-analyzer/src/ProjectAnalyzerServiceProvider.php): Failed to open stream: No such file or directory at /Users/pauliyaji/Herd/powerhouse/vendor/composer/ClassLoader.php:576)
[stacktrace]
#0 /Users/pauliyaji/Herd/powerhouse/vendor/laravel/framework/src/Illuminate/Foundation/Bootstrap/HandleExceptions.php(258): Illuminate\\Foundation\\Bootstrap\\HandleExceptions->handleError(2, 'include(/Users/...', '/Users/pauliyaj...', 576)
#1 /Users/pauliyaji/Herd/powerhouse/vendor/composer/ClassLoader.php(576): Illuminate\\Foundation\\Bootstrap\\HandleExceptions->{closure:Illuminate\\Foundation\\Bootstrap\\HandleExceptions::forwardsTo():257}(2, 'include(/Users/...', '/Users/pauliyaj...', 576)
#2 /Users/pauliyaji/Herd/powerhouse/vendor/composer/ClassLoader.php(576): include('/Users/pauliyaj...')
#3 /Users/pauliyaji/Herd/powerhouse/vendor/composer/ClassLoader.php(427): {closure:Composer\\Autoload\\ClassLoader::initializeIncludeClosure():575}('/Users/pauliyaj...')
#4 /Users/pauliyaji/Herd/powerhouse/vendor/laravel/framework/src/Illuminate/Foundation/Application.php(961): Composer\\Autoload\\ClassLoader->loadClass('ProjectAnalyzer...')
#5 /Users/pauliyaji/Herd/powerhouse/vendor/laravel/framework/src/Illuminate/Foundation/Application.php(893): Illuminate\\Foundation\\Application->resolveProvider('ProjectAnalyzer...')
#6 /Users/pauliyaji/Herd/powerhouse/vendor/laravel/framework/src/Illuminate/Foundation/ProviderRepository.php(74): Illuminate\\Foundation\\Application->register('ProjectAnalyzer...')
#7 /Users/pauliyaji/Herd/powerhouse/vendor/laravel/framework/src/Illuminate/Foundation/Application.php(871): Illuminate\\Foundation\\ProviderRepository->load(Array)
#8 /Users/pauliyaji/Herd/powerhouse/vendor/laravel/framework/src/Illuminate/Foundation/Bootstrap/RegisterProviders.php(37): Illuminate\\Foundation\\Application->registerConfiguredProviders()
#9 /Users/pauliyaji/Herd/powerhouse/vendor/laravel/framework/src/Illuminate/Foundation/Application.php(342): Illuminate\\Foundation\\Bootstrap\\RegisterProviders->bootstrap(Object(Illuminate\\Foundation\\Application))
#10 /Users/pauliyaji/Herd/powerhouse/vendor/laravel/framework/src/Illuminate/Foundation/Console/Kernel.php(494): Illuminate\\Foundation\\Application->bootstrapWith(Array)
#11 /Users/pauliyaji/Herd/powerhouse/vendor/laravel/framework/src/Illuminate/Foundation/Console/Kernel.php(196): Illuminate\\Foundation\\Console\\Kernel->bootstrap()
#12 Command line code(1): Illuminate\\Foundation\\Console\\Kernel->handle(Object(Symfony\\Component\\Console\\Input\\ArgvInput), Object(Symfony\\Component\\Console\\Output\\ConsoleOutput))
#13 {main}
"} 
[2026-07-04 16:18:08] local.ERROR: include(/Users/pauliyaji/Herd/powerhouse/vendor/composer/../boa-intelligence/laravel-project-analyzer/src/ProjectAnalyzerServiceProvider.php): Failed to open stream: No such file or directory {"exception":"[object] (ErrorException(code: 0): include(/Users/pauliyaji/Herd/powerhouse/vendor/composer/../boa-intelligence/laravel-project-analyzer/src/ProjectAnalyzerServiceProvider.php): Failed to open stream: No such file or directory at /Users/pauliyaji/Herd/powerhouse/vendor/composer/ClassLoader.php:576)
[stacktrace]
#0 /Users/pauliyaji/Herd/powerhouse/vendor/laravel/framework/src/Illuminate/Foundation/Bootstrap/HandleExceptions.php(258): Illuminate\\Foundation\\Bootstrap\\HandleExceptions->handleError(2, 'include(/Users/...', '/Users/pauliyaj...', 576)
#1 /Users/pauliyaji/Herd/powerhouse/vendor/composer/ClassLoader.php(576): Illuminate\\Foundation\\Bootstrap\\HandleExceptions->{closure:Illuminate\\Foundation\\Bootstrap\\HandleExceptions::forwardsTo():257}(2, 'include(/Users/...', '/Users/pauliyaj...', 576)
#2 /Users/pauliyaji/Herd/powerhouse/vendor/composer/ClassLoader.php(576): include('/Users/pauliyaj...')
#3 /Users/pauliyaji/Herd/powerhouse/vendor/composer/ClassLoader.php(427): {closure:Composer\\Autoload\\ClassLoader::initializeIncludeClosure():575}('/Users/pauliyaj...')
#4 /Users/pauliyaji/Herd/powerhouse/vendor/laravel/framework/src/Illuminate/Foundation/Application.php(961): Composer\\Autoload\\ClassLoader->loadClass('ProjectAnalyzer...')
#5 /Users/pauliyaji/Herd/powerhouse/vendor/laravel/framework/src/Illuminate/Foundation/Application.php(893): Illuminate\\Foundation\\Application->resolveProvider('ProjectAnalyzer...')
#6 /Users/pauliyaji/Herd/powerhouse/vendor/laravel/framework/src/Illuminate/Foundation/ProviderRepository.php(74): Illuminate\\Foundation\\Application->register('ProjectAnalyzer...')
#7 /Users/pauliyaji/Herd/powerhouse/vendor/laravel/framework/src/Illuminate/Foundation/Application.php(871): Illuminate\\Foundation\\ProviderRepository->load(Array)
#8 /Users/pauliyaji/Herd/powerhouse/vendor/laravel/framework/src/Illuminate/Foundation/Bootstrap/RegisterProviders.php(37): Illuminate\\Foundation\\Application->registerConfiguredProviders()
#9 /Users/pauliyaji/Herd/powerhouse/vendor/laravel/framework/src/Illuminate/Foundation/Application.php(342): Illuminate\\Foundation\\Bootstrap\\RegisterProviders->bootstrap(Object(Illuminate\\Foundation\\Application))
#10 /Users/pauliyaji/Herd/powerhouse/vendor/laravel/framework/src/Illuminate/Foundation/Console/Kernel.php(494): Illuminate\\Foundation\\Application->bootstrapWith(Array)
#11 /Users/pauliyaji/Herd/powerhouse/vendor/laravel/framework/src/Illuminate/Foundation/Console/Kernel.php(196): Illuminate\\Foundation\\Console\\Kernel->bootstrap()
#12 Command line code(1): Illuminate\\Foundation\\Console\\Kernel->handle(Object(Symfony\\Component\\Console\\Input\\ArgvInput), Object(Symfony\\Component\\Console\\Output\\ConsoleOutput))
#13 {main}
"} 
[2026-07-04 16:18:09] local.ERROR: __VSCODE_LARAVEL_STARTUP_ERROR__: include(/Users/pauliyaji/Herd/powerhouse/vendor/composer/../boa-intelligence/laravel-project-analyzer/src/ProjectAnalyzerServiceProvider.php): Failed to open stream: No such file or directory {"exception":"[object] (Error(code: 0): __VSCODE_LARAVEL_STARTUP_ERROR__: include(/Users/pauliyaji/Herd/powerhouse/vendor/composer/../boa-intelligence/laravel-project-analyzer/src/ProjectAnalyzerServiceProvider.php): Failed to open stream: No such file or directory at /Users/pauliyaji/Herd/powerhouse/vendor/_laravel_ide/discover-80bc781b69500326630e3fef7a4fdfeb.php:33)
[stacktrace]
#0 /Users/pauliyaji/Herd/powerhouse/vendor/_laravel_ide/discover-80bc781b69500326630e3fef7a4fdfeb.php(62): LaravelVsCode::startupError(Object(ErrorException))
#1 {main}
"} 
[2026-07-04 16:18:09] local.ERROR: __VSCODE_LARAVEL_STARTUP_ERROR__: include(/Users/pauliyaji/Herd/powerhouse/vendor/composer/../boa-intelligence/laravel-project-analyzer/src/ProjectAnalyzerServiceProvider.php): Failed to open stream: No such file or directory {"exception":"[object] (Error(code: 0): __VSCODE_LARAVEL_STARTUP_ERROR__: include(/Users/pauliyaji/Herd/powerhouse/vendor/composer/../boa-intelligence/laravel-project-analyzer/src/ProjectAnalyzerServiceProvider.php): Failed to open stream: No such file or directory at /Users/pauliyaji/Herd/powerhouse/vendor/_laravel_ide/discover-ec2e9975ebf5755f76a162b3dce99361.php:33)
[stacktrace]
#0 /Users/pauliyaji/Herd/powerhouse/vendor/_laravel_ide/discover-ec2e9975ebf5755f76a162b3dce99361.php(62): LaravelVsCode::startupError(Object(ErrorException))
#1 {main}
"} 
[2026-07-04 16:18:09] local.ERROR: __VSCODE_LARAVEL_STARTUP_ERROR__: include(/Users/pauliyaji/Herd/powerhouse/vendor/composer/../boa-intelligence/laravel-project-analyzer/src/ProjectAnalyzerServiceProvider.php): Failed to open stream: No such file or directory {"exception":"[object] (Error(code: 0): __VSCODE_LARAVEL_STARTUP_ERROR__: include(/Users/pauliyaji/Herd/powerhouse/vendor/composer/../boa-intelligence/laravel-project-analyzer/src/ProjectAnalyzerServiceProvider.php): Failed to open stream: No such file or directory at /Users/pauliyaji/Herd/powerhouse/vendor/_laravel_ide/discover-5c3cbe5e47b16e6c5fd1967f09c399da.php:33)
[stacktrace]
#0 /Users/pauliyaji/Herd/powerhouse/vendor/_laravel_ide/discover-5c3cbe5e47b16e6c5fd1967f09c399da.php(62): LaravelVsCode::startupError(Object(ErrorException))
#1 {main}
"} 
[2026-07-04 16:18:10] local.ERROR: __VSCODE_LARAVEL_STARTUP_ERROR__: include(/Users/pauliyaji/Herd/powerhouse/vendor/composer/../boa-intelligence/laravel-project-analyzer/src/ProjectAnalyzerServiceProvider.php): Failed to open stream: No such file or directory {"exception":"[object] (Error(code: 0): __VSCODE_LARAVEL_STARTUP_ERROR__: include(/Users/pauliyaji/Herd/powerhouse/vendor/composer/../boa-intelligence/laravel-project-analyzer/src/ProjectAnalyzerServiceProvider.php): Failed to open stream: No such file or directory at /Users/pauliyaji/Herd/powerhouse/vendor/_laravel_ide/discover-ec2e9975ebf5755f76a162b3dce99361.php:33)
[stacktrace]
#0 /Users/pauliyaji/Herd/powerhouse/vendor/_laravel_ide/discover-ec2e9975ebf5755f76a162b3dce99361.php(62): LaravelVsCode::startupError(Object(ErrorException))
#1 {main}
"} 
[2026-07-04 16:18:10] local.ERROR: __VSCODE_LARAVEL_STARTUP_ERROR__: include(/Users/pauliyaji/Herd/powerhouse/vendor/composer/../boa-intelligence/laravel-project-analyzer/src/ProjectAnalyzerServiceProvider.php): Failed to open stream: No such file or directory {"exception":"[object] (Error(code: 0): __VSCODE_LARAVEL_STARTUP_ERROR__: include(/Users/pauliyaji/Herd/powerhouse/vendor/composer/../boa-intelligence/laravel-project-analyzer/src/ProjectAnalyzerServiceProvider.php): Failed to open stream: No such file or directory at /Users/pauliyaji/Herd/powerhouse/vendor/_laravel_ide/discover-80bc781b69500326630e3fef7a4fdfeb.php:33)
[stacktrace]
#0 /Users/pauliyaji/Herd/powerhouse/vendor/_laravel_ide/discover-80bc781b69500326630e3fef7a4fdfeb.php(62): LaravelVsCode::startupError(Object(ErrorException))
#1 {main}
"} 
[2026-07-04 16:18:10] local.ERROR: __VSCODE_LARAVEL_STARTUP_ERROR__: include(/Users/pauliyaji/Herd/powerhouse/vendor/composer/../boa-intelligence/laravel-project-analyzer/src/ProjectAnalyzerServiceProvider.php): Failed to open stream: No such file or directory {"exception":"[object] (Error(code: 0): __VSCODE_LARAVEL_STARTUP_ERROR__: include(/Users/pauliyaji/Herd/powerhouse/vendor/composer/../boa-intelligence/laravel-project-analyzer/src/ProjectAnalyzerServiceProvider.php): Failed to open stream: No such file or directory at /Users/pauliyaji/Herd/powerhouse/vendor/_laravel_ide/discover-5c3cbe5e47b16e6c5fd1967f09c399da.php:33)
[stacktrace]
#0 /Users/pauliyaji/Herd/powerhouse/vendor/_laravel_ide/discover-5c3cbe5e47b16e6c5fd1967f09c399da.php(62): LaravelVsCode::startupError(Object(ErrorException))
#1 {main}
"} 
[2026-07-04 16:18:11] local.ERROR: __VSCODE_LARAVEL_STARTUP_ERROR__: include(/Users/pauliyaji/Herd/powerhouse/vendor/composer/../boa-intelligence/laravel-project-analyzer/src/ProjectAnalyzerServiceProvider.php): Failed to open stream: No such file or directory {"exception":"[object] (Error(code: 0): __VSCODE_LARAVEL_STARTUP_ERROR__: include(/Users/pauliyaji/Herd/powerhouse/vendor/composer/../boa-intelligence/laravel-project-analyzer/src/ProjectAnalyzerServiceProvider.php): Failed to open stream: No such file or directory at /Users/pauliyaji/Herd/powerhouse/vendor/_laravel_ide/discover-80bc781b69500326630e3fef7a4fdfeb.php:33)
[stacktrace]
#0 /Users/pauliyaji/Herd/powerhouse/vendor/_laravel_ide/discover-80bc781b69500326630e3fef7a4fdfeb.php(62): LaravelVsCode::startupError(Object(ErrorException))
#1 {main}
"} 
[2026-07-04 16:18:11] local.ERROR: __VSCODE_LARAVEL_STARTUP_ERROR__: include(/Users/pauliyaji/Herd/powerhouse/vendor/composer/../boa-intelligence/laravel-project-analyzer/src/ProjectAnalyzerServiceProvider.php): Failed to open stream: No such file or directory {"exception":"[object] (Error(code: 0): __VSCODE_LARAVEL_STARTUP_ERROR__: include(/Users/pauliyaji/Herd/powerhouse/vendor/composer/../boa-intelligence/laravel-project-analyzer/src/ProjectAnalyzerServiceProvider.php): Failed to open stream: No such file or directory at /Users/pauliyaji/Herd/powerhouse/vendor/_laravel_ide/discover-ec2e9975ebf5755f76a162b3dce99361.php:33)
[stacktrace]
#0 /Users/pauliyaji/Herd/powerhouse/vendor/_laravel_ide/discover-ec2e9975ebf5755f76a162b3dce99361.php(62): LaravelVsCode::startupError(Object(ErrorException))
#1 {main}
"} 
[2026-07-04 16:18:11] local.ERROR: __VSCODE_LARAVEL_STARTUP_ERROR__: include(/Users/pauliyaji/Herd/powerhouse/vendor/composer/../boa-intelligence/laravel-project-analyzer/src/ProjectAnalyzerServiceProvider.php): Failed to open stream: No such file or directory {"exception":"[object] (Error(code: 0): __VSCODE_LARAVEL_STARTUP_ERROR__: include(/Users/pauliyaji/Herd/powerhouse/vendor/composer/../boa-intelligence/laravel-project-analyzer/src/ProjectAnalyzerServiceProvider.php): Failed to open stream: No such file or directory at /Users/pauliyaji/Herd/powerhouse/vendor/_laravel_ide/discover-5c3cbe5e47b16e6c5fd1967f09c399da.php:33)
[stacktrace]
#0 /Users/pauliyaji/Herd/powerhouse/vendor/_laravel_ide/discover-5c3cbe5e47b16e6c5fd1967f09c399da.php(62): LaravelVsCode::startupError(Object(ErrorException))
#1 {main}
"} 
[2026-07-04 16:18:12] local.ERROR: __VSCODE_LARAVEL_STARTUP_ERROR__: include(/Users/pauliyaji/Herd/powerhouse/vendor/composer/../boa-intelligence/laravel-project-analyzer/src/ProjectAnalyzerServiceProvider.php): Failed to open stream: No such file or directory {"exception":"[object] (Error(code: 0): __VSCODE_LARAVEL_STARTUP_ERROR__: include(/Users/pauliyaji/Herd/powerhouse/vendor/composer/../boa-intelligence/laravel-project-analyzer/src/ProjectAnalyzerServiceProvider.php): Failed to open stream: No such file or directory at /Users/pauliyaji/Herd/powerhouse/vendor/_laravel_ide/discover-80bc781b69500326630e3fef7a4fdfeb.php:33)
[stacktrace]
#0 /Users/pauliyaji/Herd/powerhouse/vendor/_laravel_ide/discover-80bc781b69500326630e3fef7a4fdfeb.php(62): LaravelVsCode::startupError(Object(ErrorException))
#1 {main}
"} 
[2026-07-04 16:18:12] local.ERROR: __VSCODE_LARAVEL_STARTUP_ERROR__: include(/Users/pauliyaji/Herd/powerhouse/vendor/composer/../boa-intelligence/laravel-project-analyzer/src/ProjectAnalyzerServiceProvider.php): Failed to open stream: No such file or directory {"exception":"[object] (Error(code: 0): __VSCODE_LARAVEL_STARTUP_ERROR__: include(/Users/pauliyaji/Herd/powerhouse/vendor/composer/../boa-intelligence/laravel-project-analyzer/src/ProjectAnalyzerServiceProvider.php): Failed to open stream: No such file or directory at /Users/pauliyaji/Herd/powerhouse/vendor/_laravel_ide/discover-ec2e9975ebf5755f76a162b3dce99361.php:33)
[stacktrace]
#0 /Users/pauliyaji/Herd/powerhouse/vendor/_laravel_ide/discover-ec2e9975ebf5755f76a162b3dce99361.php(62): LaravelVsCode::startupError(Object(ErrorException))
#1 {main}
"} 
[2026-07-04 16:18:13] local.ERROR: __VSCODE_LARAVEL_STARTUP_ERROR__: include(/Users/pauliyaji/Herd/powerhouse/vendor/composer/../boa-intelligence/laravel-project-analyzer/src/ProjectAnalyzerServiceProvider.php): Failed to open stream: No such file or directory {"exception":"[object] (Error(code: 0): __VSCODE_LARAVEL_STARTUP_ERROR__: include(/Users/pauliyaji/Herd/powerhouse/vendor/composer/../boa-intelligence/laravel-project-analyzer/src/ProjectAnalyzerServiceProvider.php): Failed to open stream: No such file or directory at /Users/pauliyaji/Herd/powerhouse/vendor/_laravel_ide/discover-80bc781b69500326630e3fef7a4fdfeb.php:33)
[stacktrace]
#0 /Users/pauliyaji/Herd/powerhouse/vendor/_laravel_ide/discover-80bc781b69500326630e3fef7a4fdfeb.php(62): LaravelVsCode::startupError(Object(ErrorException))
#1 {main}
"} 
[2026-07-04 16:18:13] local.ERROR: __VSCODE_LARAVEL_STARTUP_ERROR__: include(/Users/pauliyaji/Herd/powerhouse/vendor/composer/../boa-intelligence/laravel-project-analyzer/src/ProjectAnalyzerServiceProvider.php): Failed to open stream: No such file or directory {"exception":"[object] (Error(code: 0): __VSCODE_LARAVEL_STARTUP_ERROR__: include(/Users/pauliyaji/Herd/powerhouse/vendor/composer/../boa-intelligence/laravel-project-analyzer/src/ProjectAnalyzerServiceProvider.php): Failed to open stream: No such file or directory at /Users/pauliyaji/Herd/powerhouse/vendor/_laravel_ide/discover-ec2e9975ebf5755f76a162b3dce99361.php:33)
[stacktrace]
#0 /Users/pauliyaji/Herd/powerhouse/vendor/_laravel_ide/discover-ec2e9975ebf5755f76a162b3dce99361.php(62): LaravelVsCode::startupError(Object(ErrorException))
#1 {main}
"} 
[2026-07-04 16:18:13] local.ERROR: __VSCODE_LARAVEL_STARTUP_ERROR__: include(/Users/pauliyaji/Herd/powerhouse/vendor/composer/../boa-intelligence/laravel-project-analyzer/src/ProjectAnalyzerServiceProvider.php): Failed to open stream: No such file or directory {"exception":"[object] (Error(code: 0): __VSCODE_LARAVEL_STARTUP_ERROR__: include(/Users/pauliyaji/Herd/powerhouse/vendor/composer/../boa-intelligence/laravel-project-analyzer/src/ProjectAnalyzerServiceProvider.php): Failed to open stream: No such file or directory at /Users/pauliyaji/Herd/powerhouse/vendor/_laravel_ide/discover-5c3cbe5e47b16e6c5fd1967f09c399da.php:33)
[stacktrace]
#0 /Users/pauliyaji/Herd/powerhouse/vendor/_laravel_ide/discover-5c3cbe5e47b16e6c5fd1967f09c399da.php(62): LaravelVsCode::startupError(Object(ErrorException))
#1 {main}
"} 
[2026-07-04 16:18:13] local.ERROR: __VSCODE_LARAVEL_STARTUP_ERROR__: include(/Users/pauliyaji/Herd/powerhouse/vendor/composer/../boa-intelligence/laravel-project-analyzer/src/ProjectAnalyzerServiceProvider.php): Failed to open stream: No such file or directory {"exception":"[object] (Error(code: 0): __VSCODE_LARAVEL_STARTUP_ERROR__: include(/Users/pauliyaji/Herd/powerhouse/vendor/composer/../boa-intelligence/laravel-project-analyzer/src/ProjectAnalyzerServiceProvider.php): Failed to open stream: No such file or directory at /Users/pauliyaji/Herd/powerhouse/vendor/_laravel_ide/discover-5c3cbe5e47b16e6c5fd1967f09c399da.php:33)
[stacktrace]
#0 /Users/pauliyaji/Herd/powerhouse/vendor/_laravel_ide/discover-5c3cbe5e47b16e6c5fd1967f09c399da.php(62): LaravelVsCode::startupError(Object(ErrorException))
#1 {main}
"} 
[2026-07-04 16:18:14] local.ERROR: __VSCODE_LARAVEL_STARTUP_ERROR__: include(/Users/pauliyaji/Herd/powerhouse/vendor/composer/../boa-intelligence/laravel-project-analyzer/src/ProjectAnalyzerServiceProvider.php): Failed to open stream: No such file or directory {"exception":"[object] (Error(code: 0): __VSCODE_LARAVEL_STARTUP_ERROR__: include(/Users/pauliyaji/Herd/powerhouse/vendor/composer/../boa-intelligence/laravel-project-analyzer/src/ProjectAnalyzerServiceProvider.php): Failed to open stream: No such file or directory at /Users/pauliyaji/Herd/powerhouse/vendor/_laravel_ide/discover-80bc781b69500326630e3fef7a4fdfeb.php:33)
[stacktrace]
#0 /Users/pauliyaji/Herd/powerhouse/vendor/_laravel_ide/discover-80bc781b69500326630e3fef7a4fdfeb.php(62): LaravelVsCode::startupError(Object(ErrorException))
#1 {main}
"} 
[2026-07-04 16:18:14] local.ERROR: __VSCODE_LARAVEL_STARTUP_ERROR__: include(/Users/pauliyaji/Herd/powerhouse/vendor/composer/../boa-intelligence/laravel-project-analyzer/src/ProjectAnalyzerServiceProvider.php): Failed to open stream: No such file or directory {"exception":"[object] (Error(code: 0): __VSCODE_LARAVEL_STARTUP_ERROR__: include(/Users/pauliyaji/Herd/powerhouse/vendor/composer/../boa-intelligence/laravel-project-analyzer/src/ProjectAnalyzerServiceProvider.php): Failed to open stream: No such file or directory at /Users/pauliyaji/Herd/powerhouse/vendor/_laravel_ide/discover-ec2e9975ebf5755f76a162b3dce99361.php:33)
[stacktrace]
#0 /Users/pauliyaji/Herd/powerhouse/vendor/_laravel_ide/discover-ec2e9975ebf5755f76a162b3dce99361.php(62): LaravelVsCode::startupError(Object(ErrorException))
#1 {main}
"} 
[2026-07-04 16:18:16] local.ERROR: include(/Users/pauliyaji/Herd/powerhouse/vendor/composer/../boa-intelligence/laravel-project-analyzer/src/ProjectAnalyzerServiceProvider.php): Failed to open stream: No such file or directory {"exception":"[object] (ErrorException(code: 0): include(/Users/pauliyaji/Herd/powerhouse/vendor/composer/../boa-intelligence/laravel-project-analyzer/src/ProjectAnalyzerServiceProvider.php): Failed to open stream: No such file or directory at /Users/pauliyaji/Herd/powerhouse/vendor/composer/ClassLoader.php:576)
[stacktrace]
#0 /Users/pauliyaji/Herd/powerhouse/vendor/laravel/framework/src/Illuminate/Foundation/Bootstrap/HandleExceptions.php(258): Illuminate\\Foundation\\Bootstrap\\HandleExceptions->handleError(2, 'include(/Users/...', '/Users/pauliyaj...', 576)
#1 /Users/pauliyaji/Herd/powerhouse/vendor/composer/ClassLoader.php(576): Illuminate\\Foundation\\Bootstrap\\HandleExceptions->{closure:Illuminate\\Foundation\\Bootstrap\\HandleExceptions::forwardsTo():257}(2, 'include(/Users/...', '/Users/pauliyaj...', 576)
#2 /Users/pauliyaji/Herd/powerhouse/vendor/composer/ClassLoader.php(576): include('/Users/pauliyaj...')
#3 /Users/pauliyaji/Herd/powerhouse/vendor/composer/ClassLoader.php(427): {closure:Composer\\Autoload\\ClassLoader::initializeIncludeClosure():575}('/Users/pauliyaj...')
#4 /Users/pauliyaji/Herd/powerhouse/vendor/laravel/framework/src/Illuminate/Foundation/Application.php(961): Composer\\Autoload\\ClassLoader->loadClass('ProjectAnalyzer...')
#5 /Users/pauliyaji/Herd/powerhouse/vendor/laravel/framework/src/Illuminate/Foundation/Application.php(893): Illuminate\\Foundation\\Application->resolveProvider('ProjectAnalyzer...')
#6 /Users/pauliyaji/Herd/powerhouse/vendor/laravel/framework/src/Illuminate/Foundation/ProviderRepository.php(74): Illuminate\\Foundation\\Application->register('ProjectAnalyzer...')
#7 /Users/pauliyaji/Herd/powerhouse/vendor/laravel/framework/src/Illuminate/Foundation/Application.php(871): Illuminate\\Foundation\\ProviderRepository->load(Array)
#8 /Users/pauliyaji/Herd/powerhouse/vendor/laravel/framework/src/Illuminate/Foundation/Bootstrap/RegisterProviders.php(37): Illuminate\\Foundation\\Application->registerConfiguredProviders()
#9 /Users/pauliyaji/Herd/powerhouse/vendor/laravel/framework/src/Illuminate/Foundation/Application.php(342): Illuminate\\Foundation\\Bootstrap\\RegisterProviders->bootstrap(Object(Illuminate\\Foundation\\Application))
#10 /Users/pauliyaji/Herd/powerhouse/vendor/laravel/framework/src/Illuminate/Foundation/Console/Kernel.php(494): Illuminate\\Foundation\\Application->bootstrapWith(Array)
#11 /Users/pauliyaji/Herd/powerhouse/vendor/laravel/framework/src/Illuminate/Foundation/Console/Kernel.php(196): Illuminate\\Foundation\\Console\\Kernel->bootstrap()
#12 Command line code(1): Illuminate\\Foundation\\Console\\Kernel->handle(Object(Symfony\\Component\\Console\\Input\\ArgvInput), Object(Symfony\\Component\\Console\\Output\\ConsoleOutput))
#13 {main}
"} 
[2026-07-04 16:18:16] local.ERROR: Uncaught ReflectionException: Class "translator" does not exist in /Users/pauliyaji/Herd/powerhouse/vendor/laravel/framework/src/Illuminate/Container/Container.php:1122
Stack trace:
#0 /Users/pauliyaji/Herd/powerhouse/vendor/laravel/framework/src/Illuminate/Container/Container.php(1122): ReflectionClass->__construct('translator')
#1 /Users/pauliyaji/Herd/powerhouse/vendor/laravel/framework/src/Illuminate/Container/Container.php(933): Illuminate\Container\Container->build('translator')
#2 /Users/pauliyaji/Herd/powerhouse/vendor/laravel/framework/src/Illuminate/Foundation/Application.php(1078): Illuminate\Container\Container->resolve('translator', Array, true)
#3 /Users/pauliyaji/Herd/powerhouse/vendor/laravel/framework/src/Illuminate/Container/Container.php(864): Illuminate\Foundation\Application->resolve('translator', Array)
#4 /Users/pauliyaji/Herd/powerhouse/vendor/laravel/framework/src/Illuminate/Foundation/Application.php(1058): Illuminate\Container\Container->make('translator', Array)
#5 /Users/pauliyaji/Herd/powerhouse/vendor/laravel/framework/src/Illuminate/Foundation/helpers.php(138): Illuminate\Foundation\Application->make('translator', Array)
#6 Command line code(1): app('translator')
#7 {main}

Next Illuminate\Contracts\Container\BindingResolutionException: Target class [translator] does not exist. in /Users/pauliyaji/Herd/powerhouse/vendor/laravel/framework/src/Illuminate/Container/Container.php:1124
Stack trace:
#0 /Users/pauliyaji/Herd/powerhouse/vendor/laravel/framework/src/Illuminate/Container/Container.php(933): Illuminate\Container\Container->build('translator')
#1 /Users/pauliyaji/Herd/powerhouse/vendor/laravel/framework/src/Illuminate/Foundation/Application.php(1078): Illuminate\Container\Container->resolve('translator', Array, true)
#2 /Users/pauliyaji/Herd/powerhouse/vendor/laravel/framework/src/Illuminate/Container/Container.php(864): Illuminate\Foundation\Application->resolve('translator', Array)
#3 /Users/pauliyaji/Herd/powerhouse/vendor/laravel/framework/src/Illuminate/Foundation/Application.php(1058): Illuminate\Container\Container->make('translator', Array)
#4 /Users/pauliyaji/Herd/powerhouse/vendor/laravel/framework/src/Illuminate/Foundation/helpers.php(138): Illuminate\Foundation\Application->make('translator', Array)
#5 Command line code(1): app('translator')
#6 {main}
  thrown {"exception":"[object] (Symfony\\Component\\ErrorHandler\\Error\\FatalError(code: 0): Uncaught ReflectionException: Class \"translator\" does not exist in /Users/pauliyaji/Herd/powerhouse/vendor/laravel/framework/src/Illuminate/Container/Container.php:1122
Stack trace:
#0 /Users/pauliyaji/Herd/powerhouse/vendor/laravel/framework/src/Illuminate/Container/Container.php(1122): ReflectionClass->__construct('translator')
#1 /Users/pauliyaji/Herd/powerhouse/vendor/laravel/framework/src/Illuminate/Container/Container.php(933): Illuminate\\Container\\Container->build('translator')
#2 /Users/pauliyaji/Herd/powerhouse/vendor/laravel/framework/src/Illuminate/Foundation/Application.php(1078): Illuminate\\Container\\Container->resolve('translator', Array, true)
#3 /Users/pauliyaji/Herd/powerhouse/vendor/laravel/framework/src/Illuminate/Container/Container.php(864): Illuminate\\Foundation\\Application->resolve('translator', Array)
#4 /Users/pauliyaji/Herd/powerhouse/vendor/laravel/framework/src/Illuminate/Foundation/Application.php(1058): Illuminate\\Container\\Container->make('translator', Array)
#5 /Users/pauliyaji/Herd/powerhouse/vendor/laravel/framework/src/Illuminate/Foundation/helpers.php(138): Illuminate\\Foundation\\Application->make('translator', Array)
#6 Command line code(1): app('translator')
#7 {main}

Next Illuminate\\Contracts\\Container\\BindingResolutionException: Target class [translator] does not exist. in /Users/pauliyaji/Herd/powerhouse/vendor/laravel/framework/src/Illuminate/Container/Container.php:1124
Stack trace:
#0 /Users/pauliyaji/Herd/powerhouse/vendor/laravel/framework/src/Illuminate/Container/Container.php(933): Illuminate\\Container\\Container->build('translator')
#1 /Users/pauliyaji/Herd/powerhouse/vendor/laravel/framework/src/Illuminate/Foundation/Application.php(1078): Illuminate\\Container\\Container->resolve('translator', Array, true)
#2 /Users/pauliyaji/Herd/powerhouse/vendor/laravel/framework/src/Illuminate/Container/Container.php(864): Illuminate\\Foundation\\Application->resolve('translator', Array)
#3 /Users/pauliyaji/Herd/powerhouse/vendor/laravel/framework/src/Illuminate/Foundation/Application.php(1058): Illuminate\\Container\\Container->make('translator', Array)
#4 /Users/pauliyaji/Herd/powerhouse/vendor/laravel/framework/src/Illuminate/Foundation/helpers.php(138): Illuminate\\Foundation\\Application->make('translator', Array)
#5 Command line code(1): app('translator')
#6 {main}
  thrown at /Users/pauliyaji/Herd/powerhouse/vendor/laravel/framework/src/Illuminate/Container/Container.php:1124)
[stacktrace]
#0 {main}
"} 
[2026-07-04 16:18:18] local.ERROR: include(/Users/pauliyaji/Herd/powerhouse/vendor/composer/../boa-intelligence/laravel-project-analyzer/src/ProjectAnalyzerServiceProvider.php): Failed to open stream: No such file or directory {"exception":"[object] (ErrorException(code: 0): include(/Users/pauliyaji/Herd/powerhouse/vendor/composer/../boa-intelligence/laravel-project-analyzer/src/ProjectAnalyzerServiceProvider.php): Failed to open stream: No such file or directory at /Users/pauliyaji/Herd/powerhouse/vendor/composer/ClassLoader.php:576)
[stacktrace]
#0 /Users/pauliyaji/Herd/powerhouse/vendor/laravel/framework/src/Illuminate/Foundation/Bootstrap/HandleExceptions.php(258): Illuminate\\Foundation\\Bootstrap\\HandleExceptions->handleError(2, 'include(/Users/...', '/Users/pauliyaj...', 576)
#1 /Users/pauliyaji/Herd/powerhouse/vendor/composer/ClassLoader.php(576): Illuminate\\Foundation\\Bootstrap\\HandleExceptions->{closure:Illuminate\\Foundation\\Bootstrap\\HandleExceptions::forwardsTo():257}(2, 'include(/Users/...', '/Users/pauliyaj...', 576)
#2 /Users/pauliyaji/Herd/powerhouse/vendor/composer/ClassLoader.php(576): include('/Users/pauliyaj...')
#3 /Users/pauliyaji/Herd/powerhouse/vendor/composer/ClassLoader.php(427): {closure:Composer\\Autoload\\ClassLoader::initializeIncludeClosure():575}('/Users/pauliyaj...')
#4 /Users/pauliyaji/Herd/powerhouse/vendor/laravel/framework/src/Illuminate/Foundation/Application.php(961): Composer\\Autoload\\ClassLoader->loadClass('ProjectAnalyzer...')
#5 /Users/pauliyaji/Herd/powerhouse/vendor/laravel/framework/src/Illuminate/Foundation/Application.php(893): Illuminate\\Foundation\\Application->resolveProvider('ProjectAnalyzer...')
#6 /Users/pauliyaji/Herd/powerhouse/vendor/laravel/framework/src/Illuminate/Foundation/ProviderRepository.php(74): Illuminate\\Foundation\\Application->register('ProjectAnalyzer...')
#7 /Users/pauliyaji/Herd/powerhouse/vendor/laravel/framework/src/Illuminate/Foundation/Application.php(871): Illuminate\\Foundation\\ProviderRepository->load(Array)
#8 /Users/pauliyaji/Herd/powerhouse/vendor/laravel/framework/src/Illuminate/Foundation/Bootstrap/RegisterProviders.php(37): Illuminate\\Foundation\\Application->registerConfiguredProviders()
#9 /Users/pauliyaji/Herd/powerhouse/vendor/laravel/framework/src/Illuminate/Foundation/Application.php(342): Illuminate\\Foundation\\Bootstrap\\RegisterProviders->bootstrap(Object(Illuminate\\Foundation\\Application))
#10 /Users/pauliyaji/Herd/powerhouse/vendor/laravel/framework/src/Illuminate/Foundation/Console/Kernel.php(494): Illuminate\\Foundation\\Application->bootstrapWith(Array)
#11 /Users/pauliyaji/Herd/powerhouse/vendor/laravel/framework/src/Illuminate/Foundation/Console/Kernel.php(196): Illuminate\\Foundation\\Console\\Kernel->bootstrap()
#12 Command line code(1): Illuminate\\Foundation\\Console\\Kernel->handle(Object(Symfony\\Component\\Console\\Input\\ArgvInput), Object(Symfony\\Component\\Console\\Output\\ConsoleOutput))
#13 {main}
"} 
[2026-07-04 16:18:18] local.ERROR: include(/Users/pauliyaji/Herd/powerhouse/vendor/composer/../boa-intelligence/laravel-project-analyzer/src/ProjectAnalyzerServiceProvider.php): Failed to open stream: No such file or directory {"exception":"[object] (ErrorException(code: 0): include(/Users/pauliyaji/Herd/powerhouse/vendor/composer/../boa-intelligence/laravel-project-analyzer/src/ProjectAnalyzerServiceProvider.php): Failed to open stream: No such file or directory at /Users/pauliyaji/Herd/powerhouse/vendor/composer/ClassLoader.php:576)
[stacktrace]
#0 /Users/pauliyaji/Herd/powerhouse/vendor/laravel/framework/src/Illuminate/Foundation/Bootstrap/HandleExceptions.php(258): Illuminate\\Foundation\\Bootstrap\\HandleExceptions->handleError(2, 'include(/Users/...', '/Users/pauliyaj...', 576)
#1 /Users/pauliyaji/Herd/powerhouse/vendor/composer/ClassLoader.php(576): Illuminate\\Foundation\\Bootstrap\\HandleExceptions->{closure:Illuminate\\Foundation\\Bootstrap\\HandleExceptions::forwardsTo():257}(2, 'include(/Users/...', '/Users/pauliyaj...', 576)
#2 /Users/pauliyaji/Herd/powerhouse/vendor/composer/ClassLoader.php(576): include('/Users/pauliyaj...')
#3 /Users/pauliyaji/Herd/powerhouse/vendor/composer/ClassLoader.php(427): {closure:Composer\\Autoload\\ClassLoader::initializeIncludeClosure():575}('/Users/pauliyaj...')
#4 /Users/pauliyaji/Herd/powerhouse/vendor/laravel/framework/src/Illuminate/Foundation/Application.php(961): Composer\\Autoload\\ClassLoader->loadClass('ProjectAnalyzer...')
#5 /Users/pauliyaji/Herd/powerhouse/vendor/laravel/framework/src/Illuminate/Foundation/Application.php(893): Illuminate\\Foundation\\Application->resolveProvider('ProjectAnalyzer...')
#6 /Users/pauliyaji/Herd/powerhouse/vendor/laravel/framework/src/Illuminate/Foundation/ProviderRepository.php(74): Illuminate\\Foundation\\Application->register('ProjectAnalyzer...')
#7 /Users/pauliyaji/Herd/powerhouse/vendor/laravel/framework/src/Illuminate/Foundation/Application.php(871): Illuminate\\Foundation\\ProviderRepository->load(Array)
#8 /Users/pauliyaji/Herd/powerhouse/vendor/laravel/framework/src/Illuminate/Foundation/Bootstrap/RegisterProviders.php(37): Illuminate\\Foundation\\Application->registerConfiguredProviders()
#9 /Users/pauliyaji/Herd/powerhouse/vendor/laravel/framework/src/Illuminate/Foundation/Application.php(342): Illuminate\\Foundation\\Bootstrap\\RegisterProviders->bootstrap(Object(Illuminate\\Foundation\\Application))
#10 /Users/pauliyaji/Herd/powerhouse/vendor/laravel/framework/src/Illuminate/Foundation/Console/Kernel.php(494): Illuminate\\Foundation\\Application->bootstrapWith(Array)
#11 /Users/pauliyaji/Herd/powerhouse/vendor/laravel/framework/src/Illuminate/Foundation/Console/Kernel.php(196): Illuminate\\Foundation\\Console\\Kernel->bootstrap()
#12 Command line code(1): Illuminate\\Foundation\\Console\\Kernel->handle(Object(Symfony\\Component\\Console\\Input\\ArgvInput), Object(Symfony\\Component\\Console\\Output\\ConsoleOutput))
#13 {main}
"} 
[2026-07-04 16:18:18] local.ERROR: include(/Users/pauliyaji/Herd/powerhouse/vendor/composer/../boa-intelligence/laravel-project-analyzer/src/ProjectAnalyzerServiceProvider.php): Failed to open stream: No such file or directory {"exception":"[object] (ErrorException(code: 0): include(/Users/pauliyaji/Herd/powerhouse/vendor/composer/../boa-intelligence/laravel-project-analyzer/src/ProjectAnalyzerServiceProvider.php): Failed to open stream: No such file or directory at /Users/pauliyaji/Herd/powerhouse/vendor/composer/ClassLoader.php:576)
[stacktrace]
#0 /Users/pauliyaji/Herd/powerhouse/vendor/laravel/framework/src/Illuminate/Foundation/Bootstrap/HandleExceptions.php(258): Illuminate\\Foundation\\Bootstrap\\HandleExceptions->handleError(2, 'include(/Users/...', '/Users/pauliyaj...', 576)
#1 /Users/pauliyaji/Herd/powerhouse/vendor/composer/ClassLoader.php(576): Illuminate\\Foundation\\Bootstrap\\HandleExceptions->{closure:Illuminate\\Foundation\\Bootstrap\\HandleExceptions::forwardsTo():257}(2, 'include(/Users/...', '/Users/pauliyaj...', 576)
#2 /Users/pauliyaji/Herd/powerhouse/vendor/composer/ClassLoader.php(576): include('/Users/pauliyaj...')
#3 /Users/pauliyaji/Herd/powerhouse/vendor/composer/ClassLoader.php(427): {closure:Composer\\Autoload\\ClassLoader::initializeIncludeClosure():575}('/Users/pauliyaj...')
#4 /Users/pauliyaji/Herd/powerhouse/vendor/laravel/framework/src/Illuminate/Foundation/Application.php(961): Composer\\Autoload\\ClassLoader->loadClass('ProjectAnalyzer...')
#5 /Users/pauliyaji/Herd/powerhouse/vendor/laravel/framework/src/Illuminate/Foundation/Application.php(893): Illuminate\\Foundation\\Application->resolveProvider('ProjectAnalyzer...')
#6 /Users/pauliyaji/Herd/powerhouse/vendor/laravel/framework/src/Illuminate/Foundation/ProviderRepository.php(74): Illuminate\\Foundation\\Application->register('ProjectAnalyzer...')
#7 /Users/pauliyaji/Herd/powerhouse/vendor/laravel/framework/src/Illuminate/Foundation/Application.php(871): Illuminate\\Foundation\\ProviderRepository->load(Array)
#8 /Users/pauliyaji/Herd/powerhouse/vendor/laravel/framework/src/Illuminate/Foundation/Bootstrap/RegisterProviders.php(37): Illuminate\\Foundation\\Application->registerConfiguredProviders()
#9 /Users/pauliyaji/Herd/powerhouse/vendor/laravel/framework/src/Illuminate/Foundation/Application.php(342): Illuminate\\Foundation\\Bootstrap\\RegisterProviders->bootstrap(Object(Illuminate\\Foundation\\Application))
#10 /Users/pauliyaji/Herd/powerhouse/vendor/laravel/framework/src/Illuminate/Foundation/Console/Kernel.php(494): Illuminate\\Foundation\\Application->bootstrapWith(Array)
#11 /Users/pauliyaji/Herd/powerhouse/vendor/laravel/framework/src/Illuminate/Foundation/Console/Kernel.php(196): Illuminate\\Foundation\\Console\\Kernel->bootstrap()
#12 Command line code(1): Illuminate\\Foundation\\Console\\Kernel->handle(Object(Symfony\\Component\\Console\\Input\\ArgvInput), Object(Symfony\\Component\\Console\\Output\\ConsoleOutput))
#13 {main}
"} 
[2026-07-04 16:18:18] local.ERROR: include(/Users/pauliyaji/Herd/powerhouse/vendor/composer/../boa-intelligence/laravel-project-analyzer/src/ProjectAnalyzerServiceProvider.php): Failed to open stream: No such file or directory {"exception":"[object] (ErrorException(code: 0): include(/Users/pauliyaji/Herd/powerhouse/vendor/composer/../boa-intelligence/laravel-project-analyzer/src/ProjectAnalyzerServiceProvider.php): Failed to open stream: No such file or directory at /Users/pauliyaji/Herd/powerhouse/vendor/composer/ClassLoader.php:576)
[stacktrace]
#0 /Users/pauliyaji/Herd/powerhouse/vendor/laravel/framework/src/Illuminate/Foundation/Bootstrap/HandleExceptions.php(258): Illuminate\\Foundation\\Bootstrap\\HandleExceptions->handleError(2, 'include(/Users/...', '/Users/pauliyaj...', 576)
#1 /Users/pauliyaji/Herd/powerhouse/vendor/composer/ClassLoader.php(576): Illuminate\\Foundation\\Bootstrap\\HandleExceptions->{closure:Illuminate\\Foundation\\Bootstrap\\HandleExceptions::forwardsTo():257}(2, 'include(/Users/...', '/Users/pauliyaj...', 576)
#2 /Users/pauliyaji/Herd/powerhouse/vendor/composer/ClassLoader.php(576): include('/Users/pauliyaj...')
#3 /Users/pauliyaji/Herd/powerhouse/vendor/composer/ClassLoader.php(427): {closure:Composer\\Autoload\\ClassLoader::initializeIncludeClosure():575}('/Users/pauliyaj...')
#4 /Users/pauliyaji/Herd/powerhouse/vendor/laravel/framework/src/Illuminate/Foundation/Application.php(961): Composer\\Autoload\\ClassLoader->loadClass('ProjectAnalyzer...')
#5 /Users/pauliyaji/Herd/powerhouse/vendor/laravel/framework/src/Illuminate/Foundation/Application.php(893): Illuminate\\Foundation\\Application->resolveProvider('ProjectAnalyzer...')
#6 /Users/pauliyaji/Herd/powerhouse/vendor/laravel/framework/src/Illuminate/Foundation/ProviderRepository.php(74): Illuminate\\Foundation\\Application->register('ProjectAnalyzer...')
#7 /Users/pauliyaji/Herd/powerhouse/vendor/laravel/framework/src/Illuminate/Foundation/Application.php(871): Illuminate\\Foundation\\ProviderRepository->load(Array)
#8 /Users/pauliyaji/Herd/powerhouse/vendor/laravel/framework/src/Illuminate/Foundation/Bootstrap/RegisterProviders.php(37): Illuminate\\Foundation\\Application->registerConfiguredProviders()
#9 /Users/pauliyaji/Herd/powerhouse/vendor/laravel/framework/src/Illuminate/Foundation/Application.php(342): Illuminate\\Foundation\\Bootstrap\\RegisterProviders->bootstrap(Object(Illuminate\\Foundation\\Application))
#10 /Users/pauliyaji/Herd/powerhouse/vendor/laravel/framework/src/Illuminate/Foundation/Console/Kernel.php(494): Illuminate\\Foundation\\Application->bootstrapWith(Array)
#11 /Users/pauliyaji/Herd/powerhouse/vendor/laravel/framework/src/Illuminate/Foundation/Console/Kernel.php(196): Illuminate\\Foundation\\Console\\Kernel->bootstrap()
#12 Command line code(1): Illuminate\\Foundation\\Console\\Kernel->handle(Object(Symfony\\Component\\Console\\Input\\ArgvInput), Object(Symfony\\Component\\Console\\Output\\ConsoleOutput))
#13 {main}
"} 
[2026-07-04 16:18:18] local.ERROR: include(/Users/pauliyaji/Herd/powerhouse/vendor/composer/../boa-intelligence/laravel-project-analyzer/src/ProjectAnalyzerServiceProvider.php): Failed to open stream: No such file or directory {"exception":"[object] (ErrorException(code: 0): include(/Users/pauliyaji/Herd/powerhouse/vendor/composer/../boa-intelligence/laravel-project-analyzer/src/ProjectAnalyzerServiceProvider.php): Failed to open stream: No such file or directory at /Users/pauliyaji/Herd/powerhouse/vendor/composer/ClassLoader.php:576)
[stacktrace]
#0 /Users/pauliyaji/Herd/powerhouse/vendor/laravel/framework/src/Illuminate/Foundation/Bootstrap/HandleExceptions.php(258): Illuminate\\Foundation\\Bootstrap\\HandleExceptions->handleError(2, 'include(/Users/...', '/Users/pauliyaj...', 576)
#1 /Users/pauliyaji/Herd/powerhouse/vendor/composer/ClassLoader.php(576): Illuminate\\Foundation\\Bootstrap\\HandleExceptions->{closure:Illuminate\\Foundation\\Bootstrap\\HandleExceptions::forwardsTo():257}(2, 'include(/Users/...', '/Users/pauliyaj...', 576)
#2 /Users/pauliyaji/Herd/powerhouse/vendor/composer/ClassLoader.php(576): include('/Users/pauliyaj...')
#3 /Users/pauliyaji/Herd/powerhouse/vendor/composer/ClassLoader.php(427): {closure:Composer\\Autoload\\ClassLoader::initializeIncludeClosure():575}('/Users/pauliyaj...')
#4 /Users/pauliyaji/Herd/powerhouse/vendor/laravel/framework/src/Illuminate/Foundation/Application.php(961): Composer\\Autoload\\ClassLoader->loadClass('ProjectAnalyzer...')
#5 /Users/pauliyaji/Herd/powerhouse/vendor/laravel/framework/src/Illuminate/Foundation/Application.php(893): Illuminate\\Foundation\\Application->resolveProvider('ProjectAnalyzer...')
#6 /Users/pauliyaji/Herd/powerhouse/vendor/laravel/framework/src/Illuminate/Foundation/ProviderRepository.php(74): Illuminate\\Foundation\\Application->register('ProjectAnalyzer...')
#7 /Users/pauliyaji/Herd/powerhouse/vendor/laravel/framework/src/Illuminate/Foundation/Application.php(871): Illuminate\\Foundation\\ProviderRepository->load(Array)
#8 /Users/pauliyaji/Herd/powerhouse/vendor/laravel/framework/src/Illuminate/Foundation/Bootstrap/RegisterProviders.php(37): Illuminate\\Foundation\\Application->registerConfiguredProviders()
#9 /Users/pauliyaji/Herd/powerhouse/vendor/laravel/framework/src/Illuminate/Foundation/Application.php(342): Illuminate\\Foundation\\Bootstrap\\RegisterProviders->bootstrap(Object(Illuminate\\Foundation\\Application))
#10 /Users/pauliyaji/Herd/powerhouse/vendor/laravel/framework/src/Illuminate/Foundation/Console/Kernel.php(494): Illuminate\\Foundation\\Application->bootstrapWith(Array)
#11 /Users/pauliyaji/Herd/powerhouse/vendor/laravel/framework/src/Illuminate/Foundation/Console/Kernel.php(196): Illuminate\\Foundation\\Console\\Kernel->bootstrap()
#12 Command line code(1): Illuminate\\Foundation\\Console\\Kernel->handle(Object(Symfony\\Component\\Console\\Input\\ArgvInput), Object(Symfony\\Component\\Console\\Output\\ConsoleOutput))
#13 {main}
"} 
[2026-07-04 16:18:18] local.ERROR: include(/Users/pauliyaji/Herd/powerhouse/vendor/composer/../boa-intelligence/laravel-project-analyzer/src/ProjectAnalyzerServiceProvider.php): Failed to open stream: No such file or directory {"exception":"[object] (ErrorException(code: 0): include(/Users/pauliyaji/Herd/powerhouse/vendor/composer/../boa-intelligence/laravel-project-analyzer/src/ProjectAnalyzerServiceProvider.php): Failed to open stream: No such file or directory at /Users/pauliyaji/Herd/powerhouse/vendor/composer/ClassLoader.php:576)
[stacktrace]
#0 /Users/pauliyaji/Herd/powerhouse/vendor/laravel/framework/src/Illuminate/Foundation/Bootstrap/HandleExceptions.php(258): Illuminate\\Foundation\\Bootstrap\\HandleExceptions->handleError(2, 'include(/Users/...', '/Users/pauliyaj...', 576)
#1 /Users/pauliyaji/Herd/powerhouse/vendor/composer/ClassLoader.php(576): Illuminate\\Foundation\\Bootstrap\\HandleExceptions->{closure:Illuminate\\Foundation\\Bootstrap\\HandleExceptions::forwardsTo():257}(2, 'include(/Users/...', '/Users/pauliyaj...', 576)
#2 /Users/pauliyaji/Herd/powerhouse/vendor/composer/ClassLoader.php(576): include('/Users/pauliyaj...')
#3 /Users/pauliyaji/Herd/powerhouse/vendor/composer/ClassLoader.php(427): {closure:Composer\\Autoload\\ClassLoader::initializeIncludeClosure():575}('/Users/pauliyaj...')
#4 /Users/pauliyaji/Herd/powerhouse/vendor/laravel/framework/src/Illuminate/Foundation/Application.php(961): Composer\\Autoload\\ClassLoader->loadClass('ProjectAnalyzer...')
#5 /Users/pauliyaji/Herd/powerhouse/vendor/laravel/framework/src/Illuminate/Foundation/Application.php(893): Illuminate\\Foundation\\Application->resolveProvider('ProjectAnalyzer...')
#6 /Users/pauliyaji/Herd/powerhouse/vendor/laravel/framework/src/Illuminate/Foundation/ProviderRepository.php(74): Illuminate\\Foundation\\Application->register('ProjectAnalyzer...')
#7 /Users/pauliyaji/Herd/powerhouse/vendor/laravel/framework/src/Illuminate/Foundation/Application.php(871): Illuminate\\Foundation\\ProviderRepository->load(Array)
#8 /Users/pauliyaji/Herd/powerhouse/vendor/laravel/framework/src/Illuminate/Foundation/Bootstrap/RegisterProviders.php(37): Illuminate\\Foundation\\Application->registerConfiguredProviders()
#9 /Users/pauliyaji/Herd/powerhouse/vendor/laravel/framework/src/Illuminate/Foundation/Application.php(342): Illuminate\\Foundation\\Bootstrap\\RegisterProviders->bootstrap(Object(Illuminate\\Foundation\\Application))
#10 /Users/pauliyaji/Herd/powerhouse/vendor/laravel/framework/src/Illuminate/Foundation/Console/Kernel.php(494): Illuminate\\Foundation\\Application->bootstrapWith(Array)
#11 /Users/pauliyaji/Herd/powerhouse/vendor/laravel/framework/src/Illuminate/Foundation/Console/Kernel.php(196): Illuminate\\Foundation\\Console\\Kernel->bootstrap()
#12 Command line code(1): Illuminate\\Foundation\\Console\\Kernel->handle(Object(Symfony\\Component\\Console\\Input\\ArgvInput), Object(Symfony\\Component\\Console\\Output\\ConsoleOutput))
#13 {main}
"} 
[2026-07-04 16:18:18] local.ERROR: include(/Users/pauliyaji/Herd/powerhouse/vendor/composer/../boa-intelligence/laravel-project-analyzer/src/ProjectAnalyzerServiceProvider.php): Failed to open stream: No such file or directory {"exception":"[object] (ErrorException(code: 0): include(/Users/pauliyaji/Herd/powerhouse/vendor/composer/../boa-intelligence/laravel-project-analyzer/src/ProjectAnalyzerServiceProvider.php): Failed to open stream: No such file or directory at /Users/pauliyaji/Herd/powerhouse/vendor/composer/ClassLoader.php:576)
[stacktrace]
#0 /Users/pauliyaji/Herd/powerhouse/vendor/laravel/framework/src/Illuminate/Foundation/Bootstrap/HandleExceptions.php(258): Illuminate\\Foundation\\Bootstrap\\HandleExceptions->handleError(2, 'include(/Users/...', '/Users/pauliyaj...', 576)
#1 /Users/pauliyaji/Herd/powerhouse/vendor/composer/ClassLoader.php(576): Illuminate\\Foundation\\Bootstrap\\HandleExceptions->{closure:Illuminate\\Foundation\\Bootstrap\\HandleExceptions::forwardsTo():257}(2, 'include(/Users/...', '/Users/pauliyaj...', 576)
#2 /Users/pauliyaji/Herd/powerhouse/vendor/composer/ClassLoader.php(576): include('/Users/pauliyaj...')
#3 /Users/pauliyaji/Herd/powerhouse/vendor/composer/ClassLoader.php(427): {closure:Composer\\Autoload\\ClassLoader::initializeIncludeClosure():575}('/Users/pauliyaj...')
#4 /Users/pauliyaji/Herd/powerhouse/vendor/laravel/framework/src/Illuminate/Foundation/Application.php(961): Composer\\Autoload\\ClassLoader->loadClass('ProjectAnalyzer...')
#5 /Users/pauliyaji/Herd/powerhouse/vendor/laravel/framework/src/Illuminate/Foundation/Application.php(893): Illuminate\\Foundation\\Application->resolveProvider('ProjectAnalyzer...')
#6 /Users/pauliyaji/Herd/powerhouse/vendor/laravel/framework/src/Illuminate/Foundation/ProviderRepository.php(74): Illuminate\\Foundation\\Application->register('ProjectAnalyzer...')
#7 /Users/pauliyaji/Herd/powerhouse/vendor/laravel/framework/src/Illuminate/Foundation/Application.php(871): Illuminate\\Foundation\\ProviderRepository->load(Array)
#8 /Users/pauliyaji/Herd/powerhouse/vendor/laravel/framework/src/Illuminate/Foundation/Bootstrap/RegisterProviders.php(37): Illuminate\\Foundation\\Application->registerConfiguredProviders()
#9 /Users/pauliyaji/Herd/powerhouse/vendor/laravel/framework/src/Illuminate/Foundation/Application.php(342): Illuminate\\Foundation\\Bootstrap\\RegisterProviders->bootstrap(Object(Illuminate\\Foundation\\Application))
#10 /Users/pauliyaji/Herd/powerhouse/vendor/laravel/framework/src/Illuminate/Foundation/Console/Kernel.php(494): Illuminate\\Foundation\\Application->bootstrapWith(Array)
#11 /Users/pauliyaji/Herd/powerhouse/vendor/laravel/framework/src/Illuminate/Foundation/Console/Kernel.php(196): Illuminate\\Foundation\\Console\\Kernel->bootstrap()
#12 Command line code(1): Illuminate\\Foundation\\Console\\Kernel->handle(Object(Symfony\\Component\\Console\\Input\\ArgvInput), Object(Symfony\\Component\\Console\\Output\\ConsoleOutput))
#13 {main}
"} 
[2026-07-04 16:18:27] local.ERROR: include(/Users/pauliyaji/Herd/powerhouse/vendor/composer/../boa-intelligence/laravel-project-analyzer/src/ProjectAnalyzerServiceProvider.php): Failed to open stream: No such file or directory {"exception":"[object] (ErrorException(code: 0): include(/Users/pauliyaji/Herd/powerhouse/vendor/composer/../boa-intelligence/laravel-project-analyzer/src/ProjectAnalyzerServiceProvider.php): Failed to open stream: No such file or directory at /Users/pauliyaji/Herd/powerhouse/vendor/composer/ClassLoader.php:576)
[stacktrace]
#0 /Users/pauliyaji/Herd/powerhouse/vendor/laravel/framework/src/Illuminate/Foundation/Bootstrap/HandleExceptions.php(258): Illuminate\\Foundation\\Bootstrap\\HandleExceptions->handleError(2, 'include(/Users/...', '/Users/pauliyaj...', 576)
#1 /Users/pauliyaji/Herd/powerhouse/vendor/composer/ClassLoader.php(576): Illuminate\\Foundation\\Bootstrap\\HandleExceptions->{closure:Illuminate\\Foundation\\Bootstrap\\HandleExceptions::forwardsTo():257}(2, 'include(/Users/...', '/Users/pauliyaj...', 576)
#2 /Users/pauliyaji/Herd/powerhouse/vendor/composer/ClassLoader.php(576): include('/Users/pauliyaj...')
#3 /Users/pauliyaji/Herd/powerhouse/vendor/composer/ClassLoader.php(427): {closure:Composer\\Autoload\\ClassLoader::initializeIncludeClosure():575}('/Users/pauliyaj...')
#4 /Users/pauliyaji/Herd/powerhouse/vendor/laravel/framework/src/Illuminate/Foundation/Application.php(961): Composer\\Autoload\\ClassLoader->loadClass('ProjectAnalyzer...')
#5 /Users/pauliyaji/Herd/powerhouse/vendor/laravel/framework/src/Illuminate/Foundation/Application.php(893): Illuminate\\Foundation\\Application->resolveProvider('ProjectAnalyzer...')
#6 /Users/pauliyaji/Herd/powerhouse/vendor/laravel/framework/src/Illuminate/Foundation/ProviderRepository.php(74): Illuminate\\Foundation\\Application->register('ProjectAnalyzer...')
#7 /Users/pauliyaji/Herd/powerhouse/vendor/laravel/framework/src/Illuminate/Foundation/Application.php(871): Illuminate\\Foundation\\ProviderRepository->load(Array)
#8 /Users/pauliyaji/Herd/powerhouse/vendor/laravel/framework/src/Illuminate/Foundation/Bootstrap/RegisterProviders.php(37): Illuminate\\Foundation\\Application->registerConfiguredProviders()
#9 /Users/pauliyaji/Herd/powerhouse/vendor/laravel/framework/src/Illuminate/Foundation/Application.php(342): Illuminate\\Foundation\\Bootstrap\\RegisterProviders->bootstrap(Object(Illuminate\\Foundation\\Application))
#10 /Users/pauliyaji/Herd/powerhouse/vendor/laravel/framework/src/Illuminate/Foundation/Console/Kernel.php(494): Illuminate\\Foundation\\Application->bootstrapWith(Array)
#11 /Users/pauliyaji/Herd/powerhouse/vendor/laravel/framework/src/Illuminate/Foundation/Console/Kernel.php(196): Illuminate\\Foundation\\Console\\Kernel->bootstrap()
#12 Command line code(1): Illuminate\\Foundation\\Console\\Kernel->handle(Object(Symfony\\Component\\Console\\Input\\ArgvInput), Object(Symfony\\Component\\Console\\Output\\ConsoleOutput))
#13 {main}
"} 
[2026-07-04 16:19:42] local.ERROR: include(/Users/pauliyaji/Herd/powerhouse/vendor/composer/../boa-intelligence/laravel-project-analyzer/src/ProjectAnalyzerServiceProvider.php): Failed to open stream: No such file or directory {"exception":"[object] (ErrorException(code: 0): include(/Users/pauliyaji/Herd/powerhouse/vendor/composer/../boa-intelligence/laravel-project-analyzer/src/ProjectAnalyzerServiceProvider.php): Failed to open stream: No such file or directory at /Users/pauliyaji/Herd/powerhouse/vendor/composer/ClassLoader.php:576)
[stacktrace]
#0 /Users/pauliyaji/Herd/powerhouse/vendor/laravel/framework/src/Illuminate/Foundation/Bootstrap/HandleExceptions.php(258): Illuminate\\Foundation\\Bootstrap\\HandleExceptions->handleError(2, 'include(/Users/...', '/Users/pauliyaj...', 576)
#1 /Users/pauliyaji/Herd/powerhouse/vendor/composer/ClassLoader.php(576): Illuminate\\Foundation\\Bootstrap\\HandleExceptions->{closure:Illuminate\\Foundation\\Bootstrap\\HandleExceptions::forwardsTo():257}(2, 'include(/Users/...', '/Users/pauliyaj...', 576)
#2 /Users/pauliyaji/Herd/powerhouse/vendor/composer/ClassLoader.php(576): include('/Users/pauliyaj...')
#3 /Users/pauliyaji/Herd/powerhouse/vendor/composer/ClassLoader.php(427): {closure:Composer\\Autoload\\ClassLoader::initializeIncludeClosure():575}('/Users/pauliyaj...')
#4 /Users/pauliyaji/Herd/powerhouse/vendor/laravel/framework/src/Illuminate/Foundation/Application.php(961): Composer\\Autoload\\ClassLoader->loadClass('ProjectAnalyzer...')
#5 /Users/pauliyaji/Herd/powerhouse/vendor/laravel/framework/src/Illuminate/Foundation/Application.php(893): Illuminate\\Foundation\\Application->resolveProvider('ProjectAnalyzer...')
#6 /Users/pauliyaji/Herd/powerhouse/vendor/laravel/framework/src/Illuminate/Foundation/ProviderRepository.php(74): Illuminate\\Foundation\\Application->register('ProjectAnalyzer...')
#7 /Users/pauliyaji/Herd/powerhouse/vendor/laravel/framework/src/Illuminate/Foundation/Application.php(871): Illuminate\\Foundation\\ProviderRepository->load(Array)
#8 /Users/pauliyaji/Herd/powerhouse/vendor/laravel/framework/src/Illuminate/Foundation/Bootstrap/RegisterProviders.php(37): Illuminate\\Foundation\\Application->registerConfiguredProviders()
#9 /Users/pauliyaji/Herd/powerhouse/vendor/laravel/framework/src/Illuminate/Foundation/Application.php(342): Illuminate\\Foundation\\Bootstrap\\RegisterProviders->bootstrap(Object(Illuminate\\Foundation\\Application))
#10 /Users/pauliyaji/Herd/powerhouse/vendor/laravel/framework/src/Illuminate/Foundation/Console/Kernel.php(494): Illuminate\\Foundation\\Application->bootstrapWith(Array)
#11 /Users/pauliyaji/Herd/powerhouse/vendor/laravel/framework/src/Illuminate/Foundation/Console/Kernel.php(196): Illuminate\\Foundation\\Console\\Kernel->bootstrap()
#12 /Users/pauliyaji/Herd/powerhouse/vendor/laravel/framework/src/Illuminate/Foundation/Application.php(1235): Illuminate\\Foundation\\Console\\Kernel->handle(Object(Symfony\\Component\\Console\\Input\\ArgvInput), Object(Symfony\\Component\\Console\\Output\\ConsoleOutput))
#13 /Users/pauliyaji/Herd/powerhouse/artisan(16): Illuminate\\Foundation\\Application->handleCommand(Object(Symfony\\Component\\Console\\Input\\ArgvInput))
#14 {main}
"} 
[2026-07-04 16:24:50] local.ERROR: Class "ProjectAnalyzer\ProjectAnalyzerServiceProvider" not found {"exception":"[object] (Error(code: 0): Class \"ProjectAnalyzer\\ProjectAnalyzerServiceProvider\" not found at /Users/pauliyaji/Herd/powerhouse/vendor/laravel/framework/src/Illuminate/Foundation/ProviderRepository.php:205)
[stacktrace]
#0 /Users/pauliyaji/Herd/powerhouse/vendor/laravel/framework/src/Illuminate/Foundation/ProviderRepository.php(141): Illuminate\\Foundation\\ProviderRepository->createProvider('ProjectAnalyzer...')
#1 /Users/pauliyaji/Herd/powerhouse/vendor/laravel/framework/src/Illuminate/Foundation/ProviderRepository.php(60): Illuminate\\Foundation\\ProviderRepository->compileManifest(Array)
#2 /Users/pauliyaji/Herd/powerhouse/vendor/laravel/framework/src/Illuminate/Foundation/Application.php(871): Illuminate\\Foundation\\ProviderRepository->load(Array)
#3 /Users/pauliyaji/Herd/powerhouse/vendor/laravel/framework/src/Illuminate/Foundation/Bootstrap/RegisterProviders.php(37): Illuminate\\Foundation\\Application->registerConfiguredProviders()
#4 /Users/pauliyaji/Herd/powerhouse/vendor/laravel/framework/src/Illuminate/Foundation/Application.php(342): Illuminate\\Foundation\\Bootstrap\\RegisterProviders->bootstrap(Object(Illuminate\\Foundation\\Application))
#5 /Users/pauliyaji/Herd/powerhouse/vendor/laravel/framework/src/Illuminate/Foundation/Console/Kernel.php(494): Illuminate\\Foundation\\Application->bootstrapWith(Array)
#6 /Users/pauliyaji/Herd/powerhouse/vendor/laravel/framework/src/Illuminate/Foundation/Console/Kernel.php(196): Illuminate\\Foundation\\Console\\Kernel->bootstrap()
#7 /Users/pauliyaji/Herd/powerhouse/vendor/laravel/framework/src/Illuminate/Foundation/Application.php(1235): Illuminate\\Foundation\\Console\\Kernel->handle(Object(Symfony\\Component\\Console\\Input\\ArgvInput), Object(Symfony\\Component\\Console\\Output\\ConsoleOutput))
#8 /Users/pauliyaji/Herd/powerhouse/artisan(16): Illuminate\\Foundation\\Application->handleCommand(Object(Symfony\\Component\\Console\\Input\\ArgvInput))
#9 {main}
"} 
[2026-07-04 16:24:51] local.ERROR: __VSCODE_LARAVEL_STARTUP_ERROR__: Class "ProjectAnalyzer\ProjectAnalyzerServiceProvider" not found {"exception":"[object] (Error(code: 0): __VSCODE_LARAVEL_STARTUP_ERROR__: Class \"ProjectAnalyzer\\ProjectAnalyzerServiceProvider\" not found at /Users/pauliyaji/Herd/powerhouse/vendor/_laravel_ide/discover-f5442aeac73a6a9021bd7ce113d6a606.php:33)
[stacktrace]
#0 /Users/pauliyaji/Herd/powerhouse/vendor/_laravel_ide/discover-f5442aeac73a6a9021bd7ce113d6a606.php(62): LaravelVsCode::startupError(Object(Error))
#1 {main}
"} 
[2026-07-04 16:24:51] local.ERROR: __VSCODE_LARAVEL_STARTUP_ERROR__: Class "ProjectAnalyzer\ProjectAnalyzerServiceProvider" not found {"exception":"[object] (Error(code: 0): __VSCODE_LARAVEL_STARTUP_ERROR__: Class \"ProjectAnalyzer\\ProjectAnalyzerServiceProvider\" not found at /Users/pauliyaji/Herd/powerhouse/vendor/_laravel_ide/discover-6d96201ad95cad12367117063c707ebf.php:33)
[stacktrace]
#0 /Users/pauliyaji/Herd/powerhouse/vendor/_laravel_ide/discover-6d96201ad95cad12367117063c707ebf.php(62): LaravelVsCode::startupError(Object(Error))
#1 {main}
"} 
[2026-07-04 16:24:51] local.ERROR: __VSCODE_LARAVEL_STARTUP_ERROR__: Class "ProjectAnalyzer\ProjectAnalyzerServiceProvider" not found {"exception":"[object] (Error(code: 0): __VSCODE_LARAVEL_STARTUP_ERROR__: Class \"ProjectAnalyzer\\ProjectAnalyzerServiceProvider\" not found at /Users/pauliyaji/Herd/powerhouse/vendor/_laravel_ide/discover-7563160ca998bde672640aa1e68dfd08.php:33)
[stacktrace]
#0 /Users/pauliyaji/Herd/powerhouse/vendor/_laravel_ide/discover-7563160ca998bde672640aa1e68dfd08.php(62): LaravelVsCode::startupError(Object(Error))
#1 {main}
"} 
[2026-07-04 16:24:51] local.ERROR: __VSCODE_LARAVEL_STARTUP_ERROR__: Class "ProjectAnalyzer\ProjectAnalyzerServiceProvider" not found {"exception":"[object] (Error(code: 0): __VSCODE_LARAVEL_STARTUP_ERROR__: Class \"ProjectAnalyzer\\ProjectAnalyzerServiceProvider\" not found at /Users/pauliyaji/Herd/powerhouse/vendor/_laravel_ide/discover-5c3cbe5e47b16e6c5fd1967f09c399da.php:33)
[stacktrace]
#0 /Users/pauliyaji/Herd/powerhouse/vendor/_laravel_ide/discover-5c3cbe5e47b16e6c5fd1967f09c399da.php(62): LaravelVsCode::startupError(Object(Error))
#1 {main}
"} 
[2026-07-04 16:24:51] local.ERROR: __VSCODE_LARAVEL_STARTUP_ERROR__: Class "ProjectAnalyzer\ProjectAnalyzerServiceProvider" not found {"exception":"[object] (Error(code: 0): __VSCODE_LARAVEL_STARTUP_ERROR__: Class \"ProjectAnalyzer\\ProjectAnalyzerServiceProvider\" not found at /Users/pauliyaji/Herd/powerhouse/vendor/_laravel_ide/discover-19804082b122017c46bdac205a3a1912.php:33)
[stacktrace]
#0 /Users/pauliyaji/Herd/powerhouse/vendor/_laravel_ide/discover-19804082b122017c46bdac205a3a1912.php(62): LaravelVsCode::startupError(Object(Error))
#1 {main}
"} 
[2026-07-04 16:24:51] local.ERROR: __VSCODE_LARAVEL_STARTUP_ERROR__: Class "ProjectAnalyzer\ProjectAnalyzerServiceProvider" not found {"exception":"[object] (Error(code: 0): __VSCODE_LARAVEL_STARTUP_ERROR__: Class \"ProjectAnalyzer\\ProjectAnalyzerServiceProvider\" not found at /Users/pauliyaji/Herd/powerhouse/vendor/_laravel_ide/discover-80bc781b69500326630e3fef7a4fdfeb.php:33)
[stacktrace]
#0 /Users/pauliyaji/Herd/powerhouse/vendor/_laravel_ide/discover-80bc781b69500326630e3fef7a4fdfeb.php(62): LaravelVsCode::startupError(Object(Error))
#1 {main}
"} 
[2026-07-04 16:24:51] local.ERROR: __VSCODE_LARAVEL_STARTUP_ERROR__: Class "ProjectAnalyzer\ProjectAnalyzerServiceProvider" not found {"exception":"[object] (Error(code: 0): __VSCODE_LARAVEL_STARTUP_ERROR__: Class \"ProjectAnalyzer\\ProjectAnalyzerServiceProvider\" not found at /Users/pauliyaji/Herd/powerhouse/vendor/_laravel_ide/discover-31b934f114eabc246b541addb8b458e3.php:33)
[stacktrace]
#0 /Users/pauliyaji/Herd/powerhouse/vendor/_laravel_ide/discover-31b934f114eabc246b541addb8b458e3.php(62): LaravelVsCode::startupError(Object(Error))
#1 {main}
"} 
[2026-07-04 16:24:51] local.ERROR: __VSCODE_LARAVEL_STARTUP_ERROR__: Class "ProjectAnalyzer\ProjectAnalyzerServiceProvider" not found {"exception":"[object] (Error(code: 0): __VSCODE_LARAVEL_STARTUP_ERROR__: Class \"ProjectAnalyzer\\ProjectAnalyzerServiceProvider\" not found at /Users/pauliyaji/Herd/powerhouse/vendor/_laravel_ide/discover-bf37f1dc35944596ec71c910bc1ca84f.php:33)
[stacktrace]
#0 /Users/pauliyaji/Herd/powerhouse/vendor/_laravel_ide/discover-bf37f1dc35944596ec71c910bc1ca84f.php(62): LaravelVsCode::startupError(Object(Error))
#1 {main}
"} 
[2026-07-04 16:24:51] local.ERROR: __VSCODE_LARAVEL_STARTUP_ERROR__: Class "ProjectAnalyzer\ProjectAnalyzerServiceProvider" not found {"exception":"[object] (Error(code: 0): __VSCODE_LARAVEL_STARTUP_ERROR__: Class \"ProjectAnalyzer\\ProjectAnalyzerServiceProvider\" not found at /Users/pauliyaji/Herd/powerhouse/vendor/_laravel_ide/discover-ec2e9975ebf5755f76a162b3dce99361.php:33)
[stacktrace]
#0 /Users/pauliyaji/Herd/powerhouse/vendor/_laravel_ide/discover-ec2e9975ebf5755f76a162b3dce99361.php(62): LaravelVsCode::startupError(Object(Error))
#1 {main}
"} 
[2026-07-04 16:24:51] local.ERROR: __VSCODE_LARAVEL_STARTUP_ERROR__: Class "ProjectAnalyzer\ProjectAnalyzerServiceProvider" not found {"exception":"[object] (Error(code: 0): __VSCODE_LARAVEL_STARTUP_ERROR__: Class \"ProjectAnalyzer\\ProjectAnalyzerServiceProvider\" not found at /Users/pauliyaji/Herd/powerhouse/vendor/_laravel_ide/discover-43419e1773d5590e98dcbfc1b7903297.php:33)
[stacktrace]
#0 /Users/pauliyaji/Herd/powerhouse/vendor/_laravel_ide/discover-43419e1773d5590e98dcbfc1b7903297.php(62): LaravelVsCode::startupError(Object(Error))
#1 {main}
"} 
[2026-07-04 16:24:51] local.ERROR: __VSCODE_LARAVEL_STARTUP_ERROR__: Class "ProjectAnalyzer\ProjectAnalyzerServiceProvider" not found {"exception":"[object] (Error(code: 0): __VSCODE_LARAVEL_STARTUP_ERROR__: Class \"ProjectAnalyzer\\ProjectAnalyzerServiceProvider\" not found at /Users/pauliyaji/Herd/powerhouse/vendor/_laravel_ide/discover-4dd8aa2c89a79640c26a5af93ae899b1.php:33)
[stacktrace]
#0 /Users/pauliyaji/Herd/powerhouse/vendor/_laravel_ide/discover-4dd8aa2c89a79640c26a5af93ae899b1.php(62): LaravelVsCode::startupError(Object(Error))
#1 {main}
"} 
[2026-07-04 16:24:51] local.ERROR: __VSCODE_LARAVEL_STARTUP_ERROR__: Class "ProjectAnalyzer\ProjectAnalyzerServiceProvider" not found {"exception":"[object] (Error(code: 0): __VSCODE_LARAVEL_STARTUP_ERROR__: Class \"ProjectAnalyzer\\ProjectAnalyzerServiceProvider\" not found at /Users/pauliyaji/Herd/powerhouse/vendor/_laravel_ide/discover-e4fb95a586b679e2bcd4cf4f0871799d.php:33)
[stacktrace]
#0 /Users/pauliyaji/Herd/powerhouse/vendor/_laravel_ide/discover-e4fb95a586b679e2bcd4cf4f0871799d.php(62): LaravelVsCode::startupError(Object(Error))
#1 {main}
"} 
[2026-07-04 16:24:52] local.ERROR: __VSCODE_LARAVEL_STARTUP_ERROR__: Class "ProjectAnalyzer\ProjectAnalyzerServiceProvider" not found {"exception":"[object] (Error(code: 0): __VSCODE_LARAVEL_STARTUP_ERROR__: Class \"ProjectAnalyzer\\ProjectAnalyzerServiceProvider\" not found at /Users/pauliyaji/Herd/powerhouse/vendor/_laravel_ide/discover-5c3cbe5e47b16e6c5fd1967f09c399da.php:33)
[stacktrace]
#0 /Users/pauliyaji/Herd/powerhouse/vendor/_laravel_ide/discover-5c3cbe5e47b16e6c5fd1967f09c399da.php(62): LaravelVsCode::startupError(Object(Error))
#1 {main}
"} 
[2026-07-04 16:24:52] local.ERROR: __VSCODE_LARAVEL_STARTUP_ERROR__: Class "ProjectAnalyzer\ProjectAnalyzerServiceProvider" not found {"exception":"[object] (Error(code: 0): __VSCODE_LARAVEL_STARTUP_ERROR__: Class \"ProjectAnalyzer\\ProjectAnalyzerServiceProvider\" not found at /Users/pauliyaji/Herd/powerhouse/vendor/_laravel_ide/discover-43419e1773d5590e98dcbfc1b7903297.php:33)
[stacktrace]
#0 /Users/pauliyaji/Herd/powerhouse/vendor/_laravel_ide/discover-43419e1773d5590e98dcbfc1b7903297.php(62): LaravelVsCode::startupError(Object(Error))
#1 {main}
"} 
[2026-07-04 16:24:52] local.ERROR: __VSCODE_LARAVEL_STARTUP_ERROR__: Class "ProjectAnalyzer\ProjectAnalyzerServiceProvider" not found {"exception":"[object] (Error(code: 0): __VSCODE_LARAVEL_STARTUP_ERROR__: Class \"ProjectAnalyzer\\ProjectAnalyzerServiceProvider\" not found at /Users/pauliyaji/Herd/powerhouse/vendor/_laravel_ide/discover-f5442aeac73a6a9021bd7ce113d6a606.php:33)
[stacktrace]
#0 /Users/pauliyaji/Herd/powerhouse/vendor/_laravel_ide/discover-f5442aeac73a6a9021bd7ce113d6a606.php(62): LaravelVsCode::startupError(Object(Error))
#1 {main}
"} 
[2026-07-04 16:24:52] local.ERROR: __VSCODE_LARAVEL_STARTUP_ERROR__: Class "ProjectAnalyzer\ProjectAnalyzerServiceProvider" not found {"exception":"[object] (Error(code: 0): __VSCODE_LARAVEL_STARTUP_ERROR__: Class \"ProjectAnalyzer\\ProjectAnalyzerServiceProvider\" not found at /Users/pauliyaji/Herd/powerhouse/vendor/_laravel_ide/discover-6d96201ad95cad12367117063c707ebf.php:33)
[stacktrace]
#0 /Users/pauliyaji/Herd/powerhouse/vendor/_laravel_ide/discover-6d96201ad95cad12367117063c707ebf.php(62): LaravelVsCode::startupError(Object(Error))
#1 {main}
"} 
[2026-07-04 16:24:52] local.ERROR: __VSCODE_LARAVEL_STARTUP_ERROR__: Class "ProjectAnalyzer\ProjectAnalyzerServiceProvider" not found {"exception":"[object] (Error(code: 0): __VSCODE_LARAVEL_STARTUP_ERROR__: Class \"ProjectAnalyzer\\ProjectAnalyzerServiceProvider\" not found at /Users/pauliyaji/Herd/powerhouse/vendor/_laravel_ide/discover-80bc781b69500326630e3fef7a4fdfeb.php:33)
[stacktrace]
#0 /Users/pauliyaji/Herd/powerhouse/vendor/_laravel_ide/discover-80bc781b69500326630e3fef7a4fdfeb.php(62): LaravelVsCode::startupError(Object(Error))
#1 {main}
"} 
[2026-07-04 16:24:55] local.ERROR: Class "ProjectAnalyzer\ProjectAnalyzerServiceProvider" not found {"exception":"[object] (Error(code: 0): Class \"ProjectAnalyzer\\ProjectAnalyzerServiceProvider\" not found at /Users/pauliyaji/Herd/powerhouse/vendor/laravel/framework/src/Illuminate/Foundation/ProviderRepository.php:205)
[stacktrace]
#0 /Users/pauliyaji/Herd/powerhouse/vendor/laravel/framework/src/Illuminate/Foundation/ProviderRepository.php(141): Illuminate\\Foundation\\ProviderRepository->createProvider('ProjectAnalyzer...')
#1 /Users/pauliyaji/Herd/powerhouse/vendor/laravel/framework/src/Illuminate/Foundation/ProviderRepository.php(60): Illuminate\\Foundation\\ProviderRepository->compileManifest(Array)
#2 /Users/pauliyaji/Herd/powerhouse/vendor/laravel/framework/src/Illuminate/Foundation/Application.php(871): Illuminate\\Foundation\\ProviderRepository->load(Array)
#3 /Users/pauliyaji/Herd/powerhouse/vendor/laravel/framework/src/Illuminate/Foundation/Bootstrap/RegisterProviders.php(37): Illuminate\\Foundation\\Application->registerConfiguredProviders()
#4 /Users/pauliyaji/Herd/powerhouse/vendor/laravel/framework/src/Illuminate/Foundation/Application.php(342): Illuminate\\Foundation\\Bootstrap\\RegisterProviders->bootstrap(Object(Illuminate\\Foundation\\Application))
#5 /Users/pauliyaji/Herd/powerhouse/vendor/laravel/framework/src/Illuminate/Foundation/Console/Kernel.php(494): Illuminate\\Foundation\\Application->bootstrapWith(Array)
#6 /Users/pauliyaji/Herd/powerhouse/vendor/laravel/framework/src/Illuminate/Foundation/Console/Kernel.php(196): Illuminate\\Foundation\\Console\\Kernel->bootstrap()
#7 Command line code(1): Illuminate\\Foundation\\Console\\Kernel->handle(Object(Symfony\\Component\\Console\\Input\\ArgvInput), Object(Symfony\\Component\\Console\\Output\\ConsoleOutput))
#8 {main}
"} 
[2026-07-04 16:24:55] local.ERROR: Uncaught ReflectionException: Class "view" does not exist in /Users/pauliyaji/Herd/powerhouse/vendor/laravel/framework/src/Illuminate/Container/Container.php:1122
Stack trace:
#0 /Users/pauliyaji/Herd/powerhouse/vendor/laravel/framework/src/Illuminate/Container/Container.php(1122): ReflectionClass->__construct('view')
#1 /Users/pauliyaji/Herd/powerhouse/vendor/laravel/framework/src/Illuminate/Container/Container.php(933): Illuminate\Container\Container->build('view')
#2 /Users/pauliyaji/Herd/powerhouse/vendor/laravel/framework/src/Illuminate/Foundation/Application.php(1078): Illuminate\Container\Container->resolve('view', Array, true)
#3 /Users/pauliyaji/Herd/powerhouse/vendor/laravel/framework/src/Illuminate/Container/Container.php(864): Illuminate\Foundation\Application->resolve('view', Array)
#4 /Users/pauliyaji/Herd/powerhouse/vendor/laravel/framework/src/Illuminate/Foundation/Application.php(1058): Illuminate\Container\Container->make('view', Array)
#5 /Users/pauliyaji/Herd/powerhouse/vendor/laravel/framework/src/Illuminate/Foundation/helpers.php(138): Illuminate\Foundation\Application->make('view', Array)
#6 Command line code(1): app('view')
#7 {main}

Next Illuminate\Contracts\Container\BindingResolutionException: Target class [view] does not exist. in /Users/pauliyaji/Herd/powerhouse/vendor/laravel/framework/src/Illuminate/Container/Container.php:1124
Stack trace:
#0 /Users/pauliyaji/Herd/powerhouse/vendor/laravel/framework/src/Illuminate/Container/Container.php(933): Illuminate\Container\Container->build('view')
#1 /Users/pauliyaji/Herd/powerhouse/vendor/laravel/framework/src/Illuminate/Foundation/Application.php(1078): Illuminate\Container\Container->resolve('view', Array, true)
#2 /Users/pauliyaji/Herd/powerhouse/vendor/laravel/framework/src/Illuminate/Container/Container.php(864): Illuminate\Foundation\Application->resolve('view', Array)
#3 /Users/pauliyaji/Herd/powerhouse/vendor/laravel/framework/src/Illuminate/Foundation/Application.php(1058): Illuminate\Container\Container->make('view', Array)
#4 /Users/pauliyaji/Herd/powerhouse/vendor/laravel/framework/src/Illuminate/Foundation/helpers.php(138): Illuminate\Foundation\Application->make('view', Array)
#5 Command line code(1): app('view')
#6 {main}
  thrown {"exception":"[object] (Symfony\\Component\\ErrorHandler\\Error\\FatalError(code: 0): Uncaught ReflectionException: Class \"view\" does not exist in /Users/pauliyaji/Herd/powerhouse/vendor/laravel/framework/src/Illuminate/Container/Container.php:1122
Stack trace:
#0 /Users/pauliyaji/Herd/powerhouse/vendor/laravel/framework/src/Illuminate/Container/Container.php(1122): ReflectionClass->__construct('view')
#1 /Users/pauliyaji/Herd/powerhouse/vendor/laravel/framework/src/Illuminate/Container/Container.php(933): Illuminate\\Container\\Container->build('view')
#2 /Users/pauliyaji/Herd/powerhouse/vendor/laravel/framework/src/Illuminate/Foundation/Application.php(1078): Illuminate\\Container\\Container->resolve('view', Array, true)
#3 /Users/pauliyaji/Herd/powerhouse/vendor/laravel/framework/src/Illuminate/Container/Container.php(864): Illuminate\\Foundation\\Application->resolve('view', Array)
#4 /Users/pauliyaji/Herd/powerhouse/vendor/laravel/framework/src/Illuminate/Foundation/Application.php(1058): Illuminate\\Container\\Container->make('view', Array)
#5 /Users/pauliyaji/Herd/powerhouse/vendor/laravel/framework/src/Illuminate/Foundation/helpers.php(138): Illuminate\\Foundation\\Application->make('view', Array)
#6 Command line code(1): app('view')
#7 {main}

Next Illuminate\\Contracts\\Container\\BindingResolutionException: Target class [view] does not exist. in /Users/pauliyaji/Herd/powerhouse/vendor/laravel/framework/src/Illuminate/Container/Container.php:1124
Stack trace:
#0 /Users/pauliyaji/Herd/powerhouse/vendor/laravel/framework/src/Illuminate/Container/Container.php(933): Illuminate\\Container\\Container->build('view')
#1 /Users/pauliyaji/Herd/powerhouse/vendor/laravel/framework/src/Illuminate/Foundation/Application.php(1078): Illuminate\\Container\\Container->resolve('view', Array, true)
#2 /Users/pauliyaji/Herd/powerhouse/vendor/laravel/framework/src/Illuminate/Container/Container.php(864): Illuminate\\Foundation\\Application->resolve('view', Array)
#3 /Users/pauliyaji/Herd/powerhouse/vendor/laravel/framework/src/Illuminate/Foundation/Application.php(1058): Illuminate\\Container\\Container->make('view', Array)
#4 /Users/pauliyaji/Herd/powerhouse/vendor/laravel/framework/src/Illuminate/Foundation/helpers.php(138): Illuminate\\Foundation\\Application->make('view', Array)
#5 Command line code(1): app('view')
#6 {main}
  thrown at /Users/pauliyaji/Herd/powerhouse/vendor/laravel/framework/src/Illuminate/Container/Container.php:1124)
[stacktrace]
#0 {main}
"} 
[2026-07-04 16:28:27] local.ERROR: Class "ProjectAnalyzer\ProjectAnalyzerServiceProvider" not found {"exception":"[object] (Error(code: 0): Class \"ProjectAnalyzer\\ProjectAnalyzerServiceProvider\" not found at /Users/pauliyaji/Herd/powerhouse/vendor/laravel/framework/src/Illuminate/Foundation/ProviderRepository.php:205)
[stacktrace]
#0 /Users/pauliyaji/Herd/powerhouse/vendor/laravel/framework/src/Illuminate/Foundation/ProviderRepository.php(141): Illuminate\\Foundation\\ProviderRepository->createProvider('ProjectAnalyzer...')
#1 /Users/pauliyaji/Herd/powerhouse/vendor/laravel/framework/src/Illuminate/Foundation/ProviderRepository.php(60): Illuminate\\Foundation\\ProviderRepository->compileManifest(Array)
#2 /Users/pauliyaji/Herd/powerhouse/vendor/laravel/framework/src/Illuminate/Foundation/Application.php(871): Illuminate\\Foundation\\ProviderRepository->load(Array)
#3 /Users/pauliyaji/Herd/powerhouse/vendor/laravel/framework/src/Illuminate/Foundation/Bootstrap/RegisterProviders.php(37): Illuminate\\Foundation\\Application->registerConfiguredProviders()
#4 /Users/pauliyaji/Herd/powerhouse/vendor/laravel/framework/src/Illuminate/Foundation/Application.php(342): Illuminate\\Foundation\\Bootstrap\\RegisterProviders->bootstrap(Object(Illuminate\\Foundation\\Application))
#5 /Users/pauliyaji/Herd/powerhouse/vendor/laravel/framework/src/Illuminate/Foundation/Console/Kernel.php(494): Illuminate\\Foundation\\Application->bootstrapWith(Array)
#6 /Users/pauliyaji/Herd/powerhouse/vendor/laravel/framework/src/Illuminate/Foundation/Console/Kernel.php(196): Illuminate\\Foundation\\Console\\Kernel->bootstrap()
#7 Command line code(1): Illuminate\\Foundation\\Console\\Kernel->handle(Object(Symfony\\Component\\Console\\Input\\ArgvInput), Object(Symfony\\Component\\Console\\Output\\ConsoleOutput))
#8 {main}
"} 
[2026-07-04 16:28:27] local.ERROR: Uncaught ReflectionException: Class "blade.compiler" does not exist in /Users/pauliyaji/Herd/powerhouse/vendor/laravel/framework/src/Illuminate/Container/Container.php:1122
Stack trace:
#0 /Users/pauliyaji/Herd/powerhouse/vendor/laravel/framework/src/Illuminate/Container/Container.php(1122): ReflectionClass->__construct('blade.compiler')
#1 /Users/pauliyaji/Herd/powerhouse/vendor/laravel/framework/src/Illuminate/Container/Container.php(933): Illuminate\Container\Container->build('blade.compiler')
#2 /Users/pauliyaji/Herd/powerhouse/vendor/laravel/framework/src/Illuminate/Foundation/Application.php(1078): Illuminate\Container\Container->resolve('blade.compiler', Array, true)
#3 /Users/pauliyaji/Herd/powerhouse/vendor/laravel/framework/src/Illuminate/Container/Container.php(864): Illuminate\Foundation\Application->resolve('blade.compiler', Array)
#4 /Users/pauliyaji/Herd/powerhouse/vendor/laravel/framework/src/Illuminate/Foundation/Application.php(1058): Illuminate\Container\Container->make('blade.compiler', Array)
#5 /Users/pauliyaji/Herd/powerhouse/vendor/laravel/framework/src/Illuminate/Foundation/helpers.php(138): Illuminate\Foundation\Application->make('blade.compiler', Array)
#6 Command line code(1): app('Illuminate\\View...')
#7 {main}

Next Illuminate\Contracts\Container\BindingResolutionException: Target class [blade.compiler] does not exist. in /Users/pauliyaji/Herd/powerhouse/vendor/laravel/framework/src/Illuminate/Container/Container.php:1124
Stack trace:
#0 /Users/pauliyaji/Herd/powerhouse/vendor/laravel/framework/src/Illuminate/Container/Container.php(933): Illuminate\Container\Container->build('blade.compiler')
#1 /Users/pauliyaji/Herd/powerhouse/vendor/laravel/framework/src/Illuminate/Foundation/Application.php(1078): Illuminate\Container\Container->resolve('blade.compiler', Array, true)
#2 /Users/pauliyaji/Herd/powerhouse/vendor/laravel/framework/src/Illuminate/Container/Container.php(864): Illuminate\Foundation\Application->resolve('blade.compiler', Array)
#3 /Users/pauliyaji/Herd/powerhouse/vendor/laravel/framework/src/Illuminate/Foundation/Application.php(1058): Illuminate\Container\Container->make('blade.compiler', Array)
#4 /Users/pauliyaji/Herd/powerhouse/vendor/laravel/framework/src/Illuminate/Foundation/helpers.php(138): Illuminate\Foundation\Application->make('blade.compiler', Array)
#5 Command line code(1): app('Illuminate\\View...')
#6 {main}
  thrown {"exception":"[object] (Symfony\\Component\\ErrorHandler\\Error\\FatalError(code: 0): Uncaught ReflectionException: Class \"blade.compiler\" does not exist in /Users/pauliyaji/Herd/powerhouse/vendor/laravel/framework/src/Illuminate/Container/Container.php:1122
Stack trace:
#0 /Users/pauliyaji/Herd/powerhouse/vendor/laravel/framework/src/Illuminate/Container/Container.php(1122): ReflectionClass->__construct('blade.compiler')
#1 /Users/pauliyaji/Herd/powerhouse/vendor/laravel/framework/src/Illuminate/Container/Container.php(933): Illuminate\\Container\\Container->build('blade.compiler')
#2 /Users/pauliyaji/Herd/powerhouse/vendor/laravel/framework/src/Illuminate/Foundation/Application.php(1078): Illuminate\\Container\\Container->resolve('blade.compiler', Array, true)
#3 /Users/pauliyaji/Herd/powerhouse/vendor/laravel/framework/src/Illuminate/Container/Container.php(864): Illuminate\\Foundation\\Application->resolve('blade.compiler', Array)
#4 /Users/pauliyaji/Herd/powerhouse/vendor/laravel/framework/src/Illuminate/Foundation/Application.php(1058): Illuminate\\Container\\Container->make('blade.compiler', Array)
#5 /Users/pauliyaji/Herd/powerhouse/vendor/laravel/framework/src/Illuminate/Foundation/helpers.php(138): Illuminate\\Foundation\\Application->make('blade.compiler', Array)
#6 Command line code(1): app('Illuminate\\\\View...')
#7 {main}

Next Illuminate\\Contracts\\Container\\BindingResolutionException: Target class [blade.compiler] does not exist. in /Users/pauliyaji/Herd/powerhouse/vendor/laravel/framework/src/Illuminate/Container/Container.php:1124
Stack trace:
#0 /Users/pauliyaji/Herd/powerhouse/vendor/laravel/framework/src/Illuminate/Container/Container.php(933): Illuminate\\Container\\Container->build('blade.compiler')
#1 /Users/pauliyaji/Herd/powerhouse/vendor/laravel/framework/src/Illuminate/Foundation/Application.php(1078): Illuminate\\Container\\Container->resolve('blade.compiler', Array, true)
#2 /Users/pauliyaji/Herd/powerhouse/vendor/laravel/framework/src/Illuminate/Container/Container.php(864): Illuminate\\Foundation\\Application->resolve('blade.compiler', Array)
#3 /Users/pauliyaji/Herd/powerhouse/vendor/laravel/framework/src/Illuminate/Foundation/Application.php(1058): Illuminate\\Container\\Container->make('blade.compiler', Array)
#4 /Users/pauliyaji/Herd/powerhouse/vendor/laravel/framework/src/Illuminate/Foundation/helpers.php(138): Illuminate\\Foundation\\Application->make('blade.compiler', Array)
#5 Command line code(1): app('Illuminate\\\\View...')
#6 {main}
  thrown at /Users/pauliyaji/Herd/powerhouse/vendor/laravel/framework/src/Illuminate/Container/Container.php:1124)
[stacktrace]
#0 {main}
"} 
[2026-07-04 16:29:05] local.ERROR: require(/Users/pauliyaji/Herd/powerhouse/boa-intelligence/laravel-project-analyzer/src/../config/project-analyzer.php): Failed to open stream: No such file or directory {"exception":"[object] (ErrorException(code: 0): require(/Users/pauliyaji/Herd/powerhouse/boa-intelligence/laravel-project-analyzer/src/../config/project-analyzer.php): Failed to open stream: No such file or directory at /Users/pauliyaji/Herd/powerhouse/vendor/laravel/framework/src/Illuminate/Support/ServiceProvider.php:169)
[stacktrace]
#0 /Users/pauliyaji/Herd/powerhouse/vendor/laravel/framework/src/Illuminate/Foundation/Bootstrap/HandleExceptions.php(258): Illuminate\\Foundation\\Bootstrap\\HandleExceptions->handleError(2, 'require(/Users/...', '/Users/pauliyaj...', 169)
#1 /Users/pauliyaji/Herd/powerhouse/vendor/laravel/framework/src/Illuminate/Support/ServiceProvider.php(169): Illuminate\\Foundation\\Bootstrap\\HandleExceptions->{closure:Illuminate\\Foundation\\Bootstrap\\HandleExceptions::forwardsTo():257}(2, 'require(/Users/...', '/Users/pauliyaj...', 169)
#2 /Users/pauliyaji/Herd/powerhouse/vendor/laravel/framework/src/Illuminate/Support/ServiceProvider.php(169): require('/Users/pauliyaj...')
#3 /Users/pauliyaji/Herd/powerhouse/boa-intelligence/laravel-project-analyzer/src/ProjectAnalyzerServiceProvider.php(49): Illuminate\\Support\\ServiceProvider->mergeConfigFrom('/Users/pauliyaj...', 'project-analyze...')
#4 /Users/pauliyaji/Herd/powerhouse/vendor/laravel/framework/src/Illuminate/Foundation/Application.php(896): ProjectAnalyzer\\ProjectAnalyzerServiceProvider->register()
#5 /Users/pauliyaji/Herd/powerhouse/vendor/laravel/framework/src/Illuminate/Foundation/ProviderRepository.php(74): Illuminate\\Foundation\\Application->register(Object(ProjectAnalyzer\\ProjectAnalyzerServiceProvider))
#6 /Users/pauliyaji/Herd/powerhouse/vendor/laravel/framework/src/Illuminate/Foundation/Application.php(871): Illuminate\\Foundation\\ProviderRepository->load(Array)
#7 /Users/pauliyaji/Herd/powerhouse/vendor/laravel/framework/src/Illuminate/Foundation/Bootstrap/RegisterProviders.php(37): Illuminate\\Foundation\\Application->registerConfiguredProviders()
#8 /Users/pauliyaji/Herd/powerhouse/vendor/laravel/framework/src/Illuminate/Foundation/Application.php(342): Illuminate\\Foundation\\Bootstrap\\RegisterProviders->bootstrap(Object(Illuminate\\Foundation\\Application))
#9 /Users/pauliyaji/Herd/powerhouse/vendor/laravel/framework/src/Illuminate/Foundation/Console/Kernel.php(494): Illuminate\\Foundation\\Application->bootstrapWith(Array)
#10 /Users/pauliyaji/Herd/powerhouse/vendor/laravel/framework/src/Illuminate/Foundation/Console/Kernel.php(196): Illuminate\\Foundation\\Console\\Kernel->bootstrap()
#11 /Users/pauliyaji/Herd/powerhouse/vendor/laravel/framework/src/Illuminate/Foundation/Application.php(1235): Illuminate\\Foundation\\Console\\Kernel->handle(Object(Symfony\\Component\\Console\\Input\\ArgvInput), Object(Symfony\\Component\\Console\\Output\\ConsoleOutput))
#12 /Users/pauliyaji/Herd/powerhouse/artisan(16): Illuminate\\Foundation\\Application->handleCommand(Object(Symfony\\Component\\Console\\Input\\ArgvInput))
#13 {main}
"} 
[2026-07-04 16:29:06] local.ERROR: __VSCODE_LARAVEL_STARTUP_ERROR__: require(/Users/pauliyaji/Herd/powerhouse/boa-intelligence/laravel-project-analyzer/src/../config/project-analyzer.php): Failed to open stream: No such file or directory {"exception":"[object] (Error(code: 0): __VSCODE_LARAVEL_STARTUP_ERROR__: require(/Users/pauliyaji/Herd/powerhouse/boa-intelligence/laravel-project-analyzer/src/../config/project-analyzer.php): Failed to open stream: No such file or directory at /Users/pauliyaji/Herd/powerhouse/vendor/_laravel_ide/discover-5c3cbe5e47b16e6c5fd1967f09c399da.php:33)
[stacktrace]
#0 /Users/pauliyaji/Herd/powerhouse/vendor/_laravel_ide/discover-5c3cbe5e47b16e6c5fd1967f09c399da.php(62): LaravelVsCode::startupError(Object(ErrorException))
#1 {main}
"} 
[2026-07-04 16:29:06] local.ERROR: __VSCODE_LARAVEL_STARTUP_ERROR__: require(/Users/pauliyaji/Herd/powerhouse/boa-intelligence/laravel-project-analyzer/src/../config/project-analyzer.php): Failed to open stream: No such file or directory {"exception":"[object] (Error(code: 0): __VSCODE_LARAVEL_STARTUP_ERROR__: require(/Users/pauliyaji/Herd/powerhouse/boa-intelligence/laravel-project-analyzer/src/../config/project-analyzer.php): Failed to open stream: No such file or directory at /Users/pauliyaji/Herd/powerhouse/vendor/_laravel_ide/discover-ec2e9975ebf5755f76a162b3dce99361.php:33)
[stacktrace]
#0 /Users/pauliyaji/Herd/powerhouse/vendor/_laravel_ide/discover-ec2e9975ebf5755f76a162b3dce99361.php(62): LaravelVsCode::startupError(Object(ErrorException))
#1 {main}
"} 
[2026-07-04 16:29:06] local.ERROR: __VSCODE_LARAVEL_STARTUP_ERROR__: require(/Users/pauliyaji/Herd/powerhouse/boa-intelligence/laravel-project-analyzer/src/../config/project-analyzer.php): Failed to open stream: No such file or directory {"exception":"[object] (Error(code: 0): __VSCODE_LARAVEL_STARTUP_ERROR__: require(/Users/pauliyaji/Herd/powerhouse/boa-intelligence/laravel-project-analyzer/src/../config/project-analyzer.php): Failed to open stream: No such file or directory at /Users/pauliyaji/Herd/powerhouse/vendor/_laravel_ide/discover-80bc781b69500326630e3fef7a4fdfeb.php:33)
[stacktrace]
#0 /Users/pauliyaji/Herd/powerhouse/vendor/_laravel_ide/discover-80bc781b69500326630e3fef7a4fdfeb.php(62): LaravelVsCode::startupError(Object(ErrorException))
#1 {main}
"} 
[2026-07-04 16:29:06] local.ERROR: __VSCODE_LARAVEL_STARTUP_ERROR__: require(/Users/pauliyaji/Herd/powerhouse/boa-intelligence/laravel-project-analyzer/src/../config/project-analyzer.php): Failed to open stream: No such file or directory {"exception":"[object] (Error(code: 0): __VSCODE_LARAVEL_STARTUP_ERROR__: require(/Users/pauliyaji/Herd/powerhouse/boa-intelligence/laravel-project-analyzer/src/../config/project-analyzer.php): Failed to open stream: No such file or directory at /Users/pauliyaji/Herd/powerhouse/vendor/_laravel_ide/discover-43419e1773d5590e98dcbfc1b7903297.php:33)
[stacktrace]
#0 /Users/pauliyaji/Herd/powerhouse/vendor/_laravel_ide/discover-43419e1773d5590e98dcbfc1b7903297.php(62): LaravelVsCode::startupError(Object(ErrorException))
#1 {main}
"} 
[2026-07-04 16:29:06] local.ERROR: __VSCODE_LARAVEL_STARTUP_ERROR__: require(/Users/pauliyaji/Herd/powerhouse/boa-intelligence/laravel-project-analyzer/src/../config/project-analyzer.php): Failed to open stream: No such file or directory {"exception":"[object] (Error(code: 0): __VSCODE_LARAVEL_STARTUP_ERROR__: require(/Users/pauliyaji/Herd/powerhouse/boa-intelligence/laravel-project-analyzer/src/../config/project-analyzer.php): Failed to open stream: No such file or directory at /Users/pauliyaji/Herd/powerhouse/vendor/_laravel_ide/discover-7563160ca998bde672640aa1e68dfd08.php:33)
[stacktrace]
#0 /Users/pauliyaji/Herd/powerhouse/vendor/_laravel_ide/discover-7563160ca998bde672640aa1e68dfd08.php(62): LaravelVsCode::startupError(Object(ErrorException))
#1 {main}
"} 
[2026-07-04 16:29:06] local.ERROR: __VSCODE_LARAVEL_STARTUP_ERROR__: require(/Users/pauliyaji/Herd/powerhouse/boa-intelligence/laravel-project-analyzer/src/../config/project-analyzer.php): Failed to open stream: No such file or directory {"exception":"[object] (Error(code: 0): __VSCODE_LARAVEL_STARTUP_ERROR__: require(/Users/pauliyaji/Herd/powerhouse/boa-intelligence/laravel-project-analyzer/src/../config/project-analyzer.php): Failed to open stream: No such file or directory at /Users/pauliyaji/Herd/powerhouse/vendor/_laravel_ide/discover-6d96201ad95cad12367117063c707ebf.php:33)
[stacktrace]
#0 /Users/pauliyaji/Herd/powerhouse/vendor/_laravel_ide/discover-6d96201ad95cad12367117063c707ebf.php(62): LaravelVsCode::startupError(Object(ErrorException))
#1 {main}
"} 
[2026-07-04 16:29:06] local.ERROR: __VSCODE_LARAVEL_STARTUP_ERROR__: require(/Users/pauliyaji/Herd/powerhouse/boa-intelligence/laravel-project-analyzer/src/../config/project-analyzer.php): Failed to open stream: No such file or directory {"exception":"[object] (Error(code: 0): __VSCODE_LARAVEL_STARTUP_ERROR__: require(/Users/pauliyaji/Herd/powerhouse/boa-intelligence/laravel-project-analyzer/src/../config/project-analyzer.php): Failed to open stream: No such file or directory at /Users/pauliyaji/Herd/powerhouse/vendor/_laravel_ide/discover-31b934f114eabc246b541addb8b458e3.php:33)
[stacktrace]
#0 /Users/pauliyaji/Herd/powerhouse/vendor/_laravel_ide/discover-31b934f114eabc246b541addb8b458e3.php(62): LaravelVsCode::startupError(Object(ErrorException))
#1 {main}
"} 
[2026-07-04 16:29:06] local.ERROR: __VSCODE_LARAVEL_STARTUP_ERROR__: require(/Users/pauliyaji/Herd/powerhouse/boa-intelligence/laravel-project-analyzer/src/../config/project-analyzer.php): Failed to open stream: No such file or directory {"exception":"[object] (Error(code: 0): __VSCODE_LARAVEL_STARTUP_ERROR__: require(/Users/pauliyaji/Herd/powerhouse/boa-intelligence/laravel-project-analyzer/src/../config/project-analyzer.php): Failed to open stream: No such file or directory at /Users/pauliyaji/Herd/powerhouse/vendor/_laravel_ide/discover-f5442aeac73a6a9021bd7ce113d6a606.php:33)
[stacktrace]
#0 /Users/pauliyaji/Herd/powerhouse/vendor/_laravel_ide/discover-f5442aeac73a6a9021bd7ce113d6a606.php(62): LaravelVsCode::startupError(Object(ErrorException))
#1 {main}
"} 
[2026-07-04 16:29:06] local.ERROR: __VSCODE_LARAVEL_STARTUP_ERROR__: require(/Users/pauliyaji/Herd/powerhouse/boa-intelligence/laravel-project-analyzer/src/../config/project-analyzer.php): Failed to open stream: No such file or directory {"exception":"[object] (Error(code: 0): __VSCODE_LARAVEL_STARTUP_ERROR__: require(/Users/pauliyaji/Herd/powerhouse/boa-intelligence/laravel-project-analyzer/src/../config/project-analyzer.php): Failed to open stream: No such file or directory at /Users/pauliyaji/Herd/powerhouse/vendor/_laravel_ide/discover-19804082b122017c46bdac205a3a1912.php:33)
[stacktrace]
#0 /Users/pauliyaji/Herd/powerhouse/vendor/_laravel_ide/discover-19804082b122017c46bdac205a3a1912.php(62): LaravelVsCode::startupError(Object(ErrorException))
#1 {main}
"} 
[2026-07-04 16:29:06] local.ERROR: __VSCODE_LARAVEL_STARTUP_ERROR__: require(/Users/pauliyaji/Herd/powerhouse/boa-intelligence/laravel-project-analyzer/src/../config/project-analyzer.php): Failed to open stream: No such file or directory {"exception":"[object] (Error(code: 0): __VSCODE_LARAVEL_STARTUP_ERROR__: require(/Users/pauliyaji/Herd/powerhouse/boa-intelligence/laravel-project-analyzer/src/../config/project-analyzer.php): Failed to open stream: No such file or directory at /Users/pauliyaji/Herd/powerhouse/vendor/_laravel_ide/discover-4dd8aa2c89a79640c26a5af93ae899b1.php:33)
[stacktrace]
#0 /Users/pauliyaji/Herd/powerhouse/vendor/_laravel_ide/discover-4dd8aa2c89a79640c26a5af93ae899b1.php(62): LaravelVsCode::startupError(Object(ErrorException))
#1 {main}
"} 
[2026-07-04 16:29:06] local.ERROR: __VSCODE_LARAVEL_STARTUP_ERROR__: require(/Users/pauliyaji/Herd/powerhouse/boa-intelligence/laravel-project-analyzer/src/../config/project-analyzer.php): Failed to open stream: No such file or directory {"exception":"[object] (Error(code: 0): __VSCODE_LARAVEL_STARTUP_ERROR__: require(/Users/pauliyaji/Herd/powerhouse/boa-intelligence/laravel-project-analyzer/src/../config/project-analyzer.php): Failed to open stream: No such file or directory at /Users/pauliyaji/Herd/powerhouse/vendor/_laravel_ide/discover-bf37f1dc35944596ec71c910bc1ca84f.php:33)
[stacktrace]
#0 /Users/pauliyaji/Herd/powerhouse/vendor/_laravel_ide/discover-bf37f1dc35944596ec71c910bc1ca84f.php(62): LaravelVsCode::startupError(Object(ErrorException))
#1 {main}
"} 
[2026-07-04 16:29:06] local.ERROR: __VSCODE_LARAVEL_STARTUP_ERROR__: require(/Users/pauliyaji/Herd/powerhouse/boa-intelligence/laravel-project-analyzer/src/../config/project-analyzer.php): Failed to open stream: No such file or directory {"exception":"[object] (Error(code: 0): __VSCODE_LARAVEL_STARTUP_ERROR__: require(/Users/pauliyaji/Herd/powerhouse/boa-intelligence/laravel-project-analyzer/src/../config/project-analyzer.php): Failed to open stream: No such file or directory at /Users/pauliyaji/Herd/powerhouse/vendor/_laravel_ide/discover-e4fb95a586b679e2bcd4cf4f0871799d.php:33)
[stacktrace]
#0 /Users/pauliyaji/Herd/powerhouse/vendor/_laravel_ide/discover-e4fb95a586b679e2bcd4cf4f0871799d.php(62): LaravelVsCode::startupError(Object(ErrorException))
#1 {main}
"} 
[2026-07-04 16:29:07] local.ERROR: __VSCODE_LARAVEL_STARTUP_ERROR__: require(/Users/pauliyaji/Herd/powerhouse/boa-intelligence/laravel-project-analyzer/src/../config/project-analyzer.php): Failed to open stream: No such file or directory {"exception":"[object] (Error(code: 0): __VSCODE_LARAVEL_STARTUP_ERROR__: require(/Users/pauliyaji/Herd/powerhouse/boa-intelligence/laravel-project-analyzer/src/../config/project-analyzer.php): Failed to open stream: No such file or directory at /Users/pauliyaji/Herd/powerhouse/vendor/_laravel_ide/discover-5c3cbe5e47b16e6c5fd1967f09c399da.php:33)
[stacktrace]
#0 /Users/pauliyaji/Herd/powerhouse/vendor/_laravel_ide/discover-5c3cbe5e47b16e6c5fd1967f09c399da.php(62): LaravelVsCode::startupError(Object(ErrorException))
#1 {main}
"} 
[2026-07-04 16:29:07] local.ERROR: __VSCODE_LARAVEL_STARTUP_ERROR__: require(/Users/pauliyaji/Herd/powerhouse/boa-intelligence/laravel-project-analyzer/src/../config/project-analyzer.php): Failed to open stream: No such file or directory {"exception":"[object] (Error(code: 0): __VSCODE_LARAVEL_STARTUP_ERROR__: require(/Users/pauliyaji/Herd/powerhouse/boa-intelligence/laravel-project-analyzer/src/../config/project-analyzer.php): Failed to open stream: No such file or directory at /Users/pauliyaji/Herd/powerhouse/vendor/_laravel_ide/discover-43419e1773d5590e98dcbfc1b7903297.php:33)
[stacktrace]
#0 /Users/pauliyaji/Herd/powerhouse/vendor/_laravel_ide/discover-43419e1773d5590e98dcbfc1b7903297.php(62): LaravelVsCode::startupError(Object(ErrorException))
#1 {main}
"} 
[2026-07-04 16:29:07] local.ERROR: __VSCODE_LARAVEL_STARTUP_ERROR__: require(/Users/pauliyaji/Herd/powerhouse/boa-intelligence/laravel-project-analyzer/src/../config/project-analyzer.php): Failed to open stream: No such file or directory {"exception":"[object] (Error(code: 0): __VSCODE_LARAVEL_STARTUP_ERROR__: require(/Users/pauliyaji/Herd/powerhouse/boa-intelligence/laravel-project-analyzer/src/../config/project-analyzer.php): Failed to open stream: No such file or directory at /Users/pauliyaji/Herd/powerhouse/vendor/_laravel_ide/discover-6d96201ad95cad12367117063c707ebf.php:33)
[stacktrace]
#0 /Users/pauliyaji/Herd/powerhouse/vendor/_laravel_ide/discover-6d96201ad95cad12367117063c707ebf.php(62): LaravelVsCode::startupError(Object(ErrorException))
#1 {main}
"} 
[2026-07-04 16:29:07] local.ERROR: __VSCODE_LARAVEL_STARTUP_ERROR__: require(/Users/pauliyaji/Herd/powerhouse/boa-intelligence/laravel-project-analyzer/src/../config/project-analyzer.php): Failed to open stream: No such file or directory {"exception":"[object] (Error(code: 0): __VSCODE_LARAVEL_STARTUP_ERROR__: require(/Users/pauliyaji/Herd/powerhouse/boa-intelligence/laravel-project-analyzer/src/../config/project-analyzer.php): Failed to open stream: No such file or directory at /Users/pauliyaji/Herd/powerhouse/vendor/_laravel_ide/discover-f5442aeac73a6a9021bd7ce113d6a606.php:33)
[stacktrace]
#0 /Users/pauliyaji/Herd/powerhouse/vendor/_laravel_ide/discover-f5442aeac73a6a9021bd7ce113d6a606.php(62): LaravelVsCode::startupError(Object(ErrorException))
#1 {main}
"} 
[2026-07-04 16:29:07] local.ERROR: __VSCODE_LARAVEL_STARTUP_ERROR__: require(/Users/pauliyaji/Herd/powerhouse/boa-intelligence/laravel-project-analyzer/src/../config/project-analyzer.php): Failed to open stream: No such file or directory {"exception":"[object] (Error(code: 0): __VSCODE_LARAVEL_STARTUP_ERROR__: require(/Users/pauliyaji/Herd/powerhouse/boa-intelligence/laravel-project-analyzer/src/../config/project-analyzer.php): Failed to open stream: No such file or directory at /Users/pauliyaji/Herd/powerhouse/vendor/_laravel_ide/discover-80bc781b69500326630e3fef7a4fdfeb.php:33)
[stacktrace]
#0 /Users/pauliyaji/Herd/powerhouse/vendor/_laravel_ide/discover-80bc781b69500326630e3fef7a4fdfeb.php(62): LaravelVsCode::startupError(Object(ErrorException))
#1 {main}
"} 
[2026-07-04 16:29:10] local.ERROR: require(/Users/pauliyaji/Herd/powerhouse/boa-intelligence/laravel-project-analyzer/src/../config/project-analyzer.php): Failed to open stream: No such file or directory {"exception":"[object] (ErrorException(code: 0): require(/Users/pauliyaji/Herd/powerhouse/boa-intelligence/laravel-project-analyzer/src/../config/project-analyzer.php): Failed to open stream: No such file or directory at /Users/pauliyaji/Herd/powerhouse/vendor/laravel/framework/src/Illuminate/Support/ServiceProvider.php:169)
[stacktrace]
#0 /Users/pauliyaji/Herd/powerhouse/vendor/laravel/framework/src/Illuminate/Foundation/Bootstrap/HandleExceptions.php(258): Illuminate\\Foundation\\Bootstrap\\HandleExceptions->handleError(2, 'require(/Users/...', '/Users/pauliyaj...', 169)
#1 /Users/pauliyaji/Herd/powerhouse/vendor/laravel/framework/src/Illuminate/Support/ServiceProvider.php(169): Illuminate\\Foundation\\Bootstrap\\HandleExceptions->{closure:Illuminate\\Foundation\\Bootstrap\\HandleExceptions::forwardsTo():257}(2, 'require(/Users/...', '/Users/pauliyaj...', 169)
#2 /Users/pauliyaji/Herd/powerhouse/vendor/laravel/framework/src/Illuminate/Support/ServiceProvider.php(169): require('/Users/pauliyaj...')
#3 /Users/pauliyaji/Herd/powerhouse/boa-intelligence/laravel-project-analyzer/src/ProjectAnalyzerServiceProvider.php(49): Illuminate\\Support\\ServiceProvider->mergeConfigFrom('/Users/pauliyaj...', 'project-analyze...')
#4 /Users/pauliyaji/Herd/powerhouse/vendor/laravel/framework/src/Illuminate/Foundation/Application.php(896): ProjectAnalyzer\\ProjectAnalyzerServiceProvider->register()
#5 /Users/pauliyaji/Herd/powerhouse/vendor/laravel/framework/src/Illuminate/Foundation/ProviderRepository.php(74): Illuminate\\Foundation\\Application->register(Object(ProjectAnalyzer\\ProjectAnalyzerServiceProvider))
#6 /Users/pauliyaji/Herd/powerhouse/vendor/laravel/framework/src/Illuminate/Foundation/Application.php(871): Illuminate\\Foundation\\ProviderRepository->load(Array)
#7 /Users/pauliyaji/Herd/powerhouse/vendor/laravel/framework/src/Illuminate/Foundation/Bootstrap/RegisterProviders.php(37): Illuminate\\Foundation\\Application->registerConfiguredProviders()
#8 /Users/pauliyaji/Herd/powerhouse/vendor/laravel/framework/src/Illuminate/Foundation/Application.php(342): Illuminate\\Foundation\\Bootstrap\\RegisterProviders->bootstrap(Object(Illuminate\\Foundation\\Application))
#9 /Users/pauliyaji/Herd/powerhouse/vendor/laravel/framework/src/Illuminate/Foundation/Console/Kernel.php(494): Illuminate\\Foundation\\Application->bootstrapWith(Array)
#10 /Users/pauliyaji/Herd/powerhouse/vendor/laravel/framework/src/Illuminate/Foundation/Console/Kernel.php(196): Illuminate\\Foundation\\Console\\Kernel->bootstrap()
#11 Command line code(1): Illuminate\\Foundation\\Console\\Kernel->handle(Object(Symfony\\Component\\Console\\Input\\ArgvInput), Object(Symfony\\Component\\Console\\Output\\ConsoleOutput))
#12 {main}
"} 
[2026-07-04 16:29:10] local.ERROR: require(/Users/pauliyaji/Herd/powerhouse/boa-intelligence/laravel-project-analyzer/src/../config/project-analyzer.php): Failed to open stream: No such file or directory {"exception":"[object] (ErrorException(code: 0): require(/Users/pauliyaji/Herd/powerhouse/boa-intelligence/laravel-project-analyzer/src/../config/project-analyzer.php): Failed to open stream: No such file or directory at /Users/pauliyaji/Herd/powerhouse/vendor/laravel/framework/src/Illuminate/Support/ServiceProvider.php:169)
[stacktrace]
#0 /Users/pauliyaji/Herd/powerhouse/vendor/laravel/framework/src/Illuminate/Foundation/Bootstrap/HandleExceptions.php(258): Illuminate\\Foundation\\Bootstrap\\HandleExceptions->handleError(2, 'require(/Users/...', '/Users/pauliyaj...', 169)
#1 /Users/pauliyaji/Herd/powerhouse/vendor/laravel/framework/src/Illuminate/Support/ServiceProvider.php(169): Illuminate\\Foundation\\Bootstrap\\HandleExceptions->{closure:Illuminate\\Foundation\\Bootstrap\\HandleExceptions::forwardsTo():257}(2, 'require(/Users/...', '/Users/pauliyaj...', 169)
#2 /Users/pauliyaji/Herd/powerhouse/vendor/laravel/framework/src/Illuminate/Support/ServiceProvider.php(169): require('/Users/pauliyaj...')
#3 /Users/pauliyaji/Herd/powerhouse/boa-intelligence/laravel-project-analyzer/src/ProjectAnalyzerServiceProvider.php(49): Illuminate\\Support\\ServiceProvider->mergeConfigFrom('/Users/pauliyaj...', 'project-analyze...')
#4 /Users/pauliyaji/Herd/powerhouse/vendor/laravel/framework/src/Illuminate/Foundation/Application.php(896): ProjectAnalyzer\\ProjectAnalyzerServiceProvider->register()
#5 /Users/pauliyaji/Herd/powerhouse/vendor/laravel/framework/src/Illuminate/Foundation/ProviderRepository.php(74): Illuminate\\Foundation\\Application->register(Object(ProjectAnalyzer\\ProjectAnalyzerServiceProvider))
#6 /Users/pauliyaji/Herd/powerhouse/vendor/laravel/framework/src/Illuminate/Foundation/Application.php(871): Illuminate\\Foundation\\ProviderRepository->load(Array)
#7 /Users/pauliyaji/Herd/powerhouse/vendor/laravel/framework/src/Illuminate/Foundation/Bootstrap/RegisterProviders.php(37): Illuminate\\Foundation\\Application->registerConfiguredProviders()
#8 /Users/pauliyaji/Herd/powerhouse/vendor/laravel/framework/src/Illuminate/Foundation/Application.php(342): Illuminate\\Foundation\\Bootstrap\\RegisterProviders->bootstrap(Object(Illuminate\\Foundation\\Application))
#9 /Users/pauliyaji/Herd/powerhouse/vendor/laravel/framework/src/Illuminate/Foundation/Console/Kernel.php(494): Illuminate\\Foundation\\Application->bootstrapWith(Array)
#10 /Users/pauliyaji/Herd/powerhouse/vendor/laravel/framework/src/Illuminate/Foundation/Console/Kernel.php(196): Illuminate\\Foundation\\Console\\Kernel->bootstrap()
#11 Command line code(1): Illuminate\\Foundation\\Console\\Kernel->handle(Object(Symfony\\Component\\Console\\Input\\ArgvInput), Object(Symfony\\Component\\Console\\Output\\ConsoleOutput))
#12 {main}
"} 
[2026-07-04 16:29:33] local.ERROR: require(/Users/pauliyaji/Herd/powerhouse/boa-intelligence/laravel-project-analyzer/src/../config/project-analyzer.php): Failed to open stream: No such file or directory {"exception":"[object] (ErrorException(code: 0): require(/Users/pauliyaji/Herd/powerhouse/boa-intelligence/laravel-project-analyzer/src/../config/project-analyzer.php): Failed to open stream: No such file or directory at /Users/pauliyaji/Herd/powerhouse/vendor/laravel/framework/src/Illuminate/Support/ServiceProvider.php:169)
[stacktrace]
#0 /Users/pauliyaji/Herd/powerhouse/vendor/laravel/framework/src/Illuminate/Foundation/Bootstrap/HandleExceptions.php(258): Illuminate\\Foundation\\Bootstrap\\HandleExceptions->handleError(2, 'require(/Users/...', '/Users/pauliyaj...', 169)
#1 /Users/pauliyaji/Herd/powerhouse/vendor/laravel/framework/src/Illuminate/Support/ServiceProvider.php(169): Illuminate\\Foundation\\Bootstrap\\HandleExceptions->{closure:Illuminate\\Foundation\\Bootstrap\\HandleExceptions::forwardsTo():257}(2, 'require(/Users/...', '/Users/pauliyaj...', 169)
#2 /Users/pauliyaji/Herd/powerhouse/vendor/laravel/framework/src/Illuminate/Support/ServiceProvider.php(169): require('/Users/pauliyaj...')
#3 /Users/pauliyaji/Herd/powerhouse/boa-intelligence/laravel-project-analyzer/src/ProjectAnalyzerServiceProvider.php(49): Illuminate\\Support\\ServiceProvider->mergeConfigFrom('/Users/pauliyaj...', 'project-analyze...')
#4 /Users/pauliyaji/Herd/powerhouse/vendor/laravel/framework/src/Illuminate/Foundation/Application.php(896): ProjectAnalyzer\\ProjectAnalyzerServiceProvider->register()
#5 /Users/pauliyaji/Herd/powerhouse/vendor/laravel/framework/src/Illuminate/Foundation/ProviderRepository.php(74): Illuminate\\Foundation\\Application->register(Object(ProjectAnalyzer\\ProjectAnalyzerServiceProvider))
#6 /Users/pauliyaji/Herd/powerhouse/vendor/laravel/framework/src/Illuminate/Foundation/Application.php(871): Illuminate\\Foundation\\ProviderRepository->load(Array)
#7 /Users/pauliyaji/Herd/powerhouse/vendor/laravel/framework/src/Illuminate/Foundation/Bootstrap/RegisterProviders.php(37): Illuminate\\Foundation\\Application->registerConfiguredProviders()
#8 /Users/pauliyaji/Herd/powerhouse/vendor/laravel/framework/src/Illuminate/Foundation/Application.php(342): Illuminate\\Foundation\\Bootstrap\\RegisterProviders->bootstrap(Object(Illuminate\\Foundation\\Application))
#9 /Users/pauliyaji/Herd/powerhouse/vendor/laravel/framework/src/Illuminate/Foundation/Console/Kernel.php(494): Illuminate\\Foundation\\Application->bootstrapWith(Array)
#10 /Users/pauliyaji/Herd/powerhouse/vendor/laravel/framework/src/Illuminate/Foundation/Console/Kernel.php(196): Illuminate\\Foundation\\Console\\Kernel->bootstrap()
#11 /Users/pauliyaji/Herd/powerhouse/vendor/laravel/framework/src/Illuminate/Foundation/Application.php(1235): Illuminate\\Foundation\\Console\\Kernel->handle(Object(Symfony\\Component\\Console\\Input\\ArgvInput), Object(Symfony\\Component\\Console\\Output\\ConsoleOutput))
#12 /Users/pauliyaji/Herd/powerhouse/artisan(16): Illuminate\\Foundation\\Application->handleCommand(Object(Symfony\\Component\\Console\\Input\\ArgvInput))
#13 {main}
"} 
[2026-07-04 16:29:39] local.ERROR: require(/Users/pauliyaji/Herd/powerhouse/boa-intelligence/laravel-project-analyzer/src/../config/project-analyzer.php): Failed to open stream: No such file or directory {"exception":"[object] (ErrorException(code: 0): require(/Users/pauliyaji/Herd/powerhouse/boa-intelligence/laravel-project-analyzer/src/../config/project-analyzer.php): Failed to open stream: No such file or directory at /Users/pauliyaji/Herd/powerhouse/vendor/laravel/framework/src/Illuminate/Support/ServiceProvider.php:169)
[stacktrace]
#0 /Users/pauliyaji/Herd/powerhouse/vendor/laravel/framework/src/Illuminate/Foundation/Bootstrap/HandleExceptions.php(258): Illuminate\\Foundation\\Bootstrap\\HandleExceptions->handleError(2, 'require(/Users/...', '/Users/pauliyaj...', 169)
#1 /Users/pauliyaji/Herd/powerhouse/vendor/laravel/framework/src/Illuminate/Support/ServiceProvider.php(169): Illuminate\\Foundation\\Bootstrap\\HandleExceptions->{closure:Illuminate\\Foundation\\Bootstrap\\HandleExceptions::forwardsTo():257}(2, 'require(/Users/...', '/Users/pauliyaj...', 169)
#2 /Users/pauliyaji/Herd/powerhouse/vendor/laravel/framework/src/Illuminate/Support/ServiceProvider.php(169): require('/Users/pauliyaj...')
#3 /Users/pauliyaji/Herd/powerhouse/boa-intelligence/laravel-project-analyzer/src/ProjectAnalyzerServiceProvider.php(49): Illuminate\\Support\\ServiceProvider->mergeConfigFrom('/Users/pauliyaj...', 'project-analyze...')
#4 /Users/pauliyaji/Herd/powerhouse/vendor/laravel/framework/src/Illuminate/Foundation/Application.php(896): ProjectAnalyzer\\ProjectAnalyzerServiceProvider->register()
#5 /Users/pauliyaji/Herd/powerhouse/vendor/laravel/framework/src/Illuminate/Foundation/ProviderRepository.php(74): Illuminate\\Foundation\\Application->register(Object(ProjectAnalyzer\\ProjectAnalyzerServiceProvider))
#6 /Users/pauliyaji/Herd/powerhouse/vendor/laravel/framework/src/Illuminate/Foundation/Application.php(871): Illuminate\\Foundation\\ProviderRepository->load(Array)
#7 /Users/pauliyaji/Herd/powerhouse/vendor/laravel/framework/src/Illuminate/Foundation/Bootstrap/RegisterProviders.php(37): Illuminate\\Foundation\\Application->registerConfiguredProviders()
#8 /Users/pauliyaji/Herd/powerhouse/vendor/laravel/framework/src/Illuminate/Foundation/Application.php(342): Illuminate\\Foundation\\Bootstrap\\RegisterProviders->bootstrap(Object(Illuminate\\Foundation\\Application))
#9 /Users/pauliyaji/Herd/powerhouse/vendor/laravel/framework/src/Illuminate/Foundation/Console/Kernel.php(494): Illuminate\\Foundation\\Application->bootstrapWith(Array)
#10 /Users/pauliyaji/Herd/powerhouse/vendor/laravel/framework/src/Illuminate/Foundation/Console/Kernel.php(196): Illuminate\\Foundation\\Console\\Kernel->bootstrap()
#11 Command line code(1): Illuminate\\Foundation\\Console\\Kernel->handle(Object(Symfony\\Component\\Console\\Input\\ArgvInput), Object(Symfony\\Component\\Console\\Output\\ConsoleOutput))
#12 {main}
"} 
[2026-07-04 16:29:39] local.ERROR: require(/Users/pauliyaji/Herd/powerhouse/boa-intelligence/laravel-project-analyzer/src/../config/project-analyzer.php): Failed to open stream: No such file or directory {"exception":"[object] (ErrorException(code: 0): require(/Users/pauliyaji/Herd/powerhouse/boa-intelligence/laravel-project-analyzer/src/../config/project-analyzer.php): Failed to open stream: No such file or directory at /Users/pauliyaji/Herd/powerhouse/vendor/laravel/framework/src/Illuminate/Support/ServiceProvider.php:169)
[stacktrace]
#0 /Users/pauliyaji/Herd/powerhouse/vendor/laravel/framework/src/Illuminate/Foundation/Bootstrap/HandleExceptions.php(258): Illuminate\\Foundation\\Bootstrap\\HandleExceptions->handleError(2, 'require(/Users/...', '/Users/pauliyaj...', 169)
#1 /Users/pauliyaji/Herd/powerhouse/vendor/laravel/framework/src/Illuminate/Support/ServiceProvider.php(169): Illuminate\\Foundation\\Bootstrap\\HandleExceptions->{closure:Illuminate\\Foundation\\Bootstrap\\HandleExceptions::forwardsTo():257}(2, 'require(/Users/...', '/Users/pauliyaj...', 169)
#2 /Users/pauliyaji/Herd/powerhouse/vendor/laravel/framework/src/Illuminate/Support/ServiceProvider.php(169): require('/Users/pauliyaj...')
#3 /Users/pauliyaji/Herd/powerhouse/boa-intelligence/laravel-project-analyzer/src/ProjectAnalyzerServiceProvider.php(49): Illuminate\\Support\\ServiceProvider->mergeConfigFrom('/Users/pauliyaj...', 'project-analyze...')
#4 /Users/pauliyaji/Herd/powerhouse/vendor/laravel/framework/src/Illuminate/Foundation/Application.php(896): ProjectAnalyzer\\ProjectAnalyzerServiceProvider->register()
#5 /Users/pauliyaji/Herd/powerhouse/vendor/laravel/framework/src/Illuminate/Foundation/ProviderRepository.php(74): Illuminate\\Foundation\\Application->register(Object(ProjectAnalyzer\\ProjectAnalyzerServiceProvider))
#6 /Users/pauliyaji/Herd/powerhouse/vendor/laravel/framework/src/Illuminate/Foundation/Application.php(871): Illuminate\\Foundation\\ProviderRepository->load(Array)
#7 /Users/pauliyaji/Herd/powerhouse/vendor/laravel/framework/src/Illuminate/Foundation/Bootstrap/RegisterProviders.php(37): Illuminate\\Foundation\\Application->registerConfiguredProviders()
#8 /Users/pauliyaji/Herd/powerhouse/vendor/laravel/framework/src/Illuminate/Foundation/Application.php(342): Illuminate\\Foundation\\Bootstrap\\RegisterProviders->bootstrap(Object(Illuminate\\Foundation\\Application))
#9 /Users/pauliyaji/Herd/powerhouse/vendor/laravel/framework/src/Illuminate/Foundation/Console/Kernel.php(494): Illuminate\\Foundation\\Application->bootstrapWith(Array)
#10 /Users/pauliyaji/Herd/powerhouse/vendor/laravel/framework/src/Illuminate/Foundation/Console/Kernel.php(196): Illuminate\\Foundation\\Console\\Kernel->bootstrap()
#11 Command line code(1): Illuminate\\Foundation\\Console\\Kernel->handle(Object(Symfony\\Component\\Console\\Input\\ArgvInput), Object(Symfony\\Component\\Console\\Output\\ConsoleOutput))
#12 {main}
"} 
[2026-07-04 16:29:50] local.ERROR: require(/Users/pauliyaji/Herd/powerhouse/boa-intelligence/laravel-project-analyzer/src/../config/project-analyzer.php): Failed to open stream: No such file or directory {"exception":"[object] (ErrorException(code: 0): require(/Users/pauliyaji/Herd/powerhouse/boa-intelligence/laravel-project-analyzer/src/../config/project-analyzer.php): Failed to open stream: No such file or directory at /Users/pauliyaji/Herd/powerhouse/vendor/laravel/framework/src/Illuminate/Support/ServiceProvider.php:169)
[stacktrace]
#0 /Users/pauliyaji/Herd/powerhouse/vendor/laravel/framework/src/Illuminate/Foundation/Bootstrap/HandleExceptions.php(258): Illuminate\\Foundation\\Bootstrap\\HandleExceptions->handleError(2, 'require(/Users/...', '/Users/pauliyaj...', 169)
#1 /Users/pauliyaji/Herd/powerhouse/vendor/laravel/framework/src/Illuminate/Support/ServiceProvider.php(169): Illuminate\\Foundation\\Bootstrap\\HandleExceptions->{closure:Illuminate\\Foundation\\Bootstrap\\HandleExceptions::forwardsTo():257}(2, 'require(/Users/...', '/Users/pauliyaj...', 169)
#2 /Users/pauliyaji/Herd/powerhouse/vendor/laravel/framework/src/Illuminate/Support/ServiceProvider.php(169): require('/Users/pauliyaj...')
#3 /Users/pauliyaji/Herd/powerhouse/boa-intelligence/laravel-project-analyzer/src/ProjectAnalyzerServiceProvider.php(49): Illuminate\\Support\\ServiceProvider->mergeConfigFrom('/Users/pauliyaj...', 'project-analyze...')
#4 /Users/pauliyaji/Herd/powerhouse/vendor/laravel/framework/src/Illuminate/Foundation/Application.php(896): ProjectAnalyzer\\ProjectAnalyzerServiceProvider->register()
#5 /Users/pauliyaji/Herd/powerhouse/vendor/laravel/framework/src/Illuminate/Foundation/ProviderRepository.php(74): Illuminate\\Foundation\\Application->register(Object(ProjectAnalyzer\\ProjectAnalyzerServiceProvider))
#6 /Users/pauliyaji/Herd/powerhouse/vendor/laravel/framework/src/Illuminate/Foundation/Application.php(871): Illuminate\\Foundation\\ProviderRepository->load(Array)
#7 /Users/pauliyaji/Herd/powerhouse/vendor/laravel/framework/src/Illuminate/Foundation/Bootstrap/RegisterProviders.php(37): Illuminate\\Foundation\\Application->registerConfiguredProviders()
#8 /Users/pauliyaji/Herd/powerhouse/vendor/laravel/framework/src/Illuminate/Foundation/Application.php(342): Illuminate\\Foundation\\Bootstrap\\RegisterProviders->bootstrap(Object(Illuminate\\Foundation\\Application))
#9 /Users/pauliyaji/Herd/powerhouse/vendor/laravel/framework/src/Illuminate/Foundation/Console/Kernel.php(494): Illuminate\\Foundation\\Application->bootstrapWith(Array)
#10 /Users/pauliyaji/Herd/powerhouse/vendor/laravel/framework/src/Illuminate/Foundation/Console/Kernel.php(196): Illuminate\\Foundation\\Console\\Kernel->bootstrap()
#11 /Users/pauliyaji/Herd/powerhouse/vendor/laravel/framework/src/Illuminate/Foundation/Application.php(1235): Illuminate\\Foundation\\Console\\Kernel->handle(Object(Symfony\\Component\\Console\\Input\\ArgvInput), Object(Symfony\\Component\\Console\\Output\\ConsoleOutput))
#12 /Users/pauliyaji/Herd/powerhouse/artisan(16): Illuminate\\Foundation\\Application->handleCommand(Object(Symfony\\Component\\Console\\Input\\ArgvInput))
#13 {main}
"} 
[2026-07-04 16:29:56] local.ERROR: require(/Users/pauliyaji/Herd/powerhouse/boa-intelligence/laravel-project-analyzer/src/../config/project-analyzer.php): Failed to open stream: No such file or directory {"exception":"[object] (ErrorException(code: 0): require(/Users/pauliyaji/Herd/powerhouse/boa-intelligence/laravel-project-analyzer/src/../config/project-analyzer.php): Failed to open stream: No such file or directory at /Users/pauliyaji/Herd/powerhouse/vendor/laravel/framework/src/Illuminate/Support/ServiceProvider.php:169)
[stacktrace]
#0 /Users/pauliyaji/Herd/powerhouse/vendor/laravel/framework/src/Illuminate/Foundation/Bootstrap/HandleExceptions.php(258): Illuminate\\Foundation\\Bootstrap\\HandleExceptions->handleError(2, 'require(/Users/...', '/Users/pauliyaj...', 169)
#1 /Users/pauliyaji/Herd/powerhouse/vendor/laravel/framework/src/Illuminate/Support/ServiceProvider.php(169): Illuminate\\Foundation\\Bootstrap\\HandleExceptions->{closure:Illuminate\\Foundation\\Bootstrap\\HandleExceptions::forwardsTo():257}(2, 'require(/Users/...', '/Users/pauliyaj...', 169)
#2 /Users/pauliyaji/Herd/powerhouse/vendor/laravel/framework/src/Illuminate/Support/ServiceProvider.php(169): require('/Users/pauliyaj...')
#3 /Users/pauliyaji/Herd/powerhouse/boa-intelligence/laravel-project-analyzer/src/ProjectAnalyzerServiceProvider.php(49): Illuminate\\Support\\ServiceProvider->mergeConfigFrom('/Users/pauliyaj...', 'project-analyze...')
#4 /Users/pauliyaji/Herd/powerhouse/vendor/laravel/framework/src/Illuminate/Foundation/Application.php(896): ProjectAnalyzer\\ProjectAnalyzerServiceProvider->register()
#5 /Users/pauliyaji/Herd/powerhouse/vendor/laravel/framework/src/Illuminate/Foundation/ProviderRepository.php(74): Illuminate\\Foundation\\Application->register(Object(ProjectAnalyzer\\ProjectAnalyzerServiceProvider))
#6 /Users/pauliyaji/Herd/powerhouse/vendor/laravel/framework/src/Illuminate/Foundation/Application.php(871): Illuminate\\Foundation\\ProviderRepository->load(Array)
#7 /Users/pauliyaji/Herd/powerhouse/vendor/laravel/framework/src/Illuminate/Foundation/Bootstrap/RegisterProviders.php(37): Illuminate\\Foundation\\Application->registerConfiguredProviders()
#8 /Users/pauliyaji/Herd/powerhouse/vendor/laravel/framework/src/Illuminate/Foundation/Application.php(342): Illuminate\\Foundation\\Bootstrap\\RegisterProviders->bootstrap(Object(Illuminate\\Foundation\\Application))
#9 /Users/pauliyaji/Herd/powerhouse/vendor/laravel/framework/src/Illuminate/Foundation/Console/Kernel.php(494): Illuminate\\Foundation\\Application->bootstrapWith(Array)
#10 /Users/pauliyaji/Herd/powerhouse/vendor/laravel/framework/src/Illuminate/Foundation/Console/Kernel.php(196): Illuminate\\Foundation\\Console\\Kernel->bootstrap()
#11 Command line code(1): Illuminate\\Foundation\\Console\\Kernel->handle(Object(Symfony\\Component\\Console\\Input\\ArgvInput), Object(Symfony\\Component\\Console\\Output\\ConsoleOutput))
#12 {main}
"} 
[2026-07-04 16:29:56] local.ERROR: require(/Users/pauliyaji/Herd/powerhouse/boa-intelligence/laravel-project-analyzer/src/../config/project-analyzer.php): Failed to open stream: No such file or directory {"exception":"[object] (ErrorException(code: 0): require(/Users/pauliyaji/Herd/powerhouse/boa-intelligence/laravel-project-analyzer/src/../config/project-analyzer.php): Failed to open stream: No such file or directory at /Users/pauliyaji/Herd/powerhouse/vendor/laravel/framework/src/Illuminate/Support/ServiceProvider.php:169)
[stacktrace]
#0 /Users/pauliyaji/Herd/powerhouse/vendor/laravel/framework/src/Illuminate/Foundation/Bootstrap/HandleExceptions.php(258): Illuminate\\Foundation\\Bootstrap\\HandleExceptions->handleError(2, 'require(/Users/...', '/Users/pauliyaj...', 169)
#1 /Users/pauliyaji/Herd/powerhouse/vendor/laravel/framework/src/Illuminate/Support/ServiceProvider.php(169): Illuminate\\Foundation\\Bootstrap\\HandleExceptions->{closure:Illuminate\\Foundation\\Bootstrap\\HandleExceptions::forwardsTo():257}(2, 'require(/Users/...', '/Users/pauliyaj...', 169)
#2 /Users/pauliyaji/Herd/powerhouse/vendor/laravel/framework/src/Illuminate/Support/ServiceProvider.php(169): require('/Users/pauliyaj...')
#3 /Users/pauliyaji/Herd/powerhouse/boa-intelligence/laravel-project-analyzer/src/ProjectAnalyzerServiceProvider.php(49): Illuminate\\Support\\ServiceProvider->mergeConfigFrom('/Users/pauliyaj...', 'project-analyze...')
#4 /Users/pauliyaji/Herd/powerhouse/vendor/laravel/framework/src/Illuminate/Foundation/Application.php(896): ProjectAnalyzer\\ProjectAnalyzerServiceProvider->register()
#5 /Users/pauliyaji/Herd/powerhouse/vendor/laravel/framework/src/Illuminate/Foundation/ProviderRepository.php(74): Illuminate\\Foundation\\Application->register(Object(ProjectAnalyzer\\ProjectAnalyzerServiceProvider))
#6 /Users/pauliyaji/Herd/powerhouse/vendor/laravel/framework/src/Illuminate/Foundation/Application.php(871): Illuminate\\Foundation\\ProviderRepository->load(Array)
#7 /Users/pauliyaji/Herd/powerhouse/vendor/laravel/framework/src/Illuminate/Foundation/Bootstrap/RegisterProviders.php(37): Illuminate\\Foundation\\Application->registerConfiguredProviders()
#8 /Users/pauliyaji/Herd/powerhouse/vendor/laravel/framework/src/Illuminate/Foundation/Application.php(342): Illuminate\\Foundation\\Bootstrap\\RegisterProviders->bootstrap(Object(Illuminate\\Foundation\\Application))
#9 /Users/pauliyaji/Herd/powerhouse/vendor/laravel/framework/src/Illuminate/Foundation/Console/Kernel.php(494): Illuminate\\Foundation\\Application->bootstrapWith(Array)
#10 /Users/pauliyaji/Herd/powerhouse/vendor/laravel/framework/src/Illuminate/Foundation/Console/Kernel.php(196): Illuminate\\Foundation\\Console\\Kernel->bootstrap()
#11 Command line code(1): Illuminate\\Foundation\\Console\\Kernel->handle(Object(Symfony\\Component\\Console\\Input\\ArgvInput), Object(Symfony\\Component\\Console\\Output\\ConsoleOutput))
#12 {main}
"} 
[2026-07-04 16:37:23] local.ERROR: include(/Users/pauliyaji/Herd/powerhouse/vendor/composer/../boa-intelligence/laravel-project-analyzer/src/ProjectAnalyzerServiceProvider.php): Failed to open stream: No such file or directory {"exception":"[object] (ErrorException(code: 0): include(/Users/pauliyaji/Herd/powerhouse/vendor/composer/../boa-intelligence/laravel-project-analyzer/src/ProjectAnalyzerServiceProvider.php): Failed to open stream: No such file or directory at /Users/pauliyaji/Herd/powerhouse/vendor/composer/ClassLoader.php:576)
[stacktrace]
#0 /Users/pauliyaji/Herd/powerhouse/vendor/laravel/framework/src/Illuminate/Foundation/Bootstrap/HandleExceptions.php(258): Illuminate\\Foundation\\Bootstrap\\HandleExceptions->handleError(2, 'include(/Users/...', '/Users/pauliyaj...', 576)
#1 /Users/pauliyaji/Herd/powerhouse/vendor/composer/ClassLoader.php(576): Illuminate\\Foundation\\Bootstrap\\HandleExceptions->{closure:Illuminate\\Foundation\\Bootstrap\\HandleExceptions::forwardsTo():257}(2, 'include(/Users/...', '/Users/pauliyaj...', 576)
#2 /Users/pauliyaji/Herd/powerhouse/vendor/composer/ClassLoader.php(576): include('/Users/pauliyaj...')
#3 /Users/pauliyaji/Herd/powerhouse/vendor/composer/ClassLoader.php(427): {closure:Composer\\Autoload\\ClassLoader::initializeIncludeClosure():575}('/Users/pauliyaj...')
#4 /Users/pauliyaji/Herd/powerhouse/vendor/laravel/framework/src/Illuminate/Foundation/Application.php(961): Composer\\Autoload\\ClassLoader->loadClass('ProjectAnalyzer...')
#5 /Users/pauliyaji/Herd/powerhouse/vendor/laravel/framework/src/Illuminate/Foundation/Application.php(893): Illuminate\\Foundation\\Application->resolveProvider('ProjectAnalyzer...')
#6 /Users/pauliyaji/Herd/powerhouse/vendor/laravel/framework/src/Illuminate/Foundation/ProviderRepository.php(74): Illuminate\\Foundation\\Application->register('ProjectAnalyzer...')
#7 /Users/pauliyaji/Herd/powerhouse/vendor/laravel/framework/src/Illuminate/Foundation/Application.php(871): Illuminate\\Foundation\\ProviderRepository->load(Array)
#8 /Users/pauliyaji/Herd/powerhouse/vendor/laravel/framework/src/Illuminate/Foundation/Bootstrap/RegisterProviders.php(37): Illuminate\\Foundation\\Application->registerConfiguredProviders()
#9 /Users/pauliyaji/Herd/powerhouse/vendor/laravel/framework/src/Illuminate/Foundation/Application.php(342): Illuminate\\Foundation\\Bootstrap\\RegisterProviders->bootstrap(Object(Illuminate\\Foundation\\Application))
#10 /Users/pauliyaji/Herd/powerhouse/vendor/laravel/framework/src/Illuminate/Foundation/Console/Kernel.php(494): Illuminate\\Foundation\\Application->bootstrapWith(Array)
#11 /Users/pauliyaji/Herd/powerhouse/vendor/laravel/framework/src/Illuminate/Foundation/Console/Kernel.php(196): Illuminate\\Foundation\\Console\\Kernel->bootstrap()
#12 Command line code(1): Illuminate\\Foundation\\Console\\Kernel->handle(Object(Symfony\\Component\\Console\\Input\\ArgvInput), Object(Symfony\\Component\\Console\\Output\\ConsoleOutput))
#13 {main}
"} 
[2026-07-04 16:37:23] local.ERROR: include(/Users/pauliyaji/Herd/powerhouse/vendor/composer/../boa-intelligence/laravel-project-analyzer/src/ProjectAnalyzerServiceProvider.php): Failed to open stream: No such file or directory {"exception":"[object] (ErrorException(code: 0): include(/Users/pauliyaji/Herd/powerhouse/vendor/composer/../boa-intelligence/laravel-project-analyzer/src/ProjectAnalyzerServiceProvider.php): Failed to open stream: No such file or directory at /Users/pauliyaji/Herd/powerhouse/vendor/composer/ClassLoader.php:576)
[stacktrace]
#0 /Users/pauliyaji/Herd/powerhouse/vendor/laravel/framework/src/Illuminate/Foundation/Bootstrap/HandleExceptions.php(258): Illuminate\\Foundation\\Bootstrap\\HandleExceptions->handleError(2, 'include(/Users/...', '/Users/pauliyaj...', 576)
#1 /Users/pauliyaji/Herd/powerhouse/vendor/composer/ClassLoader.php(576): Illuminate\\Foundation\\Bootstrap\\HandleExceptions->{closure:Illuminate\\Foundation\\Bootstrap\\HandleExceptions::forwardsTo():257}(2, 'include(/Users/...', '/Users/pauliyaj...', 576)
#2 /Users/pauliyaji/Herd/powerhouse/vendor/composer/ClassLoader.php(576): include('/Users/pauliyaj...')
#3 /Users/pauliyaji/Herd/powerhouse/vendor/composer/ClassLoader.php(427): {closure:Composer\\Autoload\\ClassLoader::initializeIncludeClosure():575}('/Users/pauliyaj...')
#4 /Users/pauliyaji/Herd/powerhouse/vendor/laravel/framework/src/Illuminate/Foundation/Application.php(961): Composer\\Autoload\\ClassLoader->loadClass('ProjectAnalyzer...')
#5 /Users/pauliyaji/Herd/powerhouse/vendor/laravel/framework/src/Illuminate/Foundation/Application.php(893): Illuminate\\Foundation\\Application->resolveProvider('ProjectAnalyzer...')
#6 /Users/pauliyaji/Herd/powerhouse/vendor/laravel/framework/src/Illuminate/Foundation/ProviderRepository.php(74): Illuminate\\Foundation\\Application->register('ProjectAnalyzer...')
#7 /Users/pauliyaji/Herd/powerhouse/vendor/laravel/framework/src/Illuminate/Foundation/Application.php(871): Illuminate\\Foundation\\ProviderRepository->load(Array)
#8 /Users/pauliyaji/Herd/powerhouse/vendor/laravel/framework/src/Illuminate/Foundation/Bootstrap/RegisterProviders.php(37): Illuminate\\Foundation\\Application->registerConfiguredProviders()
#9 /Users/pauliyaji/Herd/powerhouse/vendor/laravel/framework/src/Illuminate/Foundation/Application.php(342): Illuminate\\Foundation\\Bootstrap\\RegisterProviders->bootstrap(Object(Illuminate\\Foundation\\Application))
#10 /Users/pauliyaji/Herd/powerhouse/vendor/laravel/framework/src/Illuminate/Foundation/Console/Kernel.php(494): Illuminate\\Foundation\\Application->bootstrapWith(Array)
#11 /Users/pauliyaji/Herd/powerhouse/vendor/laravel/framework/src/Illuminate/Foundation/Console/Kernel.php(196): Illuminate\\Foundation\\Console\\Kernel->bootstrap()
#12 Command line code(1): Illuminate\\Foundation\\Console\\Kernel->handle(Object(Symfony\\Component\\Console\\Input\\ArgvInput), Object(Symfony\\Component\\Console\\Output\\ConsoleOutput))
#13 {main}
"} 
[2026-07-04 16:37:23] local.ERROR: include(/Users/pauliyaji/Herd/powerhouse/vendor/composer/../boa-intelligence/laravel-project-analyzer/src/ProjectAnalyzerServiceProvider.php): Failed to open stream: No such file or directory {"exception":"[object] (ErrorException(code: 0): include(/Users/pauliyaji/Herd/powerhouse/vendor/composer/../boa-intelligence/laravel-project-analyzer/src/ProjectAnalyzerServiceProvider.php): Failed to open stream: No such file or directory at /Users/pauliyaji/Herd/powerhouse/vendor/composer/ClassLoader.php:576)
[stacktrace]
#0 /Users/pauliyaji/Herd/powerhouse/vendor/laravel/framework/src/Illuminate/Foundation/Bootstrap/HandleExceptions.php(258): Illuminate\\Foundation\\Bootstrap\\HandleExceptions->handleError(2, 'include(/Users/...', '/Users/pauliyaj...', 576)
#1 /Users/pauliyaji/Herd/powerhouse/vendor/composer/ClassLoader.php(576): Illuminate\\Foundation\\Bootstrap\\HandleExceptions->{closure:Illuminate\\Foundation\\Bootstrap\\HandleExceptions::forwardsTo():257}(2, 'include(/Users/...', '/Users/pauliyaj...', 576)
#2 /Users/pauliyaji/Herd/powerhouse/vendor/composer/ClassLoader.php(576): include('/Users/pauliyaj...')
#3 /Users/pauliyaji/Herd/powerhouse/vendor/composer/ClassLoader.php(427): {closure:Composer\\Autoload\\ClassLoader::initializeIncludeClosure():575}('/Users/pauliyaj...')
#4 /Users/pauliyaji/Herd/powerhouse/vendor/laravel/framework/src/Illuminate/Foundation/Application.php(961): Composer\\Autoload\\ClassLoader->loadClass('ProjectAnalyzer...')
#5 /Users/pauliyaji/Herd/powerhouse/vendor/laravel/framework/src/Illuminate/Foundation/Application.php(893): Illuminate\\Foundation\\Application->resolveProvider('ProjectAnalyzer...')
#6 /Users/pauliyaji/Herd/powerhouse/vendor/laravel/framework/src/Illuminate/Foundation/ProviderRepository.php(74): Illuminate\\Foundation\\Application->register('ProjectAnalyzer...')
#7 /Users/pauliyaji/Herd/powerhouse/vendor/laravel/framework/src/Illuminate/Foundation/Application.php(871): Illuminate\\Foundation\\ProviderRepository->load(Array)
#8 /Users/pauliyaji/Herd/powerhouse/vendor/laravel/framework/src/Illuminate/Foundation/Bootstrap/RegisterProviders.php(37): Illuminate\\Foundation\\Application->registerConfiguredProviders()
#9 /Users/pauliyaji/Herd/powerhouse/vendor/laravel/framework/src/Illuminate/Foundation/Application.php(342): Illuminate\\Foundation\\Bootstrap\\RegisterProviders->bootstrap(Object(Illuminate\\Foundation\\Application))
#10 /Users/pauliyaji/Herd/powerhouse/vendor/laravel/framework/src/Illuminate/Foundation/Console/Kernel.php(494): Illuminate\\Foundation\\Application->bootstrapWith(Array)
#11 /Users/pauliyaji/Herd/powerhouse/vendor/laravel/framework/src/Illuminate/Foundation/Console/Kernel.php(196): Illuminate\\Foundation\\Console\\Kernel->bootstrap()
#12 Command line code(1): Illuminate\\Foundation\\Console\\Kernel->handle(Object(Symfony\\Component\\Console\\Input\\ArgvInput), Object(Symfony\\Component\\Console\\Output\\ConsoleOutput))
#13 {main}
"} 
[2026-07-04 16:37:23] local.ERROR: include(/Users/pauliyaji/Herd/powerhouse/vendor/composer/../boa-intelligence/laravel-project-analyzer/src/ProjectAnalyzerServiceProvider.php): Failed to open stream: No such file or directory {"exception":"[object] (ErrorException(code: 0): include(/Users/pauliyaji/Herd/powerhouse/vendor/composer/../boa-intelligence/laravel-project-analyzer/src/ProjectAnalyzerServiceProvider.php): Failed to open stream: No such file or directory at /Users/pauliyaji/Herd/powerhouse/vendor/composer/ClassLoader.php:576)
[stacktrace]
#0 /Users/pauliyaji/Herd/powerhouse/vendor/laravel/framework/src/Illuminate/Foundation/Bootstrap/HandleExceptions.php(258): Illuminate\\Foundation\\Bootstrap\\HandleExceptions->handleError(2, 'include(/Users/...', '/Users/pauliyaj...', 576)
#1 /Users/pauliyaji/Herd/powerhouse/vendor/composer/ClassLoader.php(576): Illuminate\\Foundation\\Bootstrap\\HandleExceptions->{closure:Illuminate\\Foundation\\Bootstrap\\HandleExceptions::forwardsTo():257}(2, 'include(/Users/...', '/Users/pauliyaj...', 576)
#2 /Users/pauliyaji/Herd/powerhouse/vendor/composer/ClassLoader.php(576): include('/Users/pauliyaj...')
#3 /Users/pauliyaji/Herd/powerhouse/vendor/composer/ClassLoader.php(427): {closure:Composer\\Autoload\\ClassLoader::initializeIncludeClosure():575}('/Users/pauliyaj...')
#4 /Users/pauliyaji/Herd/powerhouse/vendor/laravel/framework/src/Illuminate/Foundation/Application.php(961): Composer\\Autoload\\ClassLoader->loadClass('ProjectAnalyzer...')
#5 /Users/pauliyaji/Herd/powerhouse/vendor/laravel/framework/src/Illuminate/Foundation/Application.php(893): Illuminate\\Foundation\\Application->resolveProvider('ProjectAnalyzer...')
#6 /Users/pauliyaji/Herd/powerhouse/vendor/laravel/framework/src/Illuminate/Foundation/ProviderRepository.php(74): Illuminate\\Foundation\\Application->register('ProjectAnalyzer...')
#7 /Users/pauliyaji/Herd/powerhouse/vendor/laravel/framework/src/Illuminate/Foundation/Application.php(871): Illuminate\\Foundation\\ProviderRepository->load(Array)
#8 /Users/pauliyaji/Herd/powerhouse/vendor/laravel/framework/src/Illuminate/Foundation/Bootstrap/RegisterProviders.php(37): Illuminate\\Foundation\\Application->registerConfiguredProviders()
#9 /Users/pauliyaji/Herd/powerhouse/vendor/laravel/framework/src/Illuminate/Foundation/Application.php(342): Illuminate\\Foundation\\Bootstrap\\RegisterProviders->bootstrap(Object(Illuminate\\Foundation\\Application))
#10 /Users/pauliyaji/Herd/powerhouse/vendor/laravel/framework/src/Illuminate/Foundation/Console/Kernel.php(494): Illuminate\\Foundation\\Application->bootstrapWith(Array)
#11 /Users/pauliyaji/Herd/powerhouse/vendor/laravel/framework/src/Illuminate/Foundation/Console/Kernel.php(196): Illuminate\\Foundation\\Console\\Kernel->bootstrap()
#12 Command line code(1): Illuminate\\Foundation\\Console\\Kernel->handle(Object(Symfony\\Component\\Console\\Input\\ArgvInput), Object(Symfony\\Component\\Console\\Output\\ConsoleOutput))
#13 {main}
"} 
[2026-07-04 16:37:23] local.ERROR: include(/Users/pauliyaji/Herd/powerhouse/vendor/composer/../boa-intelligence/laravel-project-analyzer/src/ProjectAnalyzerServiceProvider.php): Failed to open stream: No such file or directory {"exception":"[object] (ErrorException(code: 0): include(/Users/pauliyaji/Herd/powerhouse/vendor/composer/../boa-intelligence/laravel-project-analyzer/src/ProjectAnalyzerServiceProvider.php): Failed to open stream: No such file or directory at /Users/pauliyaji/Herd/powerhouse/vendor/composer/ClassLoader.php:576)
[stacktrace]
#0 /Users/pauliyaji/Herd/powerhouse/vendor/laravel/framework/src/Illuminate/Foundation/Bootstrap/HandleExceptions.php(258): Illuminate\\Foundation\\Bootstrap\\HandleExceptions->handleError(2, 'include(/Users/...', '/Users/pauliyaj...', 576)
#1 /Users/pauliyaji/Herd/powerhouse/vendor/composer/ClassLoader.php(576): Illuminate\\Foundation\\Bootstrap\\HandleExceptions->{closure:Illuminate\\Foundation\\Bootstrap\\HandleExceptions::forwardsTo():257}(2, 'include(/Users/...', '/Users/pauliyaj...', 576)
#2 /Users/pauliyaji/Herd/powerhouse/vendor/composer/ClassLoader.php(576): include('/Users/pauliyaj...')
#3 /Users/pauliyaji/Herd/powerhouse/vendor/composer/ClassLoader.php(427): {closure:Composer\\Autoload\\ClassLoader::initializeIncludeClosure():575}('/Users/pauliyaj...')
#4 /Users/pauliyaji/Herd/powerhouse/vendor/laravel/framework/src/Illuminate/Foundation/Application.php(961): Composer\\Autoload\\ClassLoader->loadClass('ProjectAnalyzer...')
#5 /Users/pauliyaji/Herd/powerhouse/vendor/laravel/framework/src/Illuminate/Foundation/Application.php(893): Illuminate\\Foundation\\Application->resolveProvider('ProjectAnalyzer...')
#6 /Users/pauliyaji/Herd/powerhouse/vendor/laravel/framework/src/Illuminate/Foundation/ProviderRepository.php(74): Illuminate\\Foundation\\Application->register('ProjectAnalyzer...')
#7 /Users/pauliyaji/Herd/powerhouse/vendor/laravel/framework/src/Illuminate/Foundation/Application.php(871): Illuminate\\Foundation\\ProviderRepository->load(Array)
#8 /Users/pauliyaji/Herd/powerhouse/vendor/laravel/framework/src/Illuminate/Foundation/Bootstrap/RegisterProviders.php(37): Illuminate\\Foundation\\Application->registerConfiguredProviders()
#9 /Users/pauliyaji/Herd/powerhouse/vendor/laravel/framework/src/Illuminate/Foundation/Application.php(342): Illuminate\\Foundation\\Bootstrap\\RegisterProviders->bootstrap(Object(Illuminate\\Foundation\\Application))
#10 /Users/pauliyaji/Herd/powerhouse/vendor/laravel/framework/src/Illuminate/Foundation/Console/Kernel.php(494): Illuminate\\Foundation\\Application->bootstrapWith(Array)
#11 /Users/pauliyaji/Herd/powerhouse/vendor/laravel/framework/src/Illuminate/Foundation/Console/Kernel.php(196): Illuminate\\Foundation\\Console\\Kernel->bootstrap()
#12 Command line code(1): Illuminate\\Foundation\\Console\\Kernel->handle(Object(Symfony\\Component\\Console\\Input\\ArgvInput), Object(Symfony\\Component\\Console\\Output\\ConsoleOutput))
#13 {main}
"} 
[2026-07-04 16:37:23] local.ERROR: include(/Users/pauliyaji/Herd/powerhouse/vendor/composer/../boa-intelligence/laravel-project-analyzer/src/ProjectAnalyzerServiceProvider.php): Failed to open stream: No such file or directory {"exception":"[object] (ErrorException(code: 0): include(/Users/pauliyaji/Herd/powerhouse/vendor/composer/../boa-intelligence/laravel-project-analyzer/src/ProjectAnalyzerServiceProvider.php): Failed to open stream: No such file or directory at /Users/pauliyaji/Herd/powerhouse/vendor/composer/ClassLoader.php:576)
[stacktrace]
#0 /Users/pauliyaji/Herd/powerhouse/vendor/laravel/framework/src/Illuminate/Foundation/Bootstrap/HandleExceptions.php(258): Illuminate\\Foundation\\Bootstrap\\HandleExceptions->handleError(2, 'include(/Users/...', '/Users/pauliyaj...', 576)
#1 /Users/pauliyaji/Herd/powerhouse/vendor/composer/ClassLoader.php(576): Illuminate\\Foundation\\Bootstrap\\HandleExceptions->{closure:Illuminate\\Foundation\\Bootstrap\\HandleExceptions::forwardsTo():257}(2, 'include(/Users/...', '/Users/pauliyaj...', 576)
#2 /Users/pauliyaji/Herd/powerhouse/vendor/composer/ClassLoader.php(576): include('/Users/pauliyaj...')
#3 /Users/pauliyaji/Herd/powerhouse/vendor/composer/ClassLoader.php(427): {closure:Composer\\Autoload\\ClassLoader::initializeIncludeClosure():575}('/Users/pauliyaj...')
#4 /Users/pauliyaji/Herd/powerhouse/vendor/laravel/framework/src/Illuminate/Foundation/Application.php(961): Composer\\Autoload\\ClassLoader->loadClass('ProjectAnalyzer...')
#5 /Users/pauliyaji/Herd/powerhouse/vendor/laravel/framework/src/Illuminate/Foundation/Application.php(893): Illuminate\\Foundation\\Application->resolveProvider('ProjectAnalyzer...')
#6 /Users/pauliyaji/Herd/powerhouse/vendor/laravel/framework/src/Illuminate/Foundation/ProviderRepository.php(74): Illuminate\\Foundation\\Application->register('ProjectAnalyzer...')
#7 /Users/pauliyaji/Herd/powerhouse/vendor/laravel/framework/src/Illuminate/Foundation/Application.php(871): Illuminate\\Foundation\\ProviderRepository->load(Array)
#8 /Users/pauliyaji/Herd/powerhouse/vendor/laravel/framework/src/Illuminate/Foundation/Bootstrap/RegisterProviders.php(37): Illuminate\\Foundation\\Application->registerConfiguredProviders()
#9 /Users/pauliyaji/Herd/powerhouse/vendor/laravel/framework/src/Illuminate/Foundation/Application.php(342): Illuminate\\Foundation\\Bootstrap\\RegisterProviders->bootstrap(Object(Illuminate\\Foundation\\Application))
#10 /Users/pauliyaji/Herd/powerhouse/vendor/laravel/framework/src/Illuminate/Foundation/Console/Kernel.php(494): Illuminate\\Foundation\\Application->bootstrapWith(Array)
#11 /Users/pauliyaji/Herd/powerhouse/vendor/laravel/framework/src/Illuminate/Foundation/Console/Kernel.php(196): Illuminate\\Foundation\\Console\\Kernel->bootstrap()
#12 Command line code(1): Illuminate\\Foundation\\Console\\Kernel->handle(Object(Symfony\\Component\\Console\\Input\\ArgvInput), Object(Symfony\\Component\\Console\\Output\\ConsoleOutput))
#13 {main}
"} 
[2026-07-04 16:37:38] local.ERROR: include(/Users/pauliyaji/Herd/powerhouse/vendor/composer/../boa-intelligence/laravel-project-analyzer/src/ProjectAnalyzerServiceProvider.php): Failed to open stream: No such file or directory {"exception":"[object] (ErrorException(code: 0): include(/Users/pauliyaji/Herd/powerhouse/vendor/composer/../boa-intelligence/laravel-project-analyzer/src/ProjectAnalyzerServiceProvider.php): Failed to open stream: No such file or directory at /Users/pauliyaji/Herd/powerhouse/vendor/composer/ClassLoader.php:576)
[stacktrace]
#0 /Users/pauliyaji/Herd/powerhouse/vendor/laravel/framework/src/Illuminate/Foundation/Bootstrap/HandleExceptions.php(258): Illuminate\\Foundation\\Bootstrap\\HandleExceptions->handleError(2, 'include(/Users/...', '/Users/pauliyaj...', 576)
#1 /Users/pauliyaji/Herd/powerhouse/vendor/composer/ClassLoader.php(576): Illuminate\\Foundation\\Bootstrap\\HandleExceptions->{closure:Illuminate\\Foundation\\Bootstrap\\HandleExceptions::forwardsTo():257}(2, 'include(/Users/...', '/Users/pauliyaj...', 576)
#2 /Users/pauliyaji/Herd/powerhouse/vendor/composer/ClassLoader.php(576): include('/Users/pauliyaj...')
#3 /Users/pauliyaji/Herd/powerhouse/vendor/composer/ClassLoader.php(427): {closure:Composer\\Autoload\\ClassLoader::initializeIncludeClosure():575}('/Users/pauliyaj...')
#4 /Users/pauliyaji/Herd/powerhouse/vendor/laravel/framework/src/Illuminate/Foundation/Application.php(961): Composer\\Autoload\\ClassLoader->loadClass('ProjectAnalyzer...')
#5 /Users/pauliyaji/Herd/powerhouse/vendor/laravel/framework/src/Illuminate/Foundation/Application.php(893): Illuminate\\Foundation\\Application->resolveProvider('ProjectAnalyzer...')
#6 /Users/pauliyaji/Herd/powerhouse/vendor/laravel/framework/src/Illuminate/Foundation/ProviderRepository.php(74): Illuminate\\Foundation\\Application->register('ProjectAnalyzer...')
#7 /Users/pauliyaji/Herd/powerhouse/vendor/laravel/framework/src/Illuminate/Foundation/Application.php(871): Illuminate\\Foundation\\ProviderRepository->load(Array)
#8 /Users/pauliyaji/Herd/powerhouse/vendor/laravel/framework/src/Illuminate/Foundation/Bootstrap/RegisterProviders.php(37): Illuminate\\Foundation\\Application->registerConfiguredProviders()
#9 /Users/pauliyaji/Herd/powerhouse/vendor/laravel/framework/src/Illuminate/Foundation/Application.php(342): Illuminate\\Foundation\\Bootstrap\\RegisterProviders->bootstrap(Object(Illuminate\\Foundation\\Application))
#10 /Users/pauliyaji/Herd/powerhouse/vendor/laravel/framework/src/Illuminate/Foundation/Console/Kernel.php(494): Illuminate\\Foundation\\Application->bootstrapWith(Array)
#11 /Users/pauliyaji/Herd/powerhouse/vendor/laravel/framework/src/Illuminate/Foundation/Console/Kernel.php(196): Illuminate\\Foundation\\Console\\Kernel->bootstrap()
#12 Command line code(1): Illuminate\\Foundation\\Console\\Kernel->handle(Object(Symfony\\Component\\Console\\Input\\ArgvInput), Object(Symfony\\Component\\Console\\Output\\ConsoleOutput))
#13 {main}
"} 
[2026-07-04 16:37:38] local.ERROR: Uncaught ReflectionException: Class "translator" does not exist in /Users/pauliyaji/Herd/powerhouse/vendor/laravel/framework/src/Illuminate/Container/Container.php:1122
Stack trace:
#0 /Users/pauliyaji/Herd/powerhouse/vendor/laravel/framework/src/Illuminate/Container/Container.php(1122): ReflectionClass->__construct('translator')
#1 /Users/pauliyaji/Herd/powerhouse/vendor/laravel/framework/src/Illuminate/Container/Container.php(933): Illuminate\Container\Container->build('translator')
#2 /Users/pauliyaji/Herd/powerhouse/vendor/laravel/framework/src/Illuminate/Foundation/Application.php(1078): Illuminate\Container\Container->resolve('translator', Array, true)
#3 /Users/pauliyaji/Herd/powerhouse/vendor/laravel/framework/src/Illuminate/Container/Container.php(864): Illuminate\Foundation\Application->resolve('translator', Array)
#4 /Users/pauliyaji/Herd/powerhouse/vendor/laravel/framework/src/Illuminate/Foundation/Application.php(1058): Illuminate\Container\Container->make('translator', Array)
#5 /Users/pauliyaji/Herd/powerhouse/vendor/laravel/framework/src/Illuminate/Foundation/helpers.php(138): Illuminate\Foundation\Application->make('translator', Array)
#6 Command line code(1): app('translator')
#7 {main}

Next Illuminate\Contracts\Container\BindingResolutionException: Target class [translator] does not exist. in /Users/pauliyaji/Herd/powerhouse/vendor/laravel/framework/src/Illuminate/Container/Container.php:1124
Stack trace:
#0 /Users/pauliyaji/Herd/powerhouse/vendor/laravel/framework/src/Illuminate/Container/Container.php(933): Illuminate\Container\Container->build('translator')
#1 /Users/pauliyaji/Herd/powerhouse/vendor/laravel/framework/src/Illuminate/Foundation/Application.php(1078): Illuminate\Container\Container->resolve('translator', Array, true)
#2 /Users/pauliyaji/Herd/powerhouse/vendor/laravel/framework/src/Illuminate/Container/Container.php(864): Illuminate\Foundation\Application->resolve('translator', Array)
#3 /Users/pauliyaji/Herd/powerhouse/vendor/laravel/framework/src/Illuminate/Foundation/Application.php(1058): Illuminate\Container\Container->make('translator', Array)
#4 /Users/pauliyaji/Herd/powerhouse/vendor/laravel/framework/src/Illuminate/Foundation/helpers.php(138): Illuminate\Foundation\Application->make('translator', Array)
#5 Command line code(1): app('translator')
#6 {main}
  thrown {"exception":"[object] (Symfony\\Component\\ErrorHandler\\Error\\FatalError(code: 0): Uncaught ReflectionException: Class \"translator\" does not exist in /Users/pauliyaji/Herd/powerhouse/vendor/laravel/framework/src/Illuminate/Container/Container.php:1122
Stack trace:
#0 /Users/pauliyaji/Herd/powerhouse/vendor/laravel/framework/src/Illuminate/Container/Container.php(1122): ReflectionClass->__construct('translator')
#1 /Users/pauliyaji/Herd/powerhouse/vendor/laravel/framework/src/Illuminate/Container/Container.php(933): Illuminate\\Container\\Container->build('translator')
#2 /Users/pauliyaji/Herd/powerhouse/vendor/laravel/framework/src/Illuminate/Foundation/Application.php(1078): Illuminate\\Container\\Container->resolve('translator', Array, true)
#3 /Users/pauliyaji/Herd/powerhouse/vendor/laravel/framework/src/Illuminate/Container/Container.php(864): Illuminate\\Foundation\\Application->resolve('translator', Array)
#4 /Users/pauliyaji/Herd/powerhouse/vendor/laravel/framework/src/Illuminate/Foundation/Application.php(1058): Illuminate\\Container\\Container->make('translator', Array)
#5 /Users/pauliyaji/Herd/powerhouse/vendor/laravel/framework/src/Illuminate/Foundation/helpers.php(138): Illuminate\\Foundation\\Application->make('translator', Array)
#6 Command line code(1): app('translator')
#7 {main}

Next Illuminate\\Contracts\\Container\\BindingResolutionException: Target class [translator] does not exist. in /Users/pauliyaji/Herd/powerhouse/vendor/laravel/framework/src/Illuminate/Container/Container.php:1124
Stack trace:
#0 /Users/pauliyaji/Herd/powerhouse/vendor/laravel/framework/src/Illuminate/Container/Container.php(933): Illuminate\\Container\\Container->build('translator')
#1 /Users/pauliyaji/Herd/powerhouse/vendor/laravel/framework/src/Illuminate/Foundation/Application.php(1078): Illuminate\\Container\\Container->resolve('translator', Array, true)
#2 /Users/pauliyaji/Herd/powerhouse/vendor/laravel/framework/src/Illuminate/Container/Container.php(864): Illuminate\\Foundation\\Application->resolve('translator', Array)
#3 /Users/pauliyaji/Herd/powerhouse/vendor/laravel/framework/src/Illuminate/Foundation/Application.php(1058): Illuminate\\Container\\Container->make('translator', Array)
#4 /Users/pauliyaji/Herd/powerhouse/vendor/laravel/framework/src/Illuminate/Foundation/helpers.php(138): Illuminate\\Foundation\\Application->make('translator', Array)
#5 Command line code(1): app('translator')
#6 {main}
  thrown at /Users/pauliyaji/Herd/powerhouse/vendor/laravel/framework/src/Illuminate/Container/Container.php:1124)
[stacktrace]
#0 {main}
"} 
[2026-07-04 16:37:38] local.ERROR: include(/Users/pauliyaji/Herd/powerhouse/vendor/composer/../boa-intelligence/laravel-project-analyzer/src/ProjectAnalyzerServiceProvider.php): Failed to open stream: No such file or directory {"exception":"[object] (ErrorException(code: 0): include(/Users/pauliyaji/Herd/powerhouse/vendor/composer/../boa-intelligence/laravel-project-analyzer/src/ProjectAnalyzerServiceProvider.php): Failed to open stream: No such file or directory at /Users/pauliyaji/Herd/powerhouse/vendor/composer/ClassLoader.php:576)
[stacktrace]
#0 /Users/pauliyaji/Herd/powerhouse/vendor/laravel/framework/src/Illuminate/Foundation/Bootstrap/HandleExceptions.php(258): Illuminate\\Foundation\\Bootstrap\\HandleExceptions->handleError(2, 'include(/Users/...', '/Users/pauliyaj...', 576)
#1 /Users/pauliyaji/Herd/powerhouse/vendor/composer/ClassLoader.php(576): Illuminate\\Foundation\\Bootstrap\\HandleExceptions->{closure:Illuminate\\Foundation\\Bootstrap\\HandleExceptions::forwardsTo():257}(2, 'include(/Users/...', '/Users/pauliyaj...', 576)
#2 /Users/pauliyaji/Herd/powerhouse/vendor/composer/ClassLoader.php(576): include('/Users/pauliyaj...')
#3 /Users/pauliyaji/Herd/powerhouse/vendor/composer/ClassLoader.php(427): {closure:Composer\\Autoload\\ClassLoader::initializeIncludeClosure():575}('/Users/pauliyaj...')
#4 /Users/pauliyaji/Herd/powerhouse/vendor/laravel/framework/src/Illuminate/Foundation/Application.php(961): Composer\\Autoload\\ClassLoader->loadClass('ProjectAnalyzer...')
#5 /Users/pauliyaji/Herd/powerhouse/vendor/laravel/framework/src/Illuminate/Foundation/Application.php(893): Illuminate\\Foundation\\Application->resolveProvider('ProjectAnalyzer...')
#6 /Users/pauliyaji/Herd/powerhouse/vendor/laravel/framework/src/Illuminate/Foundation/ProviderRepository.php(74): Illuminate\\Foundation\\Application->register('ProjectAnalyzer...')
#7 /Users/pauliyaji/Herd/powerhouse/vendor/laravel/framework/src/Illuminate/Foundation/Application.php(871): Illuminate\\Foundation\\ProviderRepository->load(Array)
#8 /Users/pauliyaji/Herd/powerhouse/vendor/laravel/framework/src/Illuminate/Foundation/Bootstrap/RegisterProviders.php(37): Illuminate\\Foundation\\Application->registerConfiguredProviders()
#9 /Users/pauliyaji/Herd/powerhouse/vendor/laravel/framework/src/Illuminate/Foundation/Application.php(342): Illuminate\\Foundation\\Bootstrap\\RegisterProviders->bootstrap(Object(Illuminate\\Foundation\\Application))
#10 /Users/pauliyaji/Herd/powerhouse/vendor/laravel/framework/src/Illuminate/Foundation/Console/Kernel.php(494): Illuminate\\Foundation\\Application->bootstrapWith(Array)
#11 /Users/pauliyaji/Herd/powerhouse/vendor/laravel/framework/src/Illuminate/Foundation/Console/Kernel.php(196): Illuminate\\Foundation\\Console\\Kernel->bootstrap()
#12 Command line code(1): Illuminate\\Foundation\\Console\\Kernel->handle(Object(Symfony\\Component\\Console\\Input\\ArgvInput), Object(Symfony\\Component\\Console\\Output\\ConsoleOutput))
#13 {main}
"} 
[2026-07-04 16:37:38] local.ERROR: include(/Users/pauliyaji/Herd/powerhouse/vendor/composer/../boa-intelligence/laravel-project-analyzer/src/ProjectAnalyzerServiceProvider.php): Failed to open stream: No such file or directory {"exception":"[object] (ErrorException(code: 0): include(/Users/pauliyaji/Herd/powerhouse/vendor/composer/../boa-intelligence/laravel-project-analyzer/src/ProjectAnalyzerServiceProvider.php): Failed to open stream: No such file or directory at /Users/pauliyaji/Herd/powerhouse/vendor/composer/ClassLoader.php:576)
[stacktrace]
#0 /Users/pauliyaji/Herd/powerhouse/vendor/laravel/framework/src/Illuminate/Foundation/Bootstrap/HandleExceptions.php(258): Illuminate\\Foundation\\Bootstrap\\HandleExceptions->handleError(2, 'include(/Users/...', '/Users/pauliyaj...', 576)
#1 /Users/pauliyaji/Herd/powerhouse/vendor/composer/ClassLoader.php(576): Illuminate\\Foundation\\Bootstrap\\HandleExceptions->{closure:Illuminate\\Foundation\\Bootstrap\\HandleExceptions::forwardsTo():257}(2, 'include(/Users/...', '/Users/pauliyaj...', 576)
#2 /Users/pauliyaji/Herd/powerhouse/vendor/composer/ClassLoader.php(576): include('/Users/pauliyaj...')
#3 /Users/pauliyaji/Herd/powerhouse/vendor/composer/ClassLoader.php(427): {closure:Composer\\Autoload\\ClassLoader::initializeIncludeClosure():575}('/Users/pauliyaj...')
#4 /Users/pauliyaji/Herd/powerhouse/vendor/laravel/framework/src/Illuminate/Foundation/Application.php(961): Composer\\Autoload\\ClassLoader->loadClass('ProjectAnalyzer...')
#5 /Users/pauliyaji/Herd/powerhouse/vendor/laravel/framework/src/Illuminate/Foundation/Application.php(893): Illuminate\\Foundation\\Application->resolveProvider('ProjectAnalyzer...')
#6 /Users/pauliyaji/Herd/powerhouse/vendor/laravel/framework/src/Illuminate/Foundation/ProviderRepository.php(74): Illuminate\\Foundation\\Application->register('ProjectAnalyzer...')
#7 /Users/pauliyaji/Herd/powerhouse/vendor/laravel/framework/src/Illuminate/Foundation/Application.php(871): Illuminate\\Foundation\\ProviderRepository->load(Array)
#8 /Users/pauliyaji/Herd/powerhouse/vendor/laravel/framework/src/Illuminate/Foundation/Bootstrap/RegisterProviders.php(37): Illuminate\\Foundation\\Application->registerConfiguredProviders()
#9 /Users/pauliyaji/Herd/powerhouse/vendor/laravel/framework/src/Illuminate/Foundation/Application.php(342): Illuminate\\Foundation\\Bootstrap\\RegisterProviders->bootstrap(Object(Illuminate\\Foundation\\Application))
#10 /Users/pauliyaji/Herd/powerhouse/vendor/laravel/framework/src/Illuminate/Foundation/Console/Kernel.php(494): Illuminate\\Foundation\\Application->bootstrapWith(Array)
#11 /Users/pauliyaji/Herd/powerhouse/vendor/laravel/framework/src/Illuminate/Foundation/Console/Kernel.php(196): Illuminate\\Foundation\\Console\\Kernel->bootstrap()
#12 Command line code(1): Illuminate\\Foundation\\Console\\Kernel->handle(Object(Symfony\\Component\\Console\\Input\\ArgvInput), Object(Symfony\\Component\\Console\\Output\\ConsoleOutput))
#13 {main}
"} 
[2026-07-04 16:37:38] local.ERROR: include(/Users/pauliyaji/Herd/powerhouse/vendor/composer/../boa-intelligence/laravel-project-analyzer/src/ProjectAnalyzerServiceProvider.php): Failed to open stream: No such file or directory {"exception":"[object] (ErrorException(code: 0): include(/Users/pauliyaji/Herd/powerhouse/vendor/composer/../boa-intelligence/laravel-project-analyzer/src/ProjectAnalyzerServiceProvider.php): Failed to open stream: No such file or directory at /Users/pauliyaji/Herd/powerhouse/vendor/composer/ClassLoader.php:576)
[stacktrace]
#0 /Users/pauliyaji/Herd/powerhouse/vendor/laravel/framework/src/Illuminate/Foundation/Bootstrap/HandleExceptions.php(258): Illuminate\\Foundation\\Bootstrap\\HandleExceptions->handleError(2, 'include(/Users/...', '/Users/pauliyaj...', 576)
#1 /Users/pauliyaji/Herd/powerhouse/vendor/composer/ClassLoader.php(576): Illuminate\\Foundation\\Bootstrap\\HandleExceptions->{closure:Illuminate\\Foundation\\Bootstrap\\HandleExceptions::forwardsTo():257}(2, 'include(/Users/...', '/Users/pauliyaj...', 576)
#2 /Users/pauliyaji/Herd/powerhouse/vendor/composer/ClassLoader.php(576): include('/Users/pauliyaj...')
#3 /Users/pauliyaji/Herd/powerhouse/vendor/composer/ClassLoader.php(427): {closure:Composer\\Autoload\\ClassLoader::initializeIncludeClosure():575}('/Users/pauliyaj...')
#4 /Users/pauliyaji/Herd/powerhouse/vendor/laravel/framework/src/Illuminate/Foundation/Application.php(961): Composer\\Autoload\\ClassLoader->loadClass('ProjectAnalyzer...')
#5 /Users/pauliyaji/Herd/powerhouse/vendor/laravel/framework/src/Illuminate/Foundation/Application.php(893): Illuminate\\Foundation\\Application->resolveProvider('ProjectAnalyzer...')
#6 /Users/pauliyaji/Herd/powerhouse/vendor/laravel/framework/src/Illuminate/Foundation/ProviderRepository.php(74): Illuminate\\Foundation\\Application->register('ProjectAnalyzer...')
#7 /Users/pauliyaji/Herd/powerhouse/vendor/laravel/framework/src/Illuminate/Foundation/Application.php(871): Illuminate\\Foundation\\ProviderRepository->load(Array)
#8 /Users/pauliyaji/Herd/powerhouse/vendor/laravel/framework/src/Illuminate/Foundation/Bootstrap/RegisterProviders.php(37): Illuminate\\Foundation\\Application->registerConfiguredProviders()
#9 /Users/pauliyaji/Herd/powerhouse/vendor/laravel/framework/src/Illuminate/Foundation/Application.php(342): Illuminate\\Foundation\\Bootstrap\\RegisterProviders->bootstrap(Object(Illuminate\\Foundation\\Application))
#10 /Users/pauliyaji/Herd/powerhouse/vendor/laravel/framework/src/Illuminate/Foundation/Console/Kernel.php(494): Illuminate\\Foundation\\Application->bootstrapWith(Array)
#11 /Users/pauliyaji/Herd/powerhouse/vendor/laravel/framework/src/Illuminate/Foundation/Console/Kernel.php(196): Illuminate\\Foundation\\Console\\Kernel->bootstrap()
#12 Command line code(1): Illuminate\\Foundation\\Console\\Kernel->handle(Object(Symfony\\Component\\Console\\Input\\ArgvInput), Object(Symfony\\Component\\Console\\Output\\ConsoleOutput))
#13 {main}
"} 
[2026-07-04 16:37:38] local.ERROR: include(/Users/pauliyaji/Herd/powerhouse/vendor/composer/../boa-intelligence/laravel-project-analyzer/src/ProjectAnalyzerServiceProvider.php): Failed to open stream: No such file or directory {"exception":"[object] (ErrorException(code: 0): include(/Users/pauliyaji/Herd/powerhouse/vendor/composer/../boa-intelligence/laravel-project-analyzer/src/ProjectAnalyzerServiceProvider.php): Failed to open stream: No such file or directory at /Users/pauliyaji/Herd/powerhouse/vendor/composer/ClassLoader.php:576)
[stacktrace]
#0 /Users/pauliyaji/Herd/powerhouse/vendor/laravel/framework/src/Illuminate/Foundation/Bootstrap/HandleExceptions.php(258): Illuminate\\Foundation\\Bootstrap\\HandleExceptions->handleError(2, 'include(/Users/...', '/Users/pauliyaj...', 576)
#1 /Users/pauliyaji/Herd/powerhouse/vendor/composer/ClassLoader.php(576): Illuminate\\Foundation\\Bootstrap\\HandleExceptions->{closure:Illuminate\\Foundation\\Bootstrap\\HandleExceptions::forwardsTo():257}(2, 'include(/Users/...', '/Users/pauliyaj...', 576)
#2 /Users/pauliyaji/Herd/powerhouse/vendor/composer/ClassLoader.php(576): include('/Users/pauliyaj...')
#3 /Users/pauliyaji/Herd/powerhouse/vendor/composer/ClassLoader.php(427): {closure:Composer\\Autoload\\ClassLoader::initializeIncludeClosure():575}('/Users/pauliyaj...')
#4 /Users/pauliyaji/Herd/powerhouse/vendor/laravel/framework/src/Illuminate/Foundation/Application.php(961): Composer\\Autoload\\ClassLoader->loadClass('ProjectAnalyzer...')
#5 /Users/pauliyaji/Herd/powerhouse/vendor/laravel/framework/src/Illuminate/Foundation/Application.php(893): Illuminate\\Foundation\\Application->resolveProvider('ProjectAnalyzer...')
#6 /Users/pauliyaji/Herd/powerhouse/vendor/laravel/framework/src/Illuminate/Foundation/ProviderRepository.php(74): Illuminate\\Foundation\\Application->register('ProjectAnalyzer...')
#7 /Users/pauliyaji/Herd/powerhouse/vendor/laravel/framework/src/Illuminate/Foundation/Application.php(871): Illuminate\\Foundation\\ProviderRepository->load(Array)
#8 /Users/pauliyaji/Herd/powerhouse/vendor/laravel/framework/src/Illuminate/Foundation/Bootstrap/RegisterProviders.php(37): Illuminate\\Foundation\\Application->registerConfiguredProviders()
#9 /Users/pauliyaji/Herd/powerhouse/vendor/laravel/framework/src/Illuminate/Foundation/Application.php(342): Illuminate\\Foundation\\Bootstrap\\RegisterProviders->bootstrap(Object(Illuminate\\Foundation\\Application))
#10 /Users/pauliyaji/Herd/powerhouse/vendor/laravel/framework/src/Illuminate/Foundation/Console/Kernel.php(494): Illuminate\\Foundation\\Application->bootstrapWith(Array)
#11 /Users/pauliyaji/Herd/powerhouse/vendor/laravel/framework/src/Illuminate/Foundation/Console/Kernel.php(196): Illuminate\\Foundation\\Console\\Kernel->bootstrap()
#12 Command line code(1): Illuminate\\Foundation\\Console\\Kernel->handle(Object(Symfony\\Component\\Console\\Input\\ArgvInput), Object(Symfony\\Component\\Console\\Output\\ConsoleOutput))
#13 {main}
"} 
[2026-07-04 16:37:38] local.ERROR: include(/Users/pauliyaji/Herd/powerhouse/vendor/composer/../boa-intelligence/laravel-project-analyzer/src/ProjectAnalyzerServiceProvider.php): Failed to open stream: No such file or directory {"exception":"[object] (ErrorException(code: 0): include(/Users/pauliyaji/Herd/powerhouse/vendor/composer/../boa-intelligence/laravel-project-analyzer/src/ProjectAnalyzerServiceProvider.php): Failed to open stream: No such file or directory at /Users/pauliyaji/Herd/powerhouse/vendor/composer/ClassLoader.php:576)
[stacktrace]
#0 /Users/pauliyaji/Herd/powerhouse/vendor/laravel/framework/src/Illuminate/Foundation/Bootstrap/HandleExceptions.php(258): Illuminate\\Foundation\\Bootstrap\\HandleExceptions->handleError(2, 'include(/Users/...', '/Users/pauliyaj...', 576)
#1 /Users/pauliyaji/Herd/powerhouse/vendor/composer/ClassLoader.php(576): Illuminate\\Foundation\\Bootstrap\\HandleExceptions->{closure:Illuminate\\Foundation\\Bootstrap\\HandleExceptions::forwardsTo():257}(2, 'include(/Users/...', '/Users/pauliyaj...', 576)
#2 /Users/pauliyaji/Herd/powerhouse/vendor/composer/ClassLoader.php(576): include('/Users/pauliyaj...')
#3 /Users/pauliyaji/Herd/powerhouse/vendor/composer/ClassLoader.php(427): {closure:Composer\\Autoload\\ClassLoader::initializeIncludeClosure():575}('/Users/pauliyaj...')
#4 /Users/pauliyaji/Herd/powerhouse/vendor/laravel/framework/src/Illuminate/Foundation/Application.php(961): Composer\\Autoload\\ClassLoader->loadClass('ProjectAnalyzer...')
#5 /Users/pauliyaji/Herd/powerhouse/vendor/laravel/framework/src/Illuminate/Foundation/Application.php(893): Illuminate\\Foundation\\Application->resolveProvider('ProjectAnalyzer...')
#6 /Users/pauliyaji/Herd/powerhouse/vendor/laravel/framework/src/Illuminate/Foundation/ProviderRepository.php(74): Illuminate\\Foundation\\Application->register('ProjectAnalyzer...')
#7 /Users/pauliyaji/Herd/powerhouse/vendor/laravel/framework/src/Illuminate/Foundation/Application.php(871): Illuminate\\Foundation\\ProviderRepository->load(Array)
#8 /Users/pauliyaji/Herd/powerhouse/vendor/laravel/framework/src/Illuminate/Foundation/Bootstrap/RegisterProviders.php(37): Illuminate\\Foundation\\Application->registerConfiguredProviders()
#9 /Users/pauliyaji/Herd/powerhouse/vendor/laravel/framework/src/Illuminate/Foundation/Application.php(342): Illuminate\\Foundation\\Bootstrap\\RegisterProviders->bootstrap(Object(Illuminate\\Foundation\\Application))
#10 /Users/pauliyaji/Herd/powerhouse/vendor/laravel/framework/src/Illuminate/Foundation/Console/Kernel.php(494): Illuminate\\Foundation\\Application->bootstrapWith(Array)
#11 /Users/pauliyaji/Herd/powerhouse/vendor/laravel/framework/src/Illuminate/Foundation/Console/Kernel.php(196): Illuminate\\Foundation\\Console\\Kernel->bootstrap()
#12 Command line code(1): Illuminate\\Foundation\\Console\\Kernel->handle(Object(Symfony\\Component\\Console\\Input\\ArgvInput), Object(Symfony\\Component\\Console\\Output\\ConsoleOutput))
#13 {main}
"} 
[2026-07-04 16:37:38] local.ERROR: include(/Users/pauliyaji/Herd/powerhouse/vendor/composer/../boa-intelligence/laravel-project-analyzer/src/ProjectAnalyzerServiceProvider.php): Failed to open stream: No such file or directory {"exception":"[object] (ErrorException(code: 0): include(/Users/pauliyaji/Herd/powerhouse/vendor/composer/../boa-intelligence/laravel-project-analyzer/src/ProjectAnalyzerServiceProvider.php): Failed to open stream: No such file or directory at /Users/pauliyaji/Herd/powerhouse/vendor/composer/ClassLoader.php:576)
[stacktrace]
#0 /Users/pauliyaji/Herd/powerhouse/vendor/laravel/framework/src/Illuminate/Foundation/Bootstrap/HandleExceptions.php(258): Illuminate\\Foundation\\Bootstrap\\HandleExceptions->handleError(2, 'include(/Users/...', '/Users/pauliyaj...', 576)
#1 /Users/pauliyaji/Herd/powerhouse/vendor/composer/ClassLoader.php(576): Illuminate\\Foundation\\Bootstrap\\HandleExceptions->{closure:Illuminate\\Foundation\\Bootstrap\\HandleExceptions::forwardsTo():257}(2, 'include(/Users/...', '/Users/pauliyaj...', 576)
#2 /Users/pauliyaji/Herd/powerhouse/vendor/composer/ClassLoader.php(576): include('/Users/pauliyaj...')
#3 /Users/pauliyaji/Herd/powerhouse/vendor/composer/ClassLoader.php(427): {closure:Composer\\Autoload\\ClassLoader::initializeIncludeClosure():575}('/Users/pauliyaj...')
#4 /Users/pauliyaji/Herd/powerhouse/vendor/laravel/framework/src/Illuminate/Foundation/Application.php(961): Composer\\Autoload\\ClassLoader->loadClass('ProjectAnalyzer...')
#5 /Users/pauliyaji/Herd/powerhouse/vendor/laravel/framework/src/Illuminate/Foundation/Application.php(893): Illuminate\\Foundation\\Application->resolveProvider('ProjectAnalyzer...')
#6 /Users/pauliyaji/Herd/powerhouse/vendor/laravel/framework/src/Illuminate/Foundation/ProviderRepository.php(74): Illuminate\\Foundation\\Application->register('ProjectAnalyzer...')
#7 /Users/pauliyaji/Herd/powerhouse/vendor/laravel/framework/src/Illuminate/Foundation/Application.php(871): Illuminate\\Foundation\\ProviderRepository->load(Array)
#8 /Users/pauliyaji/Herd/powerhouse/vendor/laravel/framework/src/Illuminate/Foundation/Bootstrap/RegisterProviders.php(37): Illuminate\\Foundation\\Application->registerConfiguredProviders()
#9 /Users/pauliyaji/Herd/powerhouse/vendor/laravel/framework/src/Illuminate/Foundation/Application.php(342): Illuminate\\Foundation\\Bootstrap\\RegisterProviders->bootstrap(Object(Illuminate\\Foundation\\Application))
#10 /Users/pauliyaji/Herd/powerhouse/vendor/laravel/framework/src/Illuminate/Foundation/Console/Kernel.php(494): Illuminate\\Foundation\\Application->bootstrapWith(Array)
#11 /Users/pauliyaji/Herd/powerhouse/vendor/laravel/framework/src/Illuminate/Foundation/Console/Kernel.php(196): Illuminate\\Foundation\\Console\\Kernel->bootstrap()
#12 Command line code(1): Illuminate\\Foundation\\Console\\Kernel->handle(Object(Symfony\\Component\\Console\\Input\\ArgvInput), Object(Symfony\\Component\\Console\\Output\\ConsoleOutput))
#13 {main}
"} 
[2026-07-04 16:37:38] local.ERROR: include(/Users/pauliyaji/Herd/powerhouse/vendor/composer/../boa-intelligence/laravel-project-analyzer/src/ProjectAnalyzerServiceProvider.php): Failed to open stream: No such file or directory {"exception":"[object] (ErrorException(code: 0): include(/Users/pauliyaji/Herd/powerhouse/vendor/composer/../boa-intelligence/laravel-project-analyzer/src/ProjectAnalyzerServiceProvider.php): Failed to open stream: No such file or directory at /Users/pauliyaji/Herd/powerhouse/vendor/composer/ClassLoader.php:576)
[stacktrace]
#0 /Users/pauliyaji/Herd/powerhouse/vendor/laravel/framework/src/Illuminate/Foundation/Bootstrap/HandleExceptions.php(258): Illuminate\\Foundation\\Bootstrap\\HandleExceptions->handleError(2, 'include(/Users/...', '/Users/pauliyaj...', 576)
#1 /Users/pauliyaji/Herd/powerhouse/vendor/composer/ClassLoader.php(576): Illuminate\\Foundation\\Bootstrap\\HandleExceptions->{closure:Illuminate\\Foundation\\Bootstrap\\HandleExceptions::forwardsTo():257}(2, 'include(/Users/...', '/Users/pauliyaj...', 576)
#2 /Users/pauliyaji/Herd/powerhouse/vendor/composer/ClassLoader.php(576): include('/Users/pauliyaj...')
#3 /Users/pauliyaji/Herd/powerhouse/vendor/composer/ClassLoader.php(427): {closure:Composer\\Autoload\\ClassLoader::initializeIncludeClosure():575}('/Users/pauliyaj...')
#4 /Users/pauliyaji/Herd/powerhouse/vendor/laravel/framework/src/Illuminate/Foundation/Application.php(961): Composer\\Autoload\\ClassLoader->loadClass('ProjectAnalyzer...')
#5 /Users/pauliyaji/Herd/powerhouse/vendor/laravel/framework/src/Illuminate/Foundation/Application.php(893): Illuminate\\Foundation\\Application->resolveProvider('ProjectAnalyzer...')
#6 /Users/pauliyaji/Herd/powerhouse/vendor/laravel/framework/src/Illuminate/Foundation/ProviderRepository.php(74): Illuminate\\Foundation\\Application->register('ProjectAnalyzer...')
#7 /Users/pauliyaji/Herd/powerhouse/vendor/laravel/framework/src/Illuminate/Foundation/Application.php(871): Illuminate\\Foundation\\ProviderRepository->load(Array)
#8 /Users/pauliyaji/Herd/powerhouse/vendor/laravel/framework/src/Illuminate/Foundation/Bootstrap/RegisterProviders.php(37): Illuminate\\Foundation\\Application->registerConfiguredProviders()
#9 /Users/pauliyaji/Herd/powerhouse/vendor/laravel/framework/src/Illuminate/Foundation/Application.php(342): Illuminate\\Foundation\\Bootstrap\\RegisterProviders->bootstrap(Object(Illuminate\\Foundation\\Application))
#10 /Users/pauliyaji/Herd/powerhouse/vendor/laravel/framework/src/Illuminate/Foundation/Console/Kernel.php(494): Illuminate\\Foundation\\Application->bootstrapWith(Array)
#11 /Users/pauliyaji/Herd/powerhouse/vendor/laravel/framework/src/Illuminate/Foundation/Console/Kernel.php(196): Illuminate\\Foundation\\Console\\Kernel->bootstrap()
#12 Command line code(1): Illuminate\\Foundation\\Console\\Kernel->handle(Object(Symfony\\Component\\Console\\Input\\ArgvInput), Object(Symfony\\Component\\Console\\Output\\ConsoleOutput))
#13 {main}
"} 
[2026-07-04 16:38:27] local.ERROR: include(/Users/pauliyaji/Herd/powerhouse/vendor/composer/../boa-intelligence/laravel-project-analyzer/src/ProjectAnalyzerServiceProvider.php): Failed to open stream: No such file or directory {"exception":"[object] (ErrorException(code: 0): include(/Users/pauliyaji/Herd/powerhouse/vendor/composer/../boa-intelligence/laravel-project-analyzer/src/ProjectAnalyzerServiceProvider.php): Failed to open stream: No such file or directory at /Users/pauliyaji/Herd/powerhouse/vendor/composer/ClassLoader.php:576)
[stacktrace]
#0 /Users/pauliyaji/Herd/powerhouse/vendor/laravel/framework/src/Illuminate/Foundation/Bootstrap/HandleExceptions.php(258): Illuminate\\Foundation\\Bootstrap\\HandleExceptions->handleError(2, 'include(/Users/...', '/Users/pauliyaj...', 576)
#1 /Users/pauliyaji/Herd/powerhouse/vendor/composer/ClassLoader.php(576): Illuminate\\Foundation\\Bootstrap\\HandleExceptions->{closure:Illuminate\\Foundation\\Bootstrap\\HandleExceptions::forwardsTo():257}(2, 'include(/Users/...', '/Users/pauliyaj...', 576)
#2 /Users/pauliyaji/Herd/powerhouse/vendor/composer/ClassLoader.php(576): include('/Users/pauliyaj...')
#3 /Users/pauliyaji/Herd/powerhouse/vendor/composer/ClassLoader.php(427): {closure:Composer\\Autoload\\ClassLoader::initializeIncludeClosure():575}('/Users/pauliyaj...')
#4 /Users/pauliyaji/Herd/powerhouse/vendor/laravel/framework/src/Illuminate/Foundation/Application.php(961): Composer\\Autoload\\ClassLoader->loadClass('ProjectAnalyzer...')
#5 /Users/pauliyaji/Herd/powerhouse/vendor/laravel/framework/src/Illuminate/Foundation/Application.php(893): Illuminate\\Foundation\\Application->resolveProvider('ProjectAnalyzer...')
#6 /Users/pauliyaji/Herd/powerhouse/vendor/laravel/framework/src/Illuminate/Foundation/ProviderRepository.php(74): Illuminate\\Foundation\\Application->register('ProjectAnalyzer...')
#7 /Users/pauliyaji/Herd/powerhouse/vendor/laravel/framework/src/Illuminate/Foundation/Application.php(871): Illuminate\\Foundation\\ProviderRepository->load(Array)
#8 /Users/pauliyaji/Herd/powerhouse/vendor/laravel/framework/src/Illuminate/Foundation/Bootstrap/RegisterProviders.php(37): Illuminate\\Foundation\\Application->registerConfiguredProviders()
#9 /Users/pauliyaji/Herd/powerhouse/vendor/laravel/framework/src/Illuminate/Foundation/Application.php(342): Illuminate\\Foundation\\Bootstrap\\RegisterProviders->bootstrap(Object(Illuminate\\Foundation\\Application))
#10 /Users/pauliyaji/Herd/powerhouse/vendor/laravel/framework/src/Illuminate/Foundation/Console/Kernel.php(494): Illuminate\\Foundation\\Application->bootstrapWith(Array)
#11 /Users/pauliyaji/Herd/powerhouse/vendor/laravel/framework/src/Illuminate/Foundation/Console/Kernel.php(196): Illuminate\\Foundation\\Console\\Kernel->bootstrap()
#12 Command line code(1): Illuminate\\Foundation\\Console\\Kernel->handle(Object(Symfony\\Component\\Console\\Input\\ArgvInput), Object(Symfony\\Component\\Console\\Output\\ConsoleOutput))
#13 {main}
"} 
[2026-07-04 16:40:29] local.ERROR: Class "ProjectAnalyzer\ProjectAnalyzerServiceProvider" not found {"exception":"[object] (Error(code: 0): Class \"ProjectAnalyzer\\ProjectAnalyzerServiceProvider\" not found at /Users/pauliyaji/Herd/powerhouse/vendor/laravel/framework/src/Illuminate/Foundation/ProviderRepository.php:205)
[stacktrace]
#0 /Users/pauliyaji/Herd/powerhouse/vendor/laravel/framework/src/Illuminate/Foundation/ProviderRepository.php(141): Illuminate\\Foundation\\ProviderRepository->createProvider('ProjectAnalyzer...')
#1 /Users/pauliyaji/Herd/powerhouse/vendor/laravel/framework/src/Illuminate/Foundation/ProviderRepository.php(60): Illuminate\\Foundation\\ProviderRepository->compileManifest(Array)
#2 /Users/pauliyaji/Herd/powerhouse/vendor/laravel/framework/src/Illuminate/Foundation/Application.php(871): Illuminate\\Foundation\\ProviderRepository->load(Array)
#3 /Users/pauliyaji/Herd/powerhouse/vendor/laravel/framework/src/Illuminate/Foundation/Bootstrap/RegisterProviders.php(37): Illuminate\\Foundation\\Application->registerConfiguredProviders()
#4 /Users/pauliyaji/Herd/powerhouse/vendor/laravel/framework/src/Illuminate/Foundation/Application.php(342): Illuminate\\Foundation\\Bootstrap\\RegisterProviders->bootstrap(Object(Illuminate\\Foundation\\Application))
#5 /Users/pauliyaji/Herd/powerhouse/vendor/laravel/framework/src/Illuminate/Foundation/Console/Kernel.php(494): Illuminate\\Foundation\\Application->bootstrapWith(Array)
#6 /Users/pauliyaji/Herd/powerhouse/vendor/laravel/framework/src/Illuminate/Foundation/Console/Kernel.php(196): Illuminate\\Foundation\\Console\\Kernel->bootstrap()
#7 /Users/pauliyaji/Herd/powerhouse/vendor/laravel/framework/src/Illuminate/Foundation/Application.php(1235): Illuminate\\Foundation\\Console\\Kernel->handle(Object(Symfony\\Component\\Console\\Input\\ArgvInput), Object(Symfony\\Component\\Console\\Output\\ConsoleOutput))
#8 /Users/pauliyaji/Herd/powerhouse/artisan(16): Illuminate\\Foundation\\Application->handleCommand(Object(Symfony\\Component\\Console\\Input\\ArgvInput))
#9 {main}
"} 
[2026-07-04 16:40:30] local.ERROR: __VSCODE_LARAVEL_STARTUP_ERROR__: Class "ProjectAnalyzer\ProjectAnalyzerServiceProvider" not found {"exception":"[object] (Error(code: 0): __VSCODE_LARAVEL_STARTUP_ERROR__: Class \"ProjectAnalyzer\\ProjectAnalyzerServiceProvider\" not found at /Users/pauliyaji/Herd/powerhouse/vendor/_laravel_ide/discover-7563160ca998bde672640aa1e68dfd08.php:33)
[stacktrace]
#0 /Users/pauliyaji/Herd/powerhouse/vendor/_laravel_ide/discover-7563160ca998bde672640aa1e68dfd08.php(62): LaravelVsCode::startupError(Object(Error))
#1 {main}
"} 
[2026-07-04 16:40:30] local.ERROR: __VSCODE_LARAVEL_STARTUP_ERROR__: Class "ProjectAnalyzer\ProjectAnalyzerServiceProvider" not found {"exception":"[object] (Error(code: 0): __VSCODE_LARAVEL_STARTUP_ERROR__: Class \"ProjectAnalyzer\\ProjectAnalyzerServiceProvider\" not found at /Users/pauliyaji/Herd/powerhouse/vendor/_laravel_ide/discover-80bc781b69500326630e3fef7a4fdfeb.php:33)
[stacktrace]
#0 /Users/pauliyaji/Herd/powerhouse/vendor/_laravel_ide/discover-80bc781b69500326630e3fef7a4fdfeb.php(62): LaravelVsCode::startupError(Object(Error))
#1 {main}
"} 
[2026-07-04 16:40:30] local.ERROR: __VSCODE_LARAVEL_STARTUP_ERROR__: Class "ProjectAnalyzer\ProjectAnalyzerServiceProvider" not found {"exception":"[object] (Error(code: 0): __VSCODE_LARAVEL_STARTUP_ERROR__: Class \"ProjectAnalyzer\\ProjectAnalyzerServiceProvider\" not found at /Users/pauliyaji/Herd/powerhouse/vendor/_laravel_ide/discover-ec2e9975ebf5755f76a162b3dce99361.php:33)
[stacktrace]
#0 /Users/pauliyaji/Herd/powerhouse/vendor/_laravel_ide/discover-ec2e9975ebf5755f76a162b3dce99361.php(62): LaravelVsCode::startupError(Object(Error))
#1 {main}
"} 
[2026-07-04 16:40:30] local.ERROR: __VSCODE_LARAVEL_STARTUP_ERROR__: Class "ProjectAnalyzer\ProjectAnalyzerServiceProvider" not found {"exception":"[object] (Error(code: 0): __VSCODE_LARAVEL_STARTUP_ERROR__: Class \"ProjectAnalyzer\\ProjectAnalyzerServiceProvider\" not found at /Users/pauliyaji/Herd/powerhouse/vendor/_laravel_ide/discover-19804082b122017c46bdac205a3a1912.php:33)
[stacktrace]
#0 /Users/pauliyaji/Herd/powerhouse/vendor/_laravel_ide/discover-19804082b122017c46bdac205a3a1912.php(62): LaravelVsCode::startupError(Object(Error))
#1 {main}
"} 
[2026-07-04 16:40:30] local.ERROR: __VSCODE_LARAVEL_STARTUP_ERROR__: Class "ProjectAnalyzer\ProjectAnalyzerServiceProvider" not found {"exception":"[object] (Error(code: 0): __VSCODE_LARAVEL_STARTUP_ERROR__: Class \"ProjectAnalyzer\\ProjectAnalyzerServiceProvider\" not found at /Users/pauliyaji/Herd/powerhouse/vendor/_laravel_ide/discover-5c3cbe5e47b16e6c5fd1967f09c399da.php:33)
[stacktrace]
#0 /Users/pauliyaji/Herd/powerhouse/vendor/_laravel_ide/discover-5c3cbe5e47b16e6c5fd1967f09c399da.php(62): LaravelVsCode::startupError(Object(Error))
#1 {main}
"} 
[2026-07-04 16:40:30] local.ERROR: __VSCODE_LARAVEL_STARTUP_ERROR__: Class "ProjectAnalyzer\ProjectAnalyzerServiceProvider" not found {"exception":"[object] (Error(code: 0): __VSCODE_LARAVEL_STARTUP_ERROR__: Class \"ProjectAnalyzer\\ProjectAnalyzerServiceProvider\" not found at /Users/pauliyaji/Herd/powerhouse/vendor/_laravel_ide/discover-f5442aeac73a6a9021bd7ce113d6a606.php:33)
[stacktrace]
#0 /Users/pauliyaji/Herd/powerhouse/vendor/_laravel_ide/discover-f5442aeac73a6a9021bd7ce113d6a606.php(62): LaravelVsCode::startupError(Object(Error))
#1 {main}
"} 
[2026-07-04 16:40:30] local.ERROR: __VSCODE_LARAVEL_STARTUP_ERROR__: Class "ProjectAnalyzer\ProjectAnalyzerServiceProvider" not found {"exception":"[object] (Error(code: 0): __VSCODE_LARAVEL_STARTUP_ERROR__: Class \"ProjectAnalyzer\\ProjectAnalyzerServiceProvider\" not found at /Users/pauliyaji/Herd/powerhouse/vendor/_laravel_ide/discover-4dd8aa2c89a79640c26a5af93ae899b1.php:33)
[stacktrace]
#0 /Users/pauliyaji/Herd/powerhouse/vendor/_laravel_ide/discover-4dd8aa2c89a79640c26a5af93ae899b1.php(62): LaravelVsCode::startupError(Object(Error))
#1 {main}
"} 
[2026-07-04 16:40:30] local.ERROR: __VSCODE_LARAVEL_STARTUP_ERROR__: Class "ProjectAnalyzer\ProjectAnalyzerServiceProvider" not found {"exception":"[object] (Error(code: 0): __VSCODE_LARAVEL_STARTUP_ERROR__: Class \"ProjectAnalyzer\\ProjectAnalyzerServiceProvider\" not found at /Users/pauliyaji/Herd/powerhouse/vendor/_laravel_ide/discover-e4fb95a586b679e2bcd4cf4f0871799d.php:33)
[stacktrace]
#0 /Users/pauliyaji/Herd/powerhouse/vendor/_laravel_ide/discover-e4fb95a586b679e2bcd4cf4f0871799d.php(62): LaravelVsCode::startupError(Object(Error))
#1 {main}
"} 
[2026-07-04 16:40:30] local.ERROR: __VSCODE_LARAVEL_STARTUP_ERROR__: Class "ProjectAnalyzer\ProjectAnalyzerServiceProvider" not found {"exception":"[object] (Error(code: 0): __VSCODE_LARAVEL_STARTUP_ERROR__: Class \"ProjectAnalyzer\\ProjectAnalyzerServiceProvider\" not found at /Users/pauliyaji/Herd/powerhouse/vendor/_laravel_ide/discover-31b934f114eabc246b541addb8b458e3.php:33)
[stacktrace]
#0 /Users/pauliyaji/Herd/powerhouse/vendor/_laravel_ide/discover-31b934f114eabc246b541addb8b458e3.php(62): LaravelVsCode::startupError(Object(Error))
#1 {main}
"} 
[2026-07-04 16:40:30] local.ERROR: __VSCODE_LARAVEL_STARTUP_ERROR__: Class "ProjectAnalyzer\ProjectAnalyzerServiceProvider" not found {"exception":"[object] (Error(code: 0): __VSCODE_LARAVEL_STARTUP_ERROR__: Class \"ProjectAnalyzer\\ProjectAnalyzerServiceProvider\" not found at /Users/pauliyaji/Herd/powerhouse/vendor/_laravel_ide/discover-43419e1773d5590e98dcbfc1b7903297.php:33)
[stacktrace]
#0 /Users/pauliyaji/Herd/powerhouse/vendor/_laravel_ide/discover-43419e1773d5590e98dcbfc1b7903297.php(62): LaravelVsCode::startupError(Object(Error))
#1 {main}
"} 
[2026-07-04 16:40:30] local.ERROR: __VSCODE_LARAVEL_STARTUP_ERROR__: Class "ProjectAnalyzer\ProjectAnalyzerServiceProvider" not found {"exception":"[object] (Error(code: 0): __VSCODE_LARAVEL_STARTUP_ERROR__: Class \"ProjectAnalyzer\\ProjectAnalyzerServiceProvider\" not found at /Users/pauliyaji/Herd/powerhouse/vendor/_laravel_ide/discover-bf37f1dc35944596ec71c910bc1ca84f.php:33)
[stacktrace]
#0 /Users/pauliyaji/Herd/powerhouse/vendor/_laravel_ide/discover-bf37f1dc35944596ec71c910bc1ca84f.php(62): LaravelVsCode::startupError(Object(Error))
#1 {main}
"} 
[2026-07-04 16:40:30] local.ERROR: __VSCODE_LARAVEL_STARTUP_ERROR__: Class "ProjectAnalyzer\ProjectAnalyzerServiceProvider" not found {"exception":"[object] (Error(code: 0): __VSCODE_LARAVEL_STARTUP_ERROR__: Class \"ProjectAnalyzer\\ProjectAnalyzerServiceProvider\" not found at /Users/pauliyaji/Herd/powerhouse/vendor/_laravel_ide/discover-6d96201ad95cad12367117063c707ebf.php:33)
[stacktrace]
#0 /Users/pauliyaji/Herd/powerhouse/vendor/_laravel_ide/discover-6d96201ad95cad12367117063c707ebf.php(62): LaravelVsCode::startupError(Object(Error))
#1 {main}
"} 
[2026-07-04 16:40:31] local.ERROR: __VSCODE_LARAVEL_STARTUP_ERROR__: Class "ProjectAnalyzer\ProjectAnalyzerServiceProvider" not found {"exception":"[object] (Error(code: 0): __VSCODE_LARAVEL_STARTUP_ERROR__: Class \"ProjectAnalyzer\\ProjectAnalyzerServiceProvider\" not found at /Users/pauliyaji/Herd/powerhouse/vendor/_laravel_ide/discover-f5442aeac73a6a9021bd7ce113d6a606.php:33)
[stacktrace]
#0 /Users/pauliyaji/Herd/powerhouse/vendor/_laravel_ide/discover-f5442aeac73a6a9021bd7ce113d6a606.php(62): LaravelVsCode::startupError(Object(Error))
#1 {main}
"} 
[2026-07-04 16:40:31] local.ERROR: __VSCODE_LARAVEL_STARTUP_ERROR__: Class "ProjectAnalyzer\ProjectAnalyzerServiceProvider" not found {"exception":"[object] (Error(code: 0): __VSCODE_LARAVEL_STARTUP_ERROR__: Class \"ProjectAnalyzer\\ProjectAnalyzerServiceProvider\" not found at /Users/pauliyaji/Herd/powerhouse/vendor/_laravel_ide/discover-43419e1773d5590e98dcbfc1b7903297.php:33)
[stacktrace]
#0 /Users/pauliyaji/Herd/powerhouse/vendor/_laravel_ide/discover-43419e1773d5590e98dcbfc1b7903297.php(62): LaravelVsCode::startupError(Object(Error))
#1 {main}
"} 
[2026-07-04 16:40:31] local.ERROR: __VSCODE_LARAVEL_STARTUP_ERROR__: Class "ProjectAnalyzer\ProjectAnalyzerServiceProvider" not found {"exception":"[object] (Error(code: 0): __VSCODE_LARAVEL_STARTUP_ERROR__: Class \"ProjectAnalyzer\\ProjectAnalyzerServiceProvider\" not found at /Users/pauliyaji/Herd/powerhouse/vendor/_laravel_ide/discover-6d96201ad95cad12367117063c707ebf.php:33)
[stacktrace]
#0 /Users/pauliyaji/Herd/powerhouse/vendor/_laravel_ide/discover-6d96201ad95cad12367117063c707ebf.php(62): LaravelVsCode::startupError(Object(Error))
#1 {main}
"} 
[2026-07-04 16:40:31] local.ERROR: __VSCODE_LARAVEL_STARTUP_ERROR__: Class "ProjectAnalyzer\ProjectAnalyzerServiceProvider" not found {"exception":"[object] (Error(code: 0): __VSCODE_LARAVEL_STARTUP_ERROR__: Class \"ProjectAnalyzer\\ProjectAnalyzerServiceProvider\" not found at /Users/pauliyaji/Herd/powerhouse/vendor/_laravel_ide/discover-5c3cbe5e47b16e6c5fd1967f09c399da.php:33)
[stacktrace]
#0 /Users/pauliyaji/Herd/powerhouse/vendor/_laravel_ide/discover-5c3cbe5e47b16e6c5fd1967f09c399da.php(62): LaravelVsCode::startupError(Object(Error))
#1 {main}
"} 
[2026-07-04 16:40:31] local.ERROR: __VSCODE_LARAVEL_STARTUP_ERROR__: Class "ProjectAnalyzer\ProjectAnalyzerServiceProvider" not found {"exception":"[object] (Error(code: 0): __VSCODE_LARAVEL_STARTUP_ERROR__: Class \"ProjectAnalyzer\\ProjectAnalyzerServiceProvider\" not found at /Users/pauliyaji/Herd/powerhouse/vendor/_laravel_ide/discover-80bc781b69500326630e3fef7a4fdfeb.php:33)
[stacktrace]
#0 /Users/pauliyaji/Herd/powerhouse/vendor/_laravel_ide/discover-80bc781b69500326630e3fef7a4fdfeb.php(62): LaravelVsCode::startupError(Object(Error))
#1 {main}
"} 
[2026-07-04 16:40:35] local.ERROR: Class "ProjectAnalyzer\ProjectAnalyzerServiceProvider" not found {"exception":"[object] (Error(code: 0): Class \"ProjectAnalyzer\\ProjectAnalyzerServiceProvider\" not found at /Users/pauliyaji/Herd/powerhouse/vendor/laravel/framework/src/Illuminate/Foundation/ProviderRepository.php:205)
[stacktrace]
#0 /Users/pauliyaji/Herd/powerhouse/vendor/laravel/framework/src/Illuminate/Foundation/ProviderRepository.php(141): Illuminate\\Foundation\\ProviderRepository->createProvider('ProjectAnalyzer...')
#1 /Users/pauliyaji/Herd/powerhouse/vendor/laravel/framework/src/Illuminate/Foundation/ProviderRepository.php(60): Illuminate\\Foundation\\ProviderRepository->compileManifest(Array)
#2 /Users/pauliyaji/Herd/powerhouse/vendor/laravel/framework/src/Illuminate/Foundation/Application.php(871): Illuminate\\Foundation\\ProviderRepository->load(Array)
#3 /Users/pauliyaji/Herd/powerhouse/vendor/laravel/framework/src/Illuminate/Foundation/Bootstrap/RegisterProviders.php(37): Illuminate\\Foundation\\Application->registerConfiguredProviders()
#4 /Users/pauliyaji/Herd/powerhouse/vendor/laravel/framework/src/Illuminate/Foundation/Application.php(342): Illuminate\\Foundation\\Bootstrap\\RegisterProviders->bootstrap(Object(Illuminate\\Foundation\\Application))
#5 /Users/pauliyaji/Herd/powerhouse/vendor/laravel/framework/src/Illuminate/Foundation/Console/Kernel.php(494): Illuminate\\Foundation\\Application->bootstrapWith(Array)
#6 /Users/pauliyaji/Herd/powerhouse/vendor/laravel/framework/src/Illuminate/Foundation/Console/Kernel.php(196): Illuminate\\Foundation\\Console\\Kernel->bootstrap()
#7 Command line code(1): Illuminate\\Foundation\\Console\\Kernel->handle(Object(Symfony\\Component\\Console\\Input\\ArgvInput), Object(Symfony\\Component\\Console\\Output\\ConsoleOutput))
#8 {main}
"} 
[2026-07-04 16:40:35] local.ERROR: Uncaught ReflectionException: Class "view" does not exist in /Users/pauliyaji/Herd/powerhouse/vendor/laravel/framework/src/Illuminate/Container/Container.php:1122
Stack trace:
#0 /Users/pauliyaji/Herd/powerhouse/vendor/laravel/framework/src/Illuminate/Container/Container.php(1122): ReflectionClass->__construct('view')
#1 /Users/pauliyaji/Herd/powerhouse/vendor/laravel/framework/src/Illuminate/Container/Container.php(933): Illuminate\Container\Container->build('view')
#2 /Users/pauliyaji/Herd/powerhouse/vendor/laravel/framework/src/Illuminate/Foundation/Application.php(1078): Illuminate\Container\Container->resolve('view', Array, true)
#3 /Users/pauliyaji/Herd/powerhouse/vendor/laravel/framework/src/Illuminate/Container/Container.php(864): Illuminate\Foundation\Application->resolve('view', Array)
#4 /Users/pauliyaji/Herd/powerhouse/vendor/laravel/framework/src/Illuminate/Foundation/Application.php(1058): Illuminate\Container\Container->make('view', Array)
#5 /Users/pauliyaji/Herd/powerhouse/vendor/laravel/framework/src/Illuminate/Foundation/helpers.php(138): Illuminate\Foundation\Application->make('view', Array)
#6 Command line code(1): app('view')
#7 {main}

Next Illuminate\Contracts\Container\BindingResolutionException: Target class [view] does not exist. in /Users/pauliyaji/Herd/powerhouse/vendor/laravel/framework/src/Illuminate/Container/Container.php:1124
Stack trace:
#0 /Users/pauliyaji/Herd/powerhouse/vendor/laravel/framework/src/Illuminate/Container/Container.php(933): Illuminate\Container\Container->build('view')
#1 /Users/pauliyaji/Herd/powerhouse/vendor/laravel/framework/src/Illuminate/Foundation/Application.php(1078): Illuminate\Container\Container->resolve('view', Array, true)
#2 /Users/pauliyaji/Herd/powerhouse/vendor/laravel/framework/src/Illuminate/Container/Container.php(864): Illuminate\Foundation\Application->resolve('view', Array)
#3 /Users/pauliyaji/Herd/powerhouse/vendor/laravel/framework/src/Illuminate/Foundation/Application.php(1058): Illuminate\Container\Container->make('view', Array)
#4 /Users/pauliyaji/Herd/powerhouse/vendor/laravel/framework/src/Illuminate/Foundation/helpers.php(138): Illuminate\Foundation\Application->make('view', Array)
#5 Command line code(1): app('view')
#6 {main}
  thrown {"exception":"[object] (Symfony\\Component\\ErrorHandler\\Error\\FatalError(code: 0): Uncaught ReflectionException: Class \"view\" does not exist in /Users/pauliyaji/Herd/powerhouse/vendor/laravel/framework/src/Illuminate/Container/Container.php:1122
Stack trace:
#0 /Users/pauliyaji/Herd/powerhouse/vendor/laravel/framework/src/Illuminate/Container/Container.php(1122): ReflectionClass->__construct('view')
#1 /Users/pauliyaji/Herd/powerhouse/vendor/laravel/framework/src/Illuminate/Container/Container.php(933): Illuminate\\Container\\Container->build('view')
#2 /Users/pauliyaji/Herd/powerhouse/vendor/laravel/framework/src/Illuminate/Foundation/Application.php(1078): Illuminate\\Container\\Container->resolve('view', Array, true)
#3 /Users/pauliyaji/Herd/powerhouse/vendor/laravel/framework/src/Illuminate/Container/Container.php(864): Illuminate\\Foundation\\Application->resolve('view', Array)
#4 /Users/pauliyaji/Herd/powerhouse/vendor/laravel/framework/src/Illuminate/Foundation/Application.php(1058): Illuminate\\Container\\Container->make('view', Array)
#5 /Users/pauliyaji/Herd/powerhouse/vendor/laravel/framework/src/Illuminate/Foundation/helpers.php(138): Illuminate\\Foundation\\Application->make('view', Array)
#6 Command line code(1): app('view')
#7 {main}

Next Illuminate\\Contracts\\Container\\BindingResolutionException: Target class [view] does not exist. in /Users/pauliyaji/Herd/powerhouse/vendor/laravel/framework/src/Illuminate/Container/Container.php:1124
Stack trace:
#0 /Users/pauliyaji/Herd/powerhouse/vendor/laravel/framework/src/Illuminate/Container/Container.php(933): Illuminate\\Container\\Container->build('view')
#1 /Users/pauliyaji/Herd/powerhouse/vendor/laravel/framework/src/Illuminate/Foundation/Application.php(1078): Illuminate\\Container\\Container->resolve('view', Array, true)
#2 /Users/pauliyaji/Herd/powerhouse/vendor/laravel/framework/src/Illuminate/Container/Container.php(864): Illuminate\\Foundation\\Application->resolve('view', Array)
#3 /Users/pauliyaji/Herd/powerhouse/vendor/laravel/framework/src/Illuminate/Foundation/Application.php(1058): Illuminate\\Container\\Container->make('view', Array)
#4 /Users/pauliyaji/Herd/powerhouse/vendor/laravel/framework/src/Illuminate/Foundation/helpers.php(138): Illuminate\\Foundation\\Application->make('view', Array)
#5 Command line code(1): app('view')
#6 {main}
  thrown at /Users/pauliyaji/Herd/powerhouse/vendor/laravel/framework/src/Illuminate/Container/Container.php:1124)
[stacktrace]
#0 {main}
"} 
[2026-07-04 16:43:53] local.ERROR: Class "ProjectAnalyzer\ProjectAnalyzerServiceProvider" not found {"exception":"[object] (Error(code: 0): Class \"ProjectAnalyzer\\ProjectAnalyzerServiceProvider\" not found at /Users/pauliyaji/Herd/powerhouse/vendor/laravel/framework/src/Illuminate/Foundation/ProviderRepository.php:205)
[stacktrace]
#0 /Users/pauliyaji/Herd/powerhouse/vendor/laravel/framework/src/Illuminate/Foundation/ProviderRepository.php(141): Illuminate\\Foundation\\ProviderRepository->createProvider('ProjectAnalyzer...')
#1 /Users/pauliyaji/Herd/powerhouse/vendor/laravel/framework/src/Illuminate/Foundation/ProviderRepository.php(60): Illuminate\\Foundation\\ProviderRepository->compileManifest(Array)
#2 /Users/pauliyaji/Herd/powerhouse/vendor/laravel/framework/src/Illuminate/Foundation/Application.php(871): Illuminate\\Foundation\\ProviderRepository->load(Array)
#3 /Users/pauliyaji/Herd/powerhouse/vendor/laravel/framework/src/Illuminate/Foundation/Bootstrap/RegisterProviders.php(37): Illuminate\\Foundation\\Application->registerConfiguredProviders()
#4 /Users/pauliyaji/Herd/powerhouse/vendor/laravel/framework/src/Illuminate/Foundation/Application.php(342): Illuminate\\Foundation\\Bootstrap\\RegisterProviders->bootstrap(Object(Illuminate\\Foundation\\Application))
#5 /Users/pauliyaji/Herd/powerhouse/vendor/laravel/framework/src/Illuminate/Foundation/Console/Kernel.php(494): Illuminate\\Foundation\\Application->bootstrapWith(Array)
#6 /Users/pauliyaji/Herd/powerhouse/vendor/laravel/framework/src/Illuminate/Foundation/Console/Kernel.php(196): Illuminate\\Foundation\\Console\\Kernel->bootstrap()
#7 /Users/pauliyaji/Herd/powerhouse/vendor/laravel/framework/src/Illuminate/Foundation/Application.php(1235): Illuminate\\Foundation\\Console\\Kernel->handle(Object(Symfony\\Component\\Console\\Input\\ArgvInput), Object(Symfony\\Component\\Console\\Output\\ConsoleOutput))
#8 /Users/pauliyaji/Herd/powerhouse/artisan(16): Illuminate\\Foundation\\Application->handleCommand(Object(Symfony\\Component\\Console\\Input\\ArgvInput))
#9 {main}
"} 
[2026-07-04 18:35:10] local.ERROR: __VSCODE_LARAVEL_STARTUP_ERROR__: include(/Users/pauliyaji/Herd/powerhouse/vendor/composer/../boa-intelligence/laravel-project-analyzer/src/ProjectAnalyzerServiceProvider.php): Failed to open stream: No such file or directory {"exception":"[object] (Error(code: 0): __VSCODE_LARAVEL_STARTUP_ERROR__: include(/Users/pauliyaji/Herd/powerhouse/vendor/composer/../boa-intelligence/laravel-project-analyzer/src/ProjectAnalyzerServiceProvider.php): Failed to open stream: No such file or directory at /Users/pauliyaji/Herd/powerhouse/vendor/_laravel_ide/discover-80bc781b69500326630e3fef7a4fdfeb.php:33)
[stacktrace]
#0 /Users/pauliyaji/Herd/powerhouse/vendor/_laravel_ide/discover-80bc781b69500326630e3fef7a4fdfeb.php(62): LaravelVsCode::startupError(Object(ErrorException))
#1 {main}
"} 
[2026-07-04 18:35:10] local.ERROR: __VSCODE_LARAVEL_STARTUP_ERROR__: include(/Users/pauliyaji/Herd/powerhouse/vendor/composer/../boa-intelligence/laravel-project-analyzer/src/ProjectAnalyzerServiceProvider.php): Failed to open stream: No such file or directory {"exception":"[object] (Error(code: 0): __VSCODE_LARAVEL_STARTUP_ERROR__: include(/Users/pauliyaji/Herd/powerhouse/vendor/composer/../boa-intelligence/laravel-project-analyzer/src/ProjectAnalyzerServiceProvider.php): Failed to open stream: No such file or directory at /Users/pauliyaji/Herd/powerhouse/vendor/_laravel_ide/discover-ec2e9975ebf5755f76a162b3dce99361.php:33)
[stacktrace]
#0 /Users/pauliyaji/Herd/powerhouse/vendor/_laravel_ide/discover-ec2e9975ebf5755f76a162b3dce99361.php(62): LaravelVsCode::startupError(Object(ErrorException))
#1 {main}
"} 
[2026-07-04 18:35:15] local.ERROR: include(/Users/pauliyaji/Herd/powerhouse/vendor/composer/../boa-intelligence/laravel-project-analyzer/src/ProjectAnalyzerServiceProvider.php): Failed to open stream: No such file or directory {"exception":"[object] (ErrorException(code: 0): include(/Users/pauliyaji/Herd/powerhouse/vendor/composer/../boa-intelligence/laravel-project-analyzer/src/ProjectAnalyzerServiceProvider.php): Failed to open stream: No such file or directory at /Users/pauliyaji/Herd/powerhouse/vendor/composer/ClassLoader.php:576)
[stacktrace]
#0 /Users/pauliyaji/Herd/powerhouse/vendor/laravel/framework/src/Illuminate/Foundation/Bootstrap/HandleExceptions.php(258): Illuminate\\Foundation\\Bootstrap\\HandleExceptions->handleError(2, 'include(/Users/...', '/Users/pauliyaj...', 576)
#1 /Users/pauliyaji/Herd/powerhouse/vendor/composer/ClassLoader.php(576): Illuminate\\Foundation\\Bootstrap\\HandleExceptions->{closure:Illuminate\\Foundation\\Bootstrap\\HandleExceptions::forwardsTo():257}(2, 'include(/Users/...', '/Users/pauliyaj...', 576)
#2 /Users/pauliyaji/Herd/powerhouse/vendor/composer/ClassLoader.php(576): include('/Users/pauliyaj...')
#3 /Users/pauliyaji/Herd/powerhouse/vendor/composer/ClassLoader.php(427): {closure:Composer\\Autoload\\ClassLoader::initializeIncludeClosure():575}('/Users/pauliyaj...')
#4 /Users/pauliyaji/Herd/powerhouse/vendor/laravel/framework/src/Illuminate/Foundation/Application.php(961): Composer\\Autoload\\ClassLoader->loadClass('ProjectAnalyzer...')
#5 /Users/pauliyaji/Herd/powerhouse/vendor/laravel/framework/src/Illuminate/Foundation/Application.php(893): Illuminate\\Foundation\\Application->resolveProvider('ProjectAnalyzer...')
#6 /Users/pauliyaji/Herd/powerhouse/vendor/laravel/framework/src/Illuminate/Foundation/ProviderRepository.php(74): Illuminate\\Foundation\\Application->register('ProjectAnalyzer...')
#7 /Users/pauliyaji/Herd/powerhouse/vendor/laravel/framework/src/Illuminate/Foundation/Application.php(871): Illuminate\\Foundation\\ProviderRepository->load(Array)
#8 /Users/pauliyaji/Herd/powerhouse/vendor/laravel/framework/src/Illuminate/Foundation/Bootstrap/RegisterProviders.php(37): Illuminate\\Foundation\\Application->registerConfiguredProviders()
#9 /Users/pauliyaji/Herd/powerhouse/vendor/laravel/framework/src/Illuminate/Foundation/Application.php(342): Illuminate\\Foundation\\Bootstrap\\RegisterProviders->bootstrap(Object(Illuminate\\Foundation\\Application))
#10 /Users/pauliyaji/Herd/powerhouse/vendor/laravel/framework/src/Illuminate/Foundation/Console/Kernel.php(494): Illuminate\\Foundation\\Application->bootstrapWith(Array)
#11 /Users/pauliyaji/Herd/powerhouse/vendor/laravel/framework/src/Illuminate/Foundation/Console/Kernel.php(196): Illuminate\\Foundation\\Console\\Kernel->bootstrap()
#12 Command line code(1): Illuminate\\Foundation\\Console\\Kernel->handle(Object(Symfony\\Component\\Console\\Input\\ArgvInput), Object(Symfony\\Component\\Console\\Output\\ConsoleOutput))
#13 {main}
"} 
[2026-07-04 18:35:15] local.ERROR: include(/Users/pauliyaji/Herd/powerhouse/vendor/composer/../boa-intelligence/laravel-project-analyzer/src/ProjectAnalyzerServiceProvider.php): Failed to open stream: No such file or directory {"exception":"[object] (ErrorException(code: 0): include(/Users/pauliyaji/Herd/powerhouse/vendor/composer/../boa-intelligence/laravel-project-analyzer/src/ProjectAnalyzerServiceProvider.php): Failed to open stream: No such file or directory at /Users/pauliyaji/Herd/powerhouse/vendor/composer/ClassLoader.php:576)
[stacktrace]
#0 /Users/pauliyaji/Herd/powerhouse/vendor/laravel/framework/src/Illuminate/Foundation/Bootstrap/HandleExceptions.php(258): Illuminate\\Foundation\\Bootstrap\\HandleExceptions->handleError(2, 'include(/Users/...', '/Users/pauliyaj...', 576)
#1 /Users/pauliyaji/Herd/powerhouse/vendor/composer/ClassLoader.php(576): Illuminate\\Foundation\\Bootstrap\\HandleExceptions->{closure:Illuminate\\Foundation\\Bootstrap\\HandleExceptions::forwardsTo():257}(2, 'include(/Users/...', '/Users/pauliyaj...', 576)
#2 /Users/pauliyaji/Herd/powerhouse/vendor/composer/ClassLoader.php(576): include('/Users/pauliyaj...')
#3 /Users/pauliyaji/Herd/powerhouse/vendor/composer/ClassLoader.php(427): {closure:Composer\\Autoload\\ClassLoader::initializeIncludeClosure():575}('/Users/pauliyaj...')
#4 /Users/pauliyaji/Herd/powerhouse/vendor/laravel/framework/src/Illuminate/Foundation/Application.php(961): Composer\\Autoload\\ClassLoader->loadClass('ProjectAnalyzer...')
#5 /Users/pauliyaji/Herd/powerhouse/vendor/laravel/framework/src/Illuminate/Foundation/Application.php(893): Illuminate\\Foundation\\Application->resolveProvider('ProjectAnalyzer...')
#6 /Users/pauliyaji/Herd/powerhouse/vendor/laravel/framework/src/Illuminate/Foundation/ProviderRepository.php(74): Illuminate\\Foundation\\Application->register('ProjectAnalyzer...')
#7 /Users/pauliyaji/Herd/powerhouse/vendor/laravel/framework/src/Illuminate/Foundation/Application.php(871): Illuminate\\Foundation\\ProviderRepository->load(Array)
#8 /Users/pauliyaji/Herd/powerhouse/vendor/laravel/framework/src/Illuminate/Foundation/Bootstrap/RegisterProviders.php(37): Illuminate\\Foundation\\Application->registerConfiguredProviders()
#9 /Users/pauliyaji/Herd/powerhouse/vendor/laravel/framework/src/Illuminate/Foundation/Application.php(342): Illuminate\\Foundation\\Bootstrap\\RegisterProviders->bootstrap(Object(Illuminate\\Foundation\\Application))
#10 /Users/pauliyaji/Herd/powerhouse/vendor/laravel/framework/src/Illuminate/Foundation/Console/Kernel.php(494): Illuminate\\Foundation\\Application->bootstrapWith(Array)
#11 /Users/pauliyaji/Herd/powerhouse/vendor/laravel/framework/src/Illuminate/Foundation/Console/Kernel.php(196): Illuminate\\Foundation\\Console\\Kernel->bootstrap()
#12 Command line code(1): Illuminate\\Foundation\\Console\\Kernel->handle(Object(Symfony\\Component\\Console\\Input\\ArgvInput), Object(Symfony\\Component\\Console\\Output\\ConsoleOutput))
#13 {main}
"} 
[2026-07-04 18:35:15] local.ERROR: include(/Users/pauliyaji/Herd/powerhouse/vendor/composer/../boa-intelligence/laravel-project-analyzer/src/ProjectAnalyzerServiceProvider.php): Failed to open stream: No such file or directory {"exception":"[object] (ErrorException(code: 0): include(/Users/pauliyaji/Herd/powerhouse/vendor/composer/../boa-intelligence/laravel-project-analyzer/src/ProjectAnalyzerServiceProvider.php): Failed to open stream: No such file or directory at /Users/pauliyaji/Herd/powerhouse/vendor/composer/ClassLoader.php:576)
[stacktrace]
#0 /Users/pauliyaji/Herd/powerhouse/vendor/laravel/framework/src/Illuminate/Foundation/Bootstrap/HandleExceptions.php(258): Illuminate\\Foundation\\Bootstrap\\HandleExceptions->handleError(2, 'include(/Users/...', '/Users/pauliyaj...', 576)
#1 /Users/pauliyaji/Herd/powerhouse/vendor/composer/ClassLoader.php(576): Illuminate\\Foundation\\Bootstrap\\HandleExceptions->{closure:Illuminate\\Foundation\\Bootstrap\\HandleExceptions::forwardsTo():257}(2, 'include(/Users/...', '/Users/pauliyaj...', 576)
#2 /Users/pauliyaji/Herd/powerhouse/vendor/composer/ClassLoader.php(576): include('/Users/pauliyaj...')
#3 /Users/pauliyaji/Herd/powerhouse/vendor/composer/ClassLoader.php(427): {closure:Composer\\Autoload\\ClassLoader::initializeIncludeClosure():575}('/Users/pauliyaj...')
#4 /Users/pauliyaji/Herd/powerhouse/vendor/laravel/framework/src/Illuminate/Foundation/Application.php(961): Composer\\Autoload\\ClassLoader->loadClass('ProjectAnalyzer...')
#5 /Users/pauliyaji/Herd/powerhouse/vendor/laravel/framework/src/Illuminate/Foundation/Application.php(893): Illuminate\\Foundation\\Application->resolveProvider('ProjectAnalyzer...')
#6 /Users/pauliyaji/Herd/powerhouse/vendor/laravel/framework/src/Illuminate/Foundation/ProviderRepository.php(74): Illuminate\\Foundation\\Application->register('ProjectAnalyzer...')
#7 /Users/pauliyaji/Herd/powerhouse/vendor/laravel/framework/src/Illuminate/Foundation/Application.php(871): Illuminate\\Foundation\\ProviderRepository->load(Array)
#8 /Users/pauliyaji/Herd/powerhouse/vendor/laravel/framework/src/Illuminate/Foundation/Bootstrap/RegisterProviders.php(37): Illuminate\\Foundation\\Application->registerConfiguredProviders()
#9 /Users/pauliyaji/Herd/powerhouse/vendor/laravel/framework/src/Illuminate/Foundation/Application.php(342): Illuminate\\Foundation\\Bootstrap\\RegisterProviders->bootstrap(Object(Illuminate\\Foundation\\Application))
#10 /Users/pauliyaji/Herd/powerhouse/vendor/laravel/framework/src/Illuminate/Foundation/Console/Kernel.php(494): Illuminate\\Foundation\\Application->bootstrapWith(Array)
#11 /Users/pauliyaji/Herd/powerhouse/vendor/laravel/framework/src/Illuminate/Foundation/Console/Kernel.php(196): Illuminate\\Foundation\\Console\\Kernel->bootstrap()
#12 Command line code(1): Illuminate\\Foundation\\Console\\Kernel->handle(Object(Symfony\\Component\\Console\\Input\\ArgvInput), Object(Symfony\\Component\\Console\\Output\\ConsoleOutput))
#13 {main}
"} 
[2026-07-04 18:35:15] local.ERROR: include(/Users/pauliyaji/Herd/powerhouse/vendor/composer/../boa-intelligence/laravel-project-analyzer/src/ProjectAnalyzerServiceProvider.php): Failed to open stream: No such file or directory {"exception":"[object] (ErrorException(code: 0): include(/Users/pauliyaji/Herd/powerhouse/vendor/composer/../boa-intelligence/laravel-project-analyzer/src/ProjectAnalyzerServiceProvider.php): Failed to open stream: No such file or directory at /Users/pauliyaji/Herd/powerhouse/vendor/composer/ClassLoader.php:576)
[stacktrace]
#0 /Users/pauliyaji/Herd/powerhouse/vendor/laravel/framework/src/Illuminate/Foundation/Bootstrap/HandleExceptions.php(258): Illuminate\\Foundation\\Bootstrap\\HandleExceptions->handleError(2, 'include(/Users/...', '/Users/pauliyaj...', 576)
#1 /Users/pauliyaji/Herd/powerhouse/vendor/composer/ClassLoader.php(576): Illuminate\\Foundation\\Bootstrap\\HandleExceptions->{closure:Illuminate\\Foundation\\Bootstrap\\HandleExceptions::forwardsTo():257}(2, 'include(/Users/...', '/Users/pauliyaj...', 576)
#2 /Users/pauliyaji/Herd/powerhouse/vendor/composer/ClassLoader.php(576): include('/Users/pauliyaj...')
#3 /Users/pauliyaji/Herd/powerhouse/vendor/composer/ClassLoader.php(427): {closure:Composer\\Autoload\\ClassLoader::initializeIncludeClosure():575}('/Users/pauliyaj...')
#4 /Users/pauliyaji/Herd/powerhouse/vendor/laravel/framework/src/Illuminate/Foundation/Application.php(961): Composer\\Autoload\\ClassLoader->loadClass('ProjectAnalyzer...')
#5 /Users/pauliyaji/Herd/powerhouse/vendor/laravel/framework/src/Illuminate/Foundation/Application.php(893): Illuminate\\Foundation\\Application->resolveProvider('ProjectAnalyzer...')
#6 /Users/pauliyaji/Herd/powerhouse/vendor/laravel/framework/src/Illuminate/Foundation/ProviderRepository.php(74): Illuminate\\Foundation\\Application->register('ProjectAnalyzer...')
#7 /Users/pauliyaji/Herd/powerhouse/vendor/laravel/framework/src/Illuminate/Foundation/Application.php(871): Illuminate\\Foundation\\ProviderRepository->load(Array)
#8 /Users/pauliyaji/Herd/powerhouse/vendor/laravel/framework/src/Illuminate/Foundation/Bootstrap/RegisterProviders.php(37): Illuminate\\Foundation\\Application->registerConfiguredProviders()
#9 /Users/pauliyaji/Herd/powerhouse/vendor/laravel/framework/src/Illuminate/Foundation/Application.php(342): Illuminate\\Foundation\\Bootstrap\\RegisterProviders->bootstrap(Object(Illuminate\\Foundation\\Application))
#10 /Users/pauliyaji/Herd/powerhouse/vendor/laravel/framework/src/Illuminate/Foundation/Console/Kernel.php(494): Illuminate\\Foundation\\Application->bootstrapWith(Array)
#11 /Users/pauliyaji/Herd/powerhouse/vendor/laravel/framework/src/Illuminate/Foundation/Console/Kernel.php(196): Illuminate\\Foundation\\Console\\Kernel->bootstrap()
#12 Command line code(1): Illuminate\\Foundation\\Console\\Kernel->handle(Object(Symfony\\Component\\Console\\Input\\ArgvInput), Object(Symfony\\Component\\Console\\Output\\ConsoleOutput))
#13 {main}
"} 
[2026-07-04 18:35:15] local.ERROR: include(/Users/pauliyaji/Herd/powerhouse/vendor/composer/../boa-intelligence/laravel-project-analyzer/src/ProjectAnalyzerServiceProvider.php): Failed to open stream: No such file or directory {"exception":"[object] (ErrorException(code: 0): include(/Users/pauliyaji/Herd/powerhouse/vendor/composer/../boa-intelligence/laravel-project-analyzer/src/ProjectAnalyzerServiceProvider.php): Failed to open stream: No such file or directory at /Users/pauliyaji/Herd/powerhouse/vendor/composer/ClassLoader.php:576)
[stacktrace]
#0 /Users/pauliyaji/Herd/powerhouse/vendor/laravel/framework/src/Illuminate/Foundation/Bootstrap/HandleExceptions.php(258): Illuminate\\Foundation\\Bootstrap\\HandleExceptions->handleError(2, 'include(/Users/...', '/Users/pauliyaj...', 576)
#1 /Users/pauliyaji/Herd/powerhouse/vendor/composer/ClassLoader.php(576): Illuminate\\Foundation\\Bootstrap\\HandleExceptions->{closure:Illuminate\\Foundation\\Bootstrap\\HandleExceptions::forwardsTo():257}(2, 'include(/Users/...', '/Users/pauliyaj...', 576)
#2 /Users/pauliyaji/Herd/powerhouse/vendor/composer/ClassLoader.php(576): include('/Users/pauliyaj...')
#3 /Users/pauliyaji/Herd/powerhouse/vendor/composer/ClassLoader.php(427): {closure:Composer\\Autoload\\ClassLoader::initializeIncludeClosure():575}('/Users/pauliyaj...')
#4 /Users/pauliyaji/Herd/powerhouse/vendor/laravel/framework/src/Illuminate/Foundation/Application.php(961): Composer\\Autoload\\ClassLoader->loadClass('ProjectAnalyzer...')
#5 /Users/pauliyaji/Herd/powerhouse/vendor/laravel/framework/src/Illuminate/Foundation/Application.php(893): Illuminate\\Foundation\\Application->resolveProvider('ProjectAnalyzer...')
#6 /Users/pauliyaji/Herd/powerhouse/vendor/laravel/framework/src/Illuminate/Foundation/ProviderRepository.php(74): Illuminate\\Foundation\\Application->register('ProjectAnalyzer...')
#7 /Users/pauliyaji/Herd/powerhouse/vendor/laravel/framework/src/Illuminate/Foundation/Application.php(871): Illuminate\\Foundation\\ProviderRepository->load(Array)
#8 /Users/pauliyaji/Herd/powerhouse/vendor/laravel/framework/src/Illuminate/Foundation/Bootstrap/RegisterProviders.php(37): Illuminate\\Foundation\\Application->registerConfiguredProviders()
#9 /Users/pauliyaji/Herd/powerhouse/vendor/laravel/framework/src/Illuminate/Foundation/Application.php(342): Illuminate\\Foundation\\Bootstrap\\RegisterProviders->bootstrap(Object(Illuminate\\Foundation\\Application))
#10 /Users/pauliyaji/Herd/powerhouse/vendor/laravel/framework/src/Illuminate/Foundation/Console/Kernel.php(494): Illuminate\\Foundation\\Application->bootstrapWith(Array)
#11 /Users/pauliyaji/Herd/powerhouse/vendor/laravel/framework/src/Illuminate/Foundation/Console/Kernel.php(196): Illuminate\\Foundation\\Console\\Kernel->bootstrap()
#12 Command line code(1): Illuminate\\Foundation\\Console\\Kernel->handle(Object(Symfony\\Component\\Console\\Input\\ArgvInput), Object(Symfony\\Component\\Console\\Output\\ConsoleOutput))
#13 {main}
"} 
[2026-07-04 18:35:15] local.ERROR: include(/Users/pauliyaji/Herd/powerhouse/vendor/composer/../boa-intelligence/laravel-project-analyzer/src/ProjectAnalyzerServiceProvider.php): Failed to open stream: No such file or directory {"exception":"[object] (ErrorException(code: 0): include(/Users/pauliyaji/Herd/powerhouse/vendor/composer/../boa-intelligence/laravel-project-analyzer/src/ProjectAnalyzerServiceProvider.php): Failed to open stream: No such file or directory at /Users/pauliyaji/Herd/powerhouse/vendor/composer/ClassLoader.php:576)
[stacktrace]
#0 /Users/pauliyaji/Herd/powerhouse/vendor/laravel/framework/src/Illuminate/Foundation/Bootstrap/HandleExceptions.php(258): Illuminate\\Foundation\\Bootstrap\\HandleExceptions->handleError(2, 'include(/Users/...', '/Users/pauliyaj...', 576)
#1 /Users/pauliyaji/Herd/powerhouse/vendor/composer/ClassLoader.php(576): Illuminate\\Foundation\\Bootstrap\\HandleExceptions->{closure:Illuminate\\Foundation\\Bootstrap\\HandleExceptions::forwardsTo():257}(2, 'include(/Users/...', '/Users/pauliyaj...', 576)
#2 /Users/pauliyaji/Herd/powerhouse/vendor/composer/ClassLoader.php(576): include('/Users/pauliyaj...')
#3 /Users/pauliyaji/Herd/powerhouse/vendor/composer/ClassLoader.php(427): {closure:Composer\\Autoload\\ClassLoader::initializeIncludeClosure():575}('/Users/pauliyaj...')
#4 /Users/pauliyaji/Herd/powerhouse/vendor/laravel/framework/src/Illuminate/Foundation/Application.php(961): Composer\\Autoload\\ClassLoader->loadClass('ProjectAnalyzer...')
#5 /Users/pauliyaji/Herd/powerhouse/vendor/laravel/framework/src/Illuminate/Foundation/Application.php(893): Illuminate\\Foundation\\Application->resolveProvider('ProjectAnalyzer...')
#6 /Users/pauliyaji/Herd/powerhouse/vendor/laravel/framework/src/Illuminate/Foundation/ProviderRepository.php(74): Illuminate\\Foundation\\Application->register('ProjectAnalyzer...')
#7 /Users/pauliyaji/Herd/powerhouse/vendor/laravel/framework/src/Illuminate/Foundation/Application.php(871): Illuminate\\Foundation\\ProviderRepository->load(Array)
#8 /Users/pauliyaji/Herd/powerhouse/vendor/laravel/framework/src/Illuminate/Foundation/Bootstrap/RegisterProviders.php(37): Illuminate\\Foundation\\Application->registerConfiguredProviders()
#9 /Users/pauliyaji/Herd/powerhouse/vendor/laravel/framework/src/Illuminate/Foundation/Application.php(342): Illuminate\\Foundation\\Bootstrap\\RegisterProviders->bootstrap(Object(Illuminate\\Foundation\\Application))
#10 /Users/pauliyaji/Herd/powerhouse/vendor/laravel/framework/src/Illuminate/Foundation/Console/Kernel.php(494): Illuminate\\Foundation\\Application->bootstrapWith(Array)
#11 /Users/pauliyaji/Herd/powerhouse/vendor/laravel/framework/src/Illuminate/Foundation/Console/Kernel.php(196): Illuminate\\Foundation\\Console\\Kernel->bootstrap()
#12 Command line code(1): Illuminate\\Foundation\\Console\\Kernel->handle(Object(Symfony\\Component\\Console\\Input\\ArgvInput), Object(Symfony\\Component\\Console\\Output\\ConsoleOutput))
#13 {main}
"} 
[2026-07-04 18:35:18] local.ERROR: __VSCODE_LARAVEL_STARTUP_ERROR__: include(/Users/pauliyaji/Herd/powerhouse/vendor/composer/../boa-intelligence/laravel-project-analyzer/src/ProjectAnalyzerServiceProvider.php): Failed to open stream: No such file or directory {"exception":"[object] (Error(code: 0): __VSCODE_LARAVEL_STARTUP_ERROR__: include(/Users/pauliyaji/Herd/powerhouse/vendor/composer/../boa-intelligence/laravel-project-analyzer/src/ProjectAnalyzerServiceProvider.php): Failed to open stream: No such file or directory at /Users/pauliyaji/Herd/powerhouse/vendor/_laravel_ide/discover-5c3cbe5e47b16e6c5fd1967f09c399da.php:33)
[stacktrace]
#0 /Users/pauliyaji/Herd/powerhouse/vendor/_laravel_ide/discover-5c3cbe5e47b16e6c5fd1967f09c399da.php(62): LaravelVsCode::startupError(Object(ErrorException))
#1 {main}
"} 
[2026-07-04 18:35:18] local.ERROR: __VSCODE_LARAVEL_STARTUP_ERROR__: include(/Users/pauliyaji/Herd/powerhouse/vendor/composer/../boa-intelligence/laravel-project-analyzer/src/ProjectAnalyzerServiceProvider.php): Failed to open stream: No such file or directory {"exception":"[object] (Error(code: 0): __VSCODE_LARAVEL_STARTUP_ERROR__: include(/Users/pauliyaji/Herd/powerhouse/vendor/composer/../boa-intelligence/laravel-project-analyzer/src/ProjectAnalyzerServiceProvider.php): Failed to open stream: No such file or directory at /Users/pauliyaji/Herd/powerhouse/vendor/_laravel_ide/discover-80bc781b69500326630e3fef7a4fdfeb.php:33)
[stacktrace]
#0 /Users/pauliyaji/Herd/powerhouse/vendor/_laravel_ide/discover-80bc781b69500326630e3fef7a4fdfeb.php(62): LaravelVsCode::startupError(Object(ErrorException))
#1 {main}
"} 
[2026-07-04 18:35:18] local.ERROR: __VSCODE_LARAVEL_STARTUP_ERROR__: include(/Users/pauliyaji/Herd/powerhouse/vendor/composer/../boa-intelligence/laravel-project-analyzer/src/ProjectAnalyzerServiceProvider.php): Failed to open stream: No such file or directory {"exception":"[object] (Error(code: 0): __VSCODE_LARAVEL_STARTUP_ERROR__: include(/Users/pauliyaji/Herd/powerhouse/vendor/composer/../boa-intelligence/laravel-project-analyzer/src/ProjectAnalyzerServiceProvider.php): Failed to open stream: No such file or directory at /Users/pauliyaji/Herd/powerhouse/vendor/_laravel_ide/discover-ec2e9975ebf5755f76a162b3dce99361.php:33)
[stacktrace]
#0 /Users/pauliyaji/Herd/powerhouse/vendor/_laravel_ide/discover-ec2e9975ebf5755f76a162b3dce99361.php(62): LaravelVsCode::startupError(Object(ErrorException))
#1 {main}
"} 
[2026-07-04 18:35:19] local.ERROR: __VSCODE_LARAVEL_STARTUP_ERROR__: include(/Users/pauliyaji/Herd/powerhouse/vendor/composer/../boa-intelligence/laravel-project-analyzer/src/ProjectAnalyzerServiceProvider.php): Failed to open stream: No such file or directory {"exception":"[object] (Error(code: 0): __VSCODE_LARAVEL_STARTUP_ERROR__: include(/Users/pauliyaji/Herd/powerhouse/vendor/composer/../boa-intelligence/laravel-project-analyzer/src/ProjectAnalyzerServiceProvider.php): Failed to open stream: No such file or directory at /Users/pauliyaji/Herd/powerhouse/vendor/_laravel_ide/discover-5c3cbe5e47b16e6c5fd1967f09c399da.php:33)
[stacktrace]
#0 /Users/pauliyaji/Herd/powerhouse/vendor/_laravel_ide/discover-5c3cbe5e47b16e6c5fd1967f09c399da.php(62): LaravelVsCode::startupError(Object(ErrorException))
#1 {main}
"} 
[2026-07-04 18:35:19] local.ERROR: __VSCODE_LARAVEL_STARTUP_ERROR__: include(/Users/pauliyaji/Herd/powerhouse/vendor/composer/../boa-intelligence/laravel-project-analyzer/src/ProjectAnalyzerServiceProvider.php): Failed to open stream: No such file or directory {"exception":"[object] (Error(code: 0): __VSCODE_LARAVEL_STARTUP_ERROR__: include(/Users/pauliyaji/Herd/powerhouse/vendor/composer/../boa-intelligence/laravel-project-analyzer/src/ProjectAnalyzerServiceProvider.php): Failed to open stream: No such file or directory at /Users/pauliyaji/Herd/powerhouse/vendor/_laravel_ide/discover-80bc781b69500326630e3fef7a4fdfeb.php:33)
[stacktrace]
#0 /Users/pauliyaji/Herd/powerhouse/vendor/_laravel_ide/discover-80bc781b69500326630e3fef7a4fdfeb.php(62): LaravelVsCode::startupError(Object(ErrorException))
#1 {main}
"} 
[2026-07-04 18:35:19] local.ERROR: __VSCODE_LARAVEL_STARTUP_ERROR__: include(/Users/pauliyaji/Herd/powerhouse/vendor/composer/../boa-intelligence/laravel-project-analyzer/src/ProjectAnalyzerServiceProvider.php): Failed to open stream: No such file or directory {"exception":"[object] (Error(code: 0): __VSCODE_LARAVEL_STARTUP_ERROR__: include(/Users/pauliyaji/Herd/powerhouse/vendor/composer/../boa-intelligence/laravel-project-analyzer/src/ProjectAnalyzerServiceProvider.php): Failed to open stream: No such file or directory at /Users/pauliyaji/Herd/powerhouse/vendor/_laravel_ide/discover-ec2e9975ebf5755f76a162b3dce99361.php:33)
[stacktrace]
#0 /Users/pauliyaji/Herd/powerhouse/vendor/_laravel_ide/discover-ec2e9975ebf5755f76a162b3dce99361.php(62): LaravelVsCode::startupError(Object(ErrorException))
#1 {main}
"} 
[2026-07-04 18:35:19] local.ERROR: __VSCODE_LARAVEL_STARTUP_ERROR__: include(/Users/pauliyaji/Herd/powerhouse/vendor/composer/../boa-intelligence/laravel-project-analyzer/src/ProjectAnalyzerServiceProvider.php): Failed to open stream: No such file or directory {"exception":"[object] (Error(code: 0): __VSCODE_LARAVEL_STARTUP_ERROR__: include(/Users/pauliyaji/Herd/powerhouse/vendor/composer/../boa-intelligence/laravel-project-analyzer/src/ProjectAnalyzerServiceProvider.php): Failed to open stream: No such file or directory at /Users/pauliyaji/Herd/powerhouse/vendor/_laravel_ide/discover-5c3cbe5e47b16e6c5fd1967f09c399da.php:33)
[stacktrace]
#0 /Users/pauliyaji/Herd/powerhouse/vendor/_laravel_ide/discover-5c3cbe5e47b16e6c5fd1967f09c399da.php(62): LaravelVsCode::startupError(Object(ErrorException))
#1 {main}
"} 
[2026-07-04 18:35:20] local.ERROR: __VSCODE_LARAVEL_STARTUP_ERROR__: include(/Users/pauliyaji/Herd/powerhouse/vendor/composer/../boa-intelligence/laravel-project-analyzer/src/ProjectAnalyzerServiceProvider.php): Failed to open stream: No such file or directory {"exception":"[object] (Error(code: 0): __VSCODE_LARAVEL_STARTUP_ERROR__: include(/Users/pauliyaji/Herd/powerhouse/vendor/composer/../boa-intelligence/laravel-project-analyzer/src/ProjectAnalyzerServiceProvider.php): Failed to open stream: No such file or directory at /Users/pauliyaji/Herd/powerhouse/vendor/_laravel_ide/discover-80bc781b69500326630e3fef7a4fdfeb.php:33)
[stacktrace]
#0 /Users/pauliyaji/Herd/powerhouse/vendor/_laravel_ide/discover-80bc781b69500326630e3fef7a4fdfeb.php(62): LaravelVsCode::startupError(Object(ErrorException))
#1 {main}
"} 
[2026-07-04 18:35:20] local.ERROR: __VSCODE_LARAVEL_STARTUP_ERROR__: include(/Users/pauliyaji/Herd/powerhouse/vendor/composer/../boa-intelligence/laravel-project-analyzer/src/ProjectAnalyzerServiceProvider.php): Failed to open stream: No such file or directory {"exception":"[object] (Error(code: 0): __VSCODE_LARAVEL_STARTUP_ERROR__: include(/Users/pauliyaji/Herd/powerhouse/vendor/composer/../boa-intelligence/laravel-project-analyzer/src/ProjectAnalyzerServiceProvider.php): Failed to open stream: No such file or directory at /Users/pauliyaji/Herd/powerhouse/vendor/_laravel_ide/discover-ec2e9975ebf5755f76a162b3dce99361.php:33)
[stacktrace]
#0 /Users/pauliyaji/Herd/powerhouse/vendor/_laravel_ide/discover-ec2e9975ebf5755f76a162b3dce99361.php(62): LaravelVsCode::startupError(Object(ErrorException))
#1 {main}
"} 
[2026-07-04 18:35:21] local.ERROR: __VSCODE_LARAVEL_STARTUP_ERROR__: include(/Users/pauliyaji/Herd/powerhouse/vendor/composer/../boa-intelligence/laravel-project-analyzer/src/ProjectAnalyzerServiceProvider.php): Failed to open stream: No such file or directory {"exception":"[object] (Error(code: 0): __VSCODE_LARAVEL_STARTUP_ERROR__: include(/Users/pauliyaji/Herd/powerhouse/vendor/composer/../boa-intelligence/laravel-project-analyzer/src/ProjectAnalyzerServiceProvider.php): Failed to open stream: No such file or directory at /Users/pauliyaji/Herd/powerhouse/vendor/_laravel_ide/discover-5c3cbe5e47b16e6c5fd1967f09c399da.php:33)
[stacktrace]
#0 /Users/pauliyaji/Herd/powerhouse/vendor/_laravel_ide/discover-5c3cbe5e47b16e6c5fd1967f09c399da.php(62): LaravelVsCode::startupError(Object(ErrorException))
#1 {main}
"} 
[2026-07-04 18:35:23] local.ERROR: __VSCODE_LARAVEL_STARTUP_ERROR__: include(/Users/pauliyaji/Herd/powerhouse/vendor/composer/../boa-intelligence/laravel-project-analyzer/src/ProjectAnalyzerServiceProvider.php): Failed to open stream: No such file or directory {"exception":"[object] (Error(code: 0): __VSCODE_LARAVEL_STARTUP_ERROR__: include(/Users/pauliyaji/Herd/powerhouse/vendor/composer/../boa-intelligence/laravel-project-analyzer/src/ProjectAnalyzerServiceProvider.php): Failed to open stream: No such file or directory at /Users/pauliyaji/Herd/powerhouse/vendor/_laravel_ide/discover-ec2e9975ebf5755f76a162b3dce99361.php:33)
[stacktrace]
#0 /Users/pauliyaji/Herd/powerhouse/vendor/_laravel_ide/discover-ec2e9975ebf5755f76a162b3dce99361.php(62): LaravelVsCode::startupError(Object(ErrorException))
#1 {main}
"} 
[2026-07-04 18:35:23] local.ERROR: __VSCODE_LARAVEL_STARTUP_ERROR__: include(/Users/pauliyaji/Herd/powerhouse/vendor/composer/../boa-intelligence/laravel-project-analyzer/src/ProjectAnalyzerServiceProvider.php): Failed to open stream: No such file or directory {"exception":"[object] (Error(code: 0): __VSCODE_LARAVEL_STARTUP_ERROR__: include(/Users/pauliyaji/Herd/powerhouse/vendor/composer/../boa-intelligence/laravel-project-analyzer/src/ProjectAnalyzerServiceProvider.php): Failed to open stream: No such file or directory at /Users/pauliyaji/Herd/powerhouse/vendor/_laravel_ide/discover-80bc781b69500326630e3fef7a4fdfeb.php:33)
[stacktrace]
#0 /Users/pauliyaji/Herd/powerhouse/vendor/_laravel_ide/discover-80bc781b69500326630e3fef7a4fdfeb.php(62): LaravelVsCode::startupError(Object(ErrorException))
#1 {main}
"} 
[2026-07-04 18:35:24] local.ERROR: __VSCODE_LARAVEL_STARTUP_ERROR__: include(/Users/pauliyaji/Herd/powerhouse/vendor/composer/../boa-intelligence/laravel-project-analyzer/src/ProjectAnalyzerServiceProvider.php): Failed to open stream: No such file or directory {"exception":"[object] (Error(code: 0): __VSCODE_LARAVEL_STARTUP_ERROR__: include(/Users/pauliyaji/Herd/powerhouse/vendor/composer/../boa-intelligence/laravel-project-analyzer/src/ProjectAnalyzerServiceProvider.php): Failed to open stream: No such file or directory at /Users/pauliyaji/Herd/powerhouse/vendor/_laravel_ide/discover-5c3cbe5e47b16e6c5fd1967f09c399da.php:33)
[stacktrace]
#0 /Users/pauliyaji/Herd/powerhouse/vendor/_laravel_ide/discover-5c3cbe5e47b16e6c5fd1967f09c399da.php(62): LaravelVsCode::startupError(Object(ErrorException))
#1 {main}
"} 
[2026-07-04 18:51:10] local.ERROR: __VSCODE_LARAVEL_STARTUP_ERROR__: include(/Users/pauliyaji/Herd/powerhouse/vendor/composer/../boa-intelligence/laravel-project-analyzer/src/ProjectAnalyzerServiceProvider.php): Failed to open stream: No such file or directory {"exception":"[object] (Error(code: 0): __VSCODE_LARAVEL_STARTUP_ERROR__: include(/Users/pauliyaji/Herd/powerhouse/vendor/composer/../boa-intelligence/laravel-project-analyzer/src/ProjectAnalyzerServiceProvider.php): Failed to open stream: No such file or directory at /Users/pauliyaji/Herd/powerhouse/vendor/_laravel_ide/discover-ec2e9975ebf5755f76a162b3dce99361.php:33)
[stacktrace]
#0 /Users/pauliyaji/Herd/powerhouse/vendor/_laravel_ide/discover-ec2e9975ebf5755f76a162b3dce99361.php(62): LaravelVsCode::startupError(Object(ErrorException))
#1 {main}
"} 
[2026-07-04 18:51:10] local.ERROR: __VSCODE_LARAVEL_STARTUP_ERROR__: include(/Users/pauliyaji/Herd/powerhouse/vendor/composer/../boa-intelligence/laravel-project-analyzer/src/ProjectAnalyzerServiceProvider.php): Failed to open stream: No such file or directory {"exception":"[object] (Error(code: 0): __VSCODE_LARAVEL_STARTUP_ERROR__: include(/Users/pauliyaji/Herd/powerhouse/vendor/composer/../boa-intelligence/laravel-project-analyzer/src/ProjectAnalyzerServiceProvider.php): Failed to open stream: No such file or directory at /Users/pauliyaji/Herd/powerhouse/vendor/_laravel_ide/discover-80bc781b69500326630e3fef7a4fdfeb.php:33)
[stacktrace]
#0 /Users/pauliyaji/Herd/powerhouse/vendor/_laravel_ide/discover-80bc781b69500326630e3fef7a4fdfeb.php(62): LaravelVsCode::startupError(Object(ErrorException))
#1 {main}
"} 
[2026-07-04 18:51:15] local.ERROR: include(/Users/pauliyaji/Herd/powerhouse/vendor/composer/../boa-intelligence/laravel-project-analyzer/src/ProjectAnalyzerServiceProvider.php): Failed to open stream: No such file or directory {"exception":"[object] (ErrorException(code: 0): include(/Users/pauliyaji/Herd/powerhouse/vendor/composer/../boa-intelligence/laravel-project-analyzer/src/ProjectAnalyzerServiceProvider.php): Failed to open stream: No such file or directory at /Users/pauliyaji/Herd/powerhouse/vendor/composer/ClassLoader.php:576)
[stacktrace]
#0 /Users/pauliyaji/Herd/powerhouse/vendor/laravel/framework/src/Illuminate/Foundation/Bootstrap/HandleExceptions.php(258): Illuminate\\Foundation\\Bootstrap\\HandleExceptions->handleError(2, 'include(/Users/...', '/Users/pauliyaj...', 576)
#1 /Users/pauliyaji/Herd/powerhouse/vendor/composer/ClassLoader.php(576): Illuminate\\Foundation\\Bootstrap\\HandleExceptions->{closure:Illuminate\\Foundation\\Bootstrap\\HandleExceptions::forwardsTo():257}(2, 'include(/Users/...', '/Users/pauliyaj...', 576)
#2 /Users/pauliyaji/Herd/powerhouse/vendor/composer/ClassLoader.php(576): include('/Users/pauliyaj...')
#3 /Users/pauliyaji/Herd/powerhouse/vendor/composer/ClassLoader.php(427): {closure:Composer\\Autoload\\ClassLoader::initializeIncludeClosure():575}('/Users/pauliyaj...')
#4 /Users/pauliyaji/Herd/powerhouse/vendor/laravel/framework/src/Illuminate/Foundation/Application.php(961): Composer\\Autoload\\ClassLoader->loadClass('ProjectAnalyzer...')
#5 /Users/pauliyaji/Herd/powerhouse/vendor/laravel/framework/src/Illuminate/Foundation/Application.php(893): Illuminate\\Foundation\\Application->resolveProvider('ProjectAnalyzer...')
#6 /Users/pauliyaji/Herd/powerhouse/vendor/laravel/framework/src/Illuminate/Foundation/ProviderRepository.php(74): Illuminate\\Foundation\\Application->register('ProjectAnalyzer...')
#7 /Users/pauliyaji/Herd/powerhouse/vendor/laravel/framework/src/Illuminate/Foundation/Application.php(871): Illuminate\\Foundation\\ProviderRepository->load(Array)
#8 /Users/pauliyaji/Herd/powerhouse/vendor/laravel/framework/src/Illuminate/Foundation/Bootstrap/RegisterProviders.php(37): Illuminate\\Foundation\\Application->registerConfiguredProviders()
#9 /Users/pauliyaji/Herd/powerhouse/vendor/laravel/framework/src/Illuminate/Foundation/Application.php(342): Illuminate\\Foundation\\Bootstrap\\RegisterProviders->bootstrap(Object(Illuminate\\Foundation\\Application))
#10 /Users/pauliyaji/Herd/powerhouse/vendor/laravel/framework/src/Illuminate/Foundation/Console/Kernel.php(494): Illuminate\\Foundation\\Application->bootstrapWith(Array)
#11 /Users/pauliyaji/Herd/powerhouse/vendor/laravel/framework/src/Illuminate/Foundation/Console/Kernel.php(196): Illuminate\\Foundation\\Console\\Kernel->bootstrap()
#12 Command line code(1): Illuminate\\Foundation\\Console\\Kernel->handle(Object(Symfony\\Component\\Console\\Input\\ArgvInput), Object(Symfony\\Component\\Console\\Output\\ConsoleOutput))
#13 {main}
"} 
[2026-07-04 18:51:15] local.ERROR: include(/Users/pauliyaji/Herd/powerhouse/vendor/composer/../boa-intelligence/laravel-project-analyzer/src/ProjectAnalyzerServiceProvider.php): Failed to open stream: No such file or directory {"exception":"[object] (ErrorException(code: 0): include(/Users/pauliyaji/Herd/powerhouse/vendor/composer/../boa-intelligence/laravel-project-analyzer/src/ProjectAnalyzerServiceProvider.php): Failed to open stream: No such file or directory at /Users/pauliyaji/Herd/powerhouse/vendor/composer/ClassLoader.php:576)
[stacktrace]
#0 /Users/pauliyaji/Herd/powerhouse/vendor/laravel/framework/src/Illuminate/Foundation/Bootstrap/HandleExceptions.php(258): Illuminate\\Foundation\\Bootstrap\\HandleExceptions->handleError(2, 'include(/Users/...', '/Users/pauliyaj...', 576)
#1 /Users/pauliyaji/Herd/powerhouse/vendor/composer/ClassLoader.php(576): Illuminate\\Foundation\\Bootstrap\\HandleExceptions->{closure:Illuminate\\Foundation\\Bootstrap\\HandleExceptions::forwardsTo():257}(2, 'include(/Users/...', '/Users/pauliyaj...', 576)
#2 /Users/pauliyaji/Herd/powerhouse/vendor/composer/ClassLoader.php(576): include('/Users/pauliyaj...')
#3 /Users/pauliyaji/Herd/powerhouse/vendor/composer/ClassLoader.php(427): {closure:Composer\\Autoload\\ClassLoader::initializeIncludeClosure():575}('/Users/pauliyaj...')
#4 /Users/pauliyaji/Herd/powerhouse/vendor/laravel/framework/src/Illuminate/Foundation/Application.php(961): Composer\\Autoload\\ClassLoader->loadClass('ProjectAnalyzer...')
#5 /Users/pauliyaji/Herd/powerhouse/vendor/laravel/framework/src/Illuminate/Foundation/Application.php(893): Illuminate\\Foundation\\Application->resolveProvider('ProjectAnalyzer...')
#6 /Users/pauliyaji/Herd/powerhouse/vendor/laravel/framework/src/Illuminate/Foundation/ProviderRepository.php(74): Illuminate\\Foundation\\Application->register('ProjectAnalyzer...')
#7 /Users/pauliyaji/Herd/powerhouse/vendor/laravel/framework/src/Illuminate/Foundation/Application.php(871): Illuminate\\Foundation\\ProviderRepository->load(Array)
#8 /Users/pauliyaji/Herd/powerhouse/vendor/laravel/framework/src/Illuminate/Foundation/Bootstrap/RegisterProviders.php(37): Illuminate\\Foundation\\Application->registerConfiguredProviders()
#9 /Users/pauliyaji/Herd/powerhouse/vendor/laravel/framework/src/Illuminate/Foundation/Application.php(342): Illuminate\\Foundation\\Bootstrap\\RegisterProviders->bootstrap(Object(Illuminate\\Foundation\\Application))
#10 /Users/pauliyaji/Herd/powerhouse/vendor/laravel/framework/src/Illuminate/Foundation/Console/Kernel.php(494): Illuminate\\Foundation\\Application->bootstrapWith(Array)
#11 /Users/pauliyaji/Herd/powerhouse/vendor/laravel/framework/src/Illuminate/Foundation/Console/Kernel.php(196): Illuminate\\Foundation\\Console\\Kernel->bootstrap()
#12 Command line code(1): Illuminate\\Foundation\\Console\\Kernel->handle(Object(Symfony\\Component\\Console\\Input\\ArgvInput), Object(Symfony\\Component\\Console\\Output\\ConsoleOutput))
#13 {main}
"} 
[2026-07-04 18:51:15] local.ERROR: include(/Users/pauliyaji/Herd/powerhouse/vendor/composer/../boa-intelligence/laravel-project-analyzer/src/ProjectAnalyzerServiceProvider.php): Failed to open stream: No such file or directory {"exception":"[object] (ErrorException(code: 0): include(/Users/pauliyaji/Herd/powerhouse/vendor/composer/../boa-intelligence/laravel-project-analyzer/src/ProjectAnalyzerServiceProvider.php): Failed to open stream: No such file or directory at /Users/pauliyaji/Herd/powerhouse/vendor/composer/ClassLoader.php:576)
[stacktrace]
#0 /Users/pauliyaji/Herd/powerhouse/vendor/laravel/framework/src/Illuminate/Foundation/Bootstrap/HandleExceptions.php(258): Illuminate\\Foundation\\Bootstrap\\HandleExceptions->handleError(2, 'include(/Users/...', '/Users/pauliyaj...', 576)
#1 /Users/pauliyaji/Herd/powerhouse/vendor/composer/ClassLoader.php(576): Illuminate\\Foundation\\Bootstrap\\HandleExceptions->{closure:Illuminate\\Foundation\\Bootstrap\\HandleExceptions::forwardsTo():257}(2, 'include(/Users/...', '/Users/pauliyaj...', 576)
#2 /Users/pauliyaji/Herd/powerhouse/vendor/composer/ClassLoader.php(576): include('/Users/pauliyaj...')
#3 /Users/pauliyaji/Herd/powerhouse/vendor/composer/ClassLoader.php(427): {closure:Composer\\Autoload\\ClassLoader::initializeIncludeClosure():575}('/Users/pauliyaj...')
#4 /Users/pauliyaji/Herd/powerhouse/vendor/laravel/framework/src/Illuminate/Foundation/Application.php(961): Composer\\Autoload\\ClassLoader->loadClass('ProjectAnalyzer...')
#5 /Users/pauliyaji/Herd/powerhouse/vendor/laravel/framework/src/Illuminate/Foundation/Application.php(893): Illuminate\\Foundation\\Application->resolveProvider('ProjectAnalyzer...')
#6 /Users/pauliyaji/Herd/powerhouse/vendor/laravel/framework/src/Illuminate/Foundation/ProviderRepository.php(74): Illuminate\\Foundation\\Application->register('ProjectAnalyzer...')
#7 /Users/pauliyaji/Herd/powerhouse/vendor/laravel/framework/src/Illuminate/Foundation/Application.php(871): Illuminate\\Foundation\\ProviderRepository->load(Array)
#8 /Users/pauliyaji/Herd/powerhouse/vendor/laravel/framework/src/Illuminate/Foundation/Bootstrap/RegisterProviders.php(37): Illuminate\\Foundation\\Application->registerConfiguredProviders()
#9 /Users/pauliyaji/Herd/powerhouse/vendor/laravel/framework/src/Illuminate/Foundation/Application.php(342): Illuminate\\Foundation\\Bootstrap\\RegisterProviders->bootstrap(Object(Illuminate\\Foundation\\Application))
#10 /Users/pauliyaji/Herd/powerhouse/vendor/laravel/framework/src/Illuminate/Foundation/Console/Kernel.php(494): Illuminate\\Foundation\\Application->bootstrapWith(Array)
#11 /Users/pauliyaji/Herd/powerhouse/vendor/laravel/framework/src/Illuminate/Foundation/Console/Kernel.php(196): Illuminate\\Foundation\\Console\\Kernel->bootstrap()
#12 Command line code(1): Illuminate\\Foundation\\Console\\Kernel->handle(Object(Symfony\\Component\\Console\\Input\\ArgvInput), Object(Symfony\\Component\\Console\\Output\\ConsoleOutput))
#13 {main}
"} 
[2026-07-04 18:51:15] local.ERROR: include(/Users/pauliyaji/Herd/powerhouse/vendor/composer/../boa-intelligence/laravel-project-analyzer/src/ProjectAnalyzerServiceProvider.php): Failed to open stream: No such file or directory {"exception":"[object] (ErrorException(code: 0): include(/Users/pauliyaji/Herd/powerhouse/vendor/composer/../boa-intelligence/laravel-project-analyzer/src/ProjectAnalyzerServiceProvider.php): Failed to open stream: No such file or directory at /Users/pauliyaji/Herd/powerhouse/vendor/composer/ClassLoader.php:576)
[stacktrace]
#0 /Users/pauliyaji/Herd/powerhouse/vendor/laravel/framework/src/Illuminate/Foundation/Bootstrap/HandleExceptions.php(258): Illuminate\\Foundation\\Bootstrap\\HandleExceptions->handleError(2, 'include(/Users/...', '/Users/pauliyaj...', 576)
#1 /Users/pauliyaji/Herd/powerhouse/vendor/composer/ClassLoader.php(576): Illuminate\\Foundation\\Bootstrap\\HandleExceptions->{closure:Illuminate\\Foundation\\Bootstrap\\HandleExceptions::forwardsTo():257}(2, 'include(/Users/...', '/Users/pauliyaj...', 576)
#2 /Users/pauliyaji/Herd/powerhouse/vendor/composer/ClassLoader.php(576): include('/Users/pauliyaj...')
#3 /Users/pauliyaji/Herd/powerhouse/vendor/composer/ClassLoader.php(427): {closure:Composer\\Autoload\\ClassLoader::initializeIncludeClosure():575}('/Users/pauliyaj...')
#4 /Users/pauliyaji/Herd/powerhouse/vendor/laravel/framework/src/Illuminate/Foundation/Application.php(961): Composer\\Autoload\\ClassLoader->loadClass('ProjectAnalyzer...')
#5 /Users/pauliyaji/Herd/powerhouse/vendor/laravel/framework/src/Illuminate/Foundation/Application.php(893): Illuminate\\Foundation\\Application->resolveProvider('ProjectAnalyzer...')
#6 /Users/pauliyaji/Herd/powerhouse/vendor/laravel/framework/src/Illuminate/Foundation/ProviderRepository.php(74): Illuminate\\Foundation\\Application->register('ProjectAnalyzer...')
#7 /Users/pauliyaji/Herd/powerhouse/vendor/laravel/framework/src/Illuminate/Foundation/Application.php(871): Illuminate\\Foundation\\ProviderRepository->load(Array)
#8 /Users/pauliyaji/Herd/powerhouse/vendor/laravel/framework/src/Illuminate/Foundation/Bootstrap/RegisterProviders.php(37): Illuminate\\Foundation\\Application->registerConfiguredProviders()
#9 /Users/pauliyaji/Herd/powerhouse/vendor/laravel/framework/src/Illuminate/Foundation/Application.php(342): Illuminate\\Foundation\\Bootstrap\\RegisterProviders->bootstrap(Object(Illuminate\\Foundation\\Application))
#10 /Users/pauliyaji/Herd/powerhouse/vendor/laravel/framework/src/Illuminate/Foundation/Console/Kernel.php(494): Illuminate\\Foundation\\Application->bootstrapWith(Array)
#11 /Users/pauliyaji/Herd/powerhouse/vendor/laravel/framework/src/Illuminate/Foundation/Console/Kernel.php(196): Illuminate\\Foundation\\Console\\Kernel->bootstrap()
#12 Command line code(1): Illuminate\\Foundation\\Console\\Kernel->handle(Object(Symfony\\Component\\Console\\Input\\ArgvInput), Object(Symfony\\Component\\Console\\Output\\ConsoleOutput))
#13 {main}
"} 
[2026-07-04 18:51:15] local.ERROR: include(/Users/pauliyaji/Herd/powerhouse/vendor/composer/../boa-intelligence/laravel-project-analyzer/src/ProjectAnalyzerServiceProvider.php): Failed to open stream: No such file or directory {"exception":"[object] (ErrorException(code: 0): include(/Users/pauliyaji/Herd/powerhouse/vendor/composer/../boa-intelligence/laravel-project-analyzer/src/ProjectAnalyzerServiceProvider.php): Failed to open stream: No such file or directory at /Users/pauliyaji/Herd/powerhouse/vendor/composer/ClassLoader.php:576)
[stacktrace]
#0 /Users/pauliyaji/Herd/powerhouse/vendor/laravel/framework/src/Illuminate/Foundation/Bootstrap/HandleExceptions.php(258): Illuminate\\Foundation\\Bootstrap\\HandleExceptions->handleError(2, 'include(/Users/...', '/Users/pauliyaj...', 576)
#1 /Users/pauliyaji/Herd/powerhouse/vendor/composer/ClassLoader.php(576): Illuminate\\Foundation\\Bootstrap\\HandleExceptions->{closure:Illuminate\\Foundation\\Bootstrap\\HandleExceptions::forwardsTo():257}(2, 'include(/Users/...', '/Users/pauliyaj...', 576)
#2 /Users/pauliyaji/Herd/powerhouse/vendor/composer/ClassLoader.php(576): include('/Users/pauliyaj...')
#3 /Users/pauliyaji/Herd/powerhouse/vendor/composer/ClassLoader.php(427): {closure:Composer\\Autoload\\ClassLoader::initializeIncludeClosure():575}('/Users/pauliyaj...')
#4 /Users/pauliyaji/Herd/powerhouse/vendor/laravel/framework/src/Illuminate/Foundation/Application.php(961): Composer\\Autoload\\ClassLoader->loadClass('ProjectAnalyzer...')
#5 /Users/pauliyaji/Herd/powerhouse/vendor/laravel/framework/src/Illuminate/Foundation/Application.php(893): Illuminate\\Foundation\\Application->resolveProvider('ProjectAnalyzer...')
#6 /Users/pauliyaji/Herd/powerhouse/vendor/laravel/framework/src/Illuminate/Foundation/ProviderRepository.php(74): Illuminate\\Foundation\\Application->register('ProjectAnalyzer...')
#7 /Users/pauliyaji/Herd/powerhouse/vendor/laravel/framework/src/Illuminate/Foundation/Application.php(871): Illuminate\\Foundation\\ProviderRepository->load(Array)
#8 /Users/pauliyaji/Herd/powerhouse/vendor/laravel/framework/src/Illuminate/Foundation/Bootstrap/RegisterProviders.php(37): Illuminate\\Foundation\\Application->registerConfiguredProviders()
#9 /Users/pauliyaji/Herd/powerhouse/vendor/laravel/framework/src/Illuminate/Foundation/Application.php(342): Illuminate\\Foundation\\Bootstrap\\RegisterProviders->bootstrap(Object(Illuminate\\Foundation\\Application))
#10 /Users/pauliyaji/Herd/powerhouse/vendor/laravel/framework/src/Illuminate/Foundation/Console/Kernel.php(494): Illuminate\\Foundation\\Application->bootstrapWith(Array)
#11 /Users/pauliyaji/Herd/powerhouse/vendor/laravel/framework/src/Illuminate/Foundation/Console/Kernel.php(196): Illuminate\\Foundation\\Console\\Kernel->bootstrap()
#12 Command line code(1): Illuminate\\Foundation\\Console\\Kernel->handle(Object(Symfony\\Component\\Console\\Input\\ArgvInput), Object(Symfony\\Component\\Console\\Output\\ConsoleOutput))
#13 {main}
"} 
[2026-07-04 18:51:15] local.ERROR: include(/Users/pauliyaji/Herd/powerhouse/vendor/composer/../boa-intelligence/laravel-project-analyzer/src/ProjectAnalyzerServiceProvider.php): Failed to open stream: No such file or directory {"exception":"[object] (ErrorException(code: 0): include(/Users/pauliyaji/Herd/powerhouse/vendor/composer/../boa-intelligence/laravel-project-analyzer/src/ProjectAnalyzerServiceProvider.php): Failed to open stream: No such file or directory at /Users/pauliyaji/Herd/powerhouse/vendor/composer/ClassLoader.php:576)
[stacktrace]
#0 /Users/pauliyaji/Herd/powerhouse/vendor/laravel/framework/src/Illuminate/Foundation/Bootstrap/HandleExceptions.php(258): Illuminate\\Foundation\\Bootstrap\\HandleExceptions->handleError(2, 'include(/Users/...', '/Users/pauliyaj...', 576)
#1 /Users/pauliyaji/Herd/powerhouse/vendor/composer/ClassLoader.php(576): Illuminate\\Foundation\\Bootstrap\\HandleExceptions->{closure:Illuminate\\Foundation\\Bootstrap\\HandleExceptions::forwardsTo():257}(2, 'include(/Users/...', '/Users/pauliyaj...', 576)
#2 /Users/pauliyaji/Herd/powerhouse/vendor/composer/ClassLoader.php(576): include('/Users/pauliyaj...')
#3 /Users/pauliyaji/Herd/powerhouse/vendor/composer/ClassLoader.php(427): {closure:Composer\\Autoload\\ClassLoader::initializeIncludeClosure():575}('/Users/pauliyaj...')
#4 /Users/pauliyaji/Herd/powerhouse/vendor/laravel/framework/src/Illuminate/Foundation/Application.php(961): Composer\\Autoload\\ClassLoader->loadClass('ProjectAnalyzer...')
#5 /Users/pauliyaji/Herd/powerhouse/vendor/laravel/framework/src/Illuminate/Foundation/Application.php(893): Illuminate\\Foundation\\Application->resolveProvider('ProjectAnalyzer...')
#6 /Users/pauliyaji/Herd/powerhouse/vendor/laravel/framework/src/Illuminate/Foundation/ProviderRepository.php(74): Illuminate\\Foundation\\Application->register('ProjectAnalyzer...')
#7 /Users/pauliyaji/Herd/powerhouse/vendor/laravel/framework/src/Illuminate/Foundation/Application.php(871): Illuminate\\Foundation\\ProviderRepository->load(Array)
#8 /Users/pauliyaji/Herd/powerhouse/vendor/laravel/framework/src/Illuminate/Foundation/Bootstrap/RegisterProviders.php(37): Illuminate\\Foundation\\Application->registerConfiguredProviders()
#9 /Users/pauliyaji/Herd/powerhouse/vendor/laravel/framework/src/Illuminate/Foundation/Application.php(342): Illuminate\\Foundation\\Bootstrap\\RegisterProviders->bootstrap(Object(Illuminate\\Foundation\\Application))
#10 /Users/pauliyaji/Herd/powerhouse/vendor/laravel/framework/src/Illuminate/Foundation/Console/Kernel.php(494): Illuminate\\Foundation\\Application->bootstrapWith(Array)
#11 /Users/pauliyaji/Herd/powerhouse/vendor/laravel/framework/src/Illuminate/Foundation/Console/Kernel.php(196): Illuminate\\Foundation\\Console\\Kernel->bootstrap()
#12 Command line code(1): Illuminate\\Foundation\\Console\\Kernel->handle(Object(Symfony\\Component\\Console\\Input\\ArgvInput), Object(Symfony\\Component\\Console\\Output\\ConsoleOutput))
#13 {main}
"} 
[2026-07-04 18:51:17] local.ERROR: __VSCODE_LARAVEL_STARTUP_ERROR__: include(/Users/pauliyaji/Herd/powerhouse/vendor/composer/../boa-intelligence/laravel-project-analyzer/src/ProjectAnalyzerServiceProvider.php): Failed to open stream: No such file or directory {"exception":"[object] (Error(code: 0): __VSCODE_LARAVEL_STARTUP_ERROR__: include(/Users/pauliyaji/Herd/powerhouse/vendor/composer/../boa-intelligence/laravel-project-analyzer/src/ProjectAnalyzerServiceProvider.php): Failed to open stream: No such file or directory at /Users/pauliyaji/Herd/powerhouse/vendor/_laravel_ide/discover-5c3cbe5e47b16e6c5fd1967f09c399da.php:33)
[stacktrace]
#0 /Users/pauliyaji/Herd/powerhouse/vendor/_laravel_ide/discover-5c3cbe5e47b16e6c5fd1967f09c399da.php(62): LaravelVsCode::startupError(Object(ErrorException))
#1 {main}
"} 
[2026-07-04 18:51:18] local.ERROR: __VSCODE_LARAVEL_STARTUP_ERROR__: include(/Users/pauliyaji/Herd/powerhouse/vendor/composer/../boa-intelligence/laravel-project-analyzer/src/ProjectAnalyzerServiceProvider.php): Failed to open stream: No such file or directory {"exception":"[object] (Error(code: 0): __VSCODE_LARAVEL_STARTUP_ERROR__: include(/Users/pauliyaji/Herd/powerhouse/vendor/composer/../boa-intelligence/laravel-project-analyzer/src/ProjectAnalyzerServiceProvider.php): Failed to open stream: No such file or directory at /Users/pauliyaji/Herd/powerhouse/vendor/_laravel_ide/discover-ec2e9975ebf5755f76a162b3dce99361.php:33)
[stacktrace]
#0 /Users/pauliyaji/Herd/powerhouse/vendor/_laravel_ide/discover-ec2e9975ebf5755f76a162b3dce99361.php(62): LaravelVsCode::startupError(Object(ErrorException))
#1 {main}
"} 
[2026-07-04 18:51:18] local.ERROR: __VSCODE_LARAVEL_STARTUP_ERROR__: include(/Users/pauliyaji/Herd/powerhouse/vendor/composer/../boa-intelligence/laravel-project-analyzer/src/ProjectAnalyzerServiceProvider.php): Failed to open stream: No such file or directory {"exception":"[object] (Error(code: 0): __VSCODE_LARAVEL_STARTUP_ERROR__: include(/Users/pauliyaji/Herd/powerhouse/vendor/composer/../boa-intelligence/laravel-project-analyzer/src/ProjectAnalyzerServiceProvider.php): Failed to open stream: No such file or directory at /Users/pauliyaji/Herd/powerhouse/vendor/_laravel_ide/discover-80bc781b69500326630e3fef7a4fdfeb.php:33)
[stacktrace]
#0 /Users/pauliyaji/Herd/powerhouse/vendor/_laravel_ide/discover-80bc781b69500326630e3fef7a4fdfeb.php(62): LaravelVsCode::startupError(Object(ErrorException))
#1 {main}
"} 
[2026-07-04 18:51:18] local.ERROR: __VSCODE_LARAVEL_STARTUP_ERROR__: include(/Users/pauliyaji/Herd/powerhouse/vendor/composer/../boa-intelligence/laravel-project-analyzer/src/ProjectAnalyzerServiceProvider.php): Failed to open stream: No such file or directory {"exception":"[object] (Error(code: 0): __VSCODE_LARAVEL_STARTUP_ERROR__: include(/Users/pauliyaji/Herd/powerhouse/vendor/composer/../boa-intelligence/laravel-project-analyzer/src/ProjectAnalyzerServiceProvider.php): Failed to open stream: No such file or directory at /Users/pauliyaji/Herd/powerhouse/vendor/_laravel_ide/discover-5c3cbe5e47b16e6c5fd1967f09c399da.php:33)
[stacktrace]
#0 /Users/pauliyaji/Herd/powerhouse/vendor/_laravel_ide/discover-5c3cbe5e47b16e6c5fd1967f09c399da.php(62): LaravelVsCode::startupError(Object(ErrorException))
#1 {main}
"} 
[2026-07-04 18:51:19] local.ERROR: __VSCODE_LARAVEL_STARTUP_ERROR__: include(/Users/pauliyaji/Herd/powerhouse/vendor/composer/../boa-intelligence/laravel-project-analyzer/src/ProjectAnalyzerServiceProvider.php): Failed to open stream: No such file or directory {"exception":"[object] (Error(code: 0): __VSCODE_LARAVEL_STARTUP_ERROR__: include(/Users/pauliyaji/Herd/powerhouse/vendor/composer/../boa-intelligence/laravel-project-analyzer/src/ProjectAnalyzerServiceProvider.php): Failed to open stream: No such file or directory at /Users/pauliyaji/Herd/powerhouse/vendor/_laravel_ide/discover-80bc781b69500326630e3fef7a4fdfeb.php:33)
[stacktrace]
#0 /Users/pauliyaji/Herd/powerhouse/vendor/_laravel_ide/discover-80bc781b69500326630e3fef7a4fdfeb.php(62): LaravelVsCode::startupError(Object(ErrorException))
#1 {main}
"} 
[2026-07-04 18:51:19] local.ERROR: __VSCODE_LARAVEL_STARTUP_ERROR__: include(/Users/pauliyaji/Herd/powerhouse/vendor/composer/../boa-intelligence/laravel-project-analyzer/src/ProjectAnalyzerServiceProvider.php): Failed to open stream: No such file or directory {"exception":"[object] (Error(code: 0): __VSCODE_LARAVEL_STARTUP_ERROR__: include(/Users/pauliyaji/Herd/powerhouse/vendor/composer/../boa-intelligence/laravel-project-analyzer/src/ProjectAnalyzerServiceProvider.php): Failed to open stream: No such file or directory at /Users/pauliyaji/Herd/powerhouse/vendor/_laravel_ide/discover-ec2e9975ebf5755f76a162b3dce99361.php:33)
[stacktrace]
#0 /Users/pauliyaji/Herd/powerhouse/vendor/_laravel_ide/discover-ec2e9975ebf5755f76a162b3dce99361.php(62): LaravelVsCode::startupError(Object(ErrorException))
#1 {main}
"} 
[2026-07-04 18:51:19] local.ERROR: __VSCODE_LARAVEL_STARTUP_ERROR__: include(/Users/pauliyaji/Herd/powerhouse/vendor/composer/../boa-intelligence/laravel-project-analyzer/src/ProjectAnalyzerServiceProvider.php): Failed to open stream: No such file or directory {"exception":"[object] (Error(code: 0): __VSCODE_LARAVEL_STARTUP_ERROR__: include(/Users/pauliyaji/Herd/powerhouse/vendor/composer/../boa-intelligence/laravel-project-analyzer/src/ProjectAnalyzerServiceProvider.php): Failed to open stream: No such file or directory at /Users/pauliyaji/Herd/powerhouse/vendor/_laravel_ide/discover-5c3cbe5e47b16e6c5fd1967f09c399da.php:33)
[stacktrace]
#0 /Users/pauliyaji/Herd/powerhouse/vendor/_laravel_ide/discover-5c3cbe5e47b16e6c5fd1967f09c399da.php(62): LaravelVsCode::startupError(Object(ErrorException))
#1 {main}
"} 
[2026-07-04 18:51:21] local.ERROR: __VSCODE_LARAVEL_STARTUP_ERROR__: include(/Users/pauliyaji/Herd/powerhouse/vendor/composer/../boa-intelligence/laravel-project-analyzer/src/ProjectAnalyzerServiceProvider.php): Failed to open stream: No such file or directory {"exception":"[object] (Error(code: 0): __VSCODE_LARAVEL_STARTUP_ERROR__: include(/Users/pauliyaji/Herd/powerhouse/vendor/composer/../boa-intelligence/laravel-project-analyzer/src/ProjectAnalyzerServiceProvider.php): Failed to open stream: No such file or directory at /Users/pauliyaji/Herd/powerhouse/vendor/_laravel_ide/discover-ec2e9975ebf5755f76a162b3dce99361.php:33)
[stacktrace]
#0 /Users/pauliyaji/Herd/powerhouse/vendor/_laravel_ide/discover-ec2e9975ebf5755f76a162b3dce99361.php(62): LaravelVsCode::startupError(Object(ErrorException))
#1 {main}
"} 
[2026-07-04 18:51:21] local.ERROR: __VSCODE_LARAVEL_STARTUP_ERROR__: include(/Users/pauliyaji/Herd/powerhouse/vendor/composer/../boa-intelligence/laravel-project-analyzer/src/ProjectAnalyzerServiceProvider.php): Failed to open stream: No such file or directory {"exception":"[object] (Error(code: 0): __VSCODE_LARAVEL_STARTUP_ERROR__: include(/Users/pauliyaji/Herd/powerhouse/vendor/composer/../boa-intelligence/laravel-project-analyzer/src/ProjectAnalyzerServiceProvider.php): Failed to open stream: No such file or directory at /Users/pauliyaji/Herd/powerhouse/vendor/_laravel_ide/discover-80bc781b69500326630e3fef7a4fdfeb.php:33)
[stacktrace]
#0 /Users/pauliyaji/Herd/powerhouse/vendor/_laravel_ide/discover-80bc781b69500326630e3fef7a4fdfeb.php(62): LaravelVsCode::startupError(Object(ErrorException))
#1 {main}
"} 
[2026-07-04 18:51:21] local.ERROR: __VSCODE_LARAVEL_STARTUP_ERROR__: include(/Users/pauliyaji/Herd/powerhouse/vendor/composer/../boa-intelligence/laravel-project-analyzer/src/ProjectAnalyzerServiceProvider.php): Failed to open stream: No such file or directory {"exception":"[object] (Error(code: 0): __VSCODE_LARAVEL_STARTUP_ERROR__: include(/Users/pauliyaji/Herd/powerhouse/vendor/composer/../boa-intelligence/laravel-project-analyzer/src/ProjectAnalyzerServiceProvider.php): Failed to open stream: No such file or directory at /Users/pauliyaji/Herd/powerhouse/vendor/_laravel_ide/discover-5c3cbe5e47b16e6c5fd1967f09c399da.php:33)
[stacktrace]
#0 /Users/pauliyaji/Herd/powerhouse/vendor/_laravel_ide/discover-5c3cbe5e47b16e6c5fd1967f09c399da.php(62): LaravelVsCode::startupError(Object(ErrorException))
#1 {main}
"} 
[2026-07-04 18:51:23] local.ERROR: __VSCODE_LARAVEL_STARTUP_ERROR__: include(/Users/pauliyaji/Herd/powerhouse/vendor/composer/../boa-intelligence/laravel-project-analyzer/src/ProjectAnalyzerServiceProvider.php): Failed to open stream: No such file or directory {"exception":"[object] (Error(code: 0): __VSCODE_LARAVEL_STARTUP_ERROR__: include(/Users/pauliyaji/Herd/powerhouse/vendor/composer/../boa-intelligence/laravel-project-analyzer/src/ProjectAnalyzerServiceProvider.php): Failed to open stream: No such file or directory at /Users/pauliyaji/Herd/powerhouse/vendor/_laravel_ide/discover-5c3cbe5e47b16e6c5fd1967f09c399da.php:33)
[stacktrace]
#0 /Users/pauliyaji/Herd/powerhouse/vendor/_laravel_ide/discover-5c3cbe5e47b16e6c5fd1967f09c399da.php(62): LaravelVsCode::startupError(Object(ErrorException))
#1 {main}
"} 
[2026-07-04 18:51:24] local.ERROR: __VSCODE_LARAVEL_STARTUP_ERROR__: include(/Users/pauliyaji/Herd/powerhouse/vendor/composer/../boa-intelligence/laravel-project-analyzer/src/ProjectAnalyzerServiceProvider.php): Failed to open stream: No such file or directory {"exception":"[object] (Error(code: 0): __VSCODE_LARAVEL_STARTUP_ERROR__: include(/Users/pauliyaji/Herd/powerhouse/vendor/composer/../boa-intelligence/laravel-project-analyzer/src/ProjectAnalyzerServiceProvider.php): Failed to open stream: No such file or directory at /Users/pauliyaji/Herd/powerhouse/vendor/_laravel_ide/discover-80bc781b69500326630e3fef7a4fdfeb.php:33)
[stacktrace]
#0 /Users/pauliyaji/Herd/powerhouse/vendor/_laravel_ide/discover-80bc781b69500326630e3fef7a4fdfeb.php(62): LaravelVsCode::startupError(Object(ErrorException))
#1 {main}
"} 
[2026-07-04 18:51:24] local.ERROR: __VSCODE_LARAVEL_STARTUP_ERROR__: include(/Users/pauliyaji/Herd/powerhouse/vendor/composer/../boa-intelligence/laravel-project-analyzer/src/ProjectAnalyzerServiceProvider.php): Failed to open stream: No such file or directory {"exception":"[object] (Error(code: 0): __VSCODE_LARAVEL_STARTUP_ERROR__: include(/Users/pauliyaji/Herd/powerhouse/vendor/composer/../boa-intelligence/laravel-project-analyzer/src/ProjectAnalyzerServiceProvider.php): Failed to open stream: No such file or directory at /Users/pauliyaji/Herd/powerhouse/vendor/_laravel_ide/discover-ec2e9975ebf5755f76a162b3dce99361.php:33)
[stacktrace]
#0 /Users/pauliyaji/Herd/powerhouse/vendor/_laravel_ide/discover-ec2e9975ebf5755f76a162b3dce99361.php(62): LaravelVsCode::startupError(Object(ErrorException))
#1 {main}
"} 
[2026-07-04 18:51:24] local.ERROR: __VSCODE_LARAVEL_STARTUP_ERROR__: include(/Users/pauliyaji/Herd/powerhouse/vendor/composer/../boa-intelligence/laravel-project-analyzer/src/ProjectAnalyzerServiceProvider.php): Failed to open stream: No such file or directory {"exception":"[object] (Error(code: 0): __VSCODE_LARAVEL_STARTUP_ERROR__: include(/Users/pauliyaji/Herd/powerhouse/vendor/composer/../boa-intelligence/laravel-project-analyzer/src/ProjectAnalyzerServiceProvider.php): Failed to open stream: No such file or directory at /Users/pauliyaji/Herd/powerhouse/vendor/_laravel_ide/discover-5c3cbe5e47b16e6c5fd1967f09c399da.php:33)
[stacktrace]
#0 /Users/pauliyaji/Herd/powerhouse/vendor/_laravel_ide/discover-5c3cbe5e47b16e6c5fd1967f09c399da.php(62): LaravelVsCode::startupError(Object(ErrorException))
#1 {main}
"} 
[2026-07-04 18:51:25] local.ERROR: __VSCODE_LARAVEL_STARTUP_ERROR__: include(/Users/pauliyaji/Herd/powerhouse/vendor/composer/../boa-intelligence/laravel-project-analyzer/src/ProjectAnalyzerServiceProvider.php): Failed to open stream: No such file or directory {"exception":"[object] (Error(code: 0): __VSCODE_LARAVEL_STARTUP_ERROR__: include(/Users/pauliyaji/Herd/powerhouse/vendor/composer/../boa-intelligence/laravel-project-analyzer/src/ProjectAnalyzerServiceProvider.php): Failed to open stream: No such file or directory at /Users/pauliyaji/Herd/powerhouse/vendor/_laravel_ide/discover-5c3cbe5e47b16e6c5fd1967f09c399da.php:33)
[stacktrace]
#0 /Users/pauliyaji/Herd/powerhouse/vendor/_laravel_ide/discover-5c3cbe5e47b16e6c5fd1967f09c399da.php(62): LaravelVsCode::startupError(Object(ErrorException))
#1 {main}
"} 
[2026-07-15 10:17:19] testing.ERROR: PDF conversion failed {"document_id":1,"target":"docx","exception":"App\\Services\\PdfConversionException","error":"The PDF password is incorrect."} 
[2026-07-15 10:17:49] testing.ERROR: PDF conversion failed {"document_id":1,"target":"docx","exception":"App\\Services\\PdfConversionException","error":"The PDF password is incorrect."} 
[2026-07-15 10:18:56] testing.ERROR: PDF conversion failed {"document_id":1,"target":"docx","exception":"App\\Services\\PdfConversionException","error":"The PDF password is incorrect."} 
[2026-07-15 10:20:27] testing.ERROR: PDF conversion failed {"document_id":1,"target":"docx","exception":"App\\Services\\PdfConversionException","error":"The PDF password is incorrect."} 
[2026-07-15 10:21:07] testing.ERROR: PDF conversion failed {"document_id":1,"target":"docx","exception":"App\\Services\\PdfConversionException","error":"The PDF password is incorrect."} 
[2026-07-15 10:21:34] testing.ERROR: PDF conversion failed {"document_id":1,"target":"docx","exception":"App\\Services\\PdfConversionException","error":"The PDF password is incorrect."} 
[2026-07-15 10:22:03] testing.ERROR: PDF conversion failed {"document_id":1,"target":"docx","exception":"App\\Services\\PdfConversionException","error":"The PDF password is incorrect."} 
[2026-07-15 10:22:03] testing.ERROR: PDF compression failed {"error":"Unable to find PDF file header."} 
[2026-07-15 10:23:18] testing.ERROR: PDF conversion failed {"document_id":1,"target":"docx","exception":"App\\Services\\PdfConversionException","error":"The PDF password is incorrect."} 
[2026-07-15 10:23:47] testing.ERROR: PDF conversion failed {"document_id":1,"target":"docx","exception":"App\\Services\\PdfConversionException","error":"The PDF password is incorrect."} 
[2026-07-15 10:23:47] testing.ERROR: PDF compression failed {"error":"Unable to find PDF file header."} 
[2026-07-15 10:25:03] testing.ERROR: PDF conversion failed {"document_id":1,"target":"docx","exception":"App\\Services\\PdfConversionException","error":"The PDF password is incorrect."} 
[2026-07-15 10:44:58] local.ERROR: PDF conversion failed {"document_id":1,"target":"docx","exception":"App\\Services\\PdfConversionException","error":"PDF conversion cannot inspect PDF files because pdfinfo is not installed or configured."} 
[2026-07-15 10:59:52] testing.ERROR: PDF conversion failed {"document_id":1,"target":"docx","exception":"App\\Services\\PdfConversionException","error":"The PDF password is incorrect."} 
[2026-07-15 11:19:27] local.ERROR: PDF conversion failed {"document_id":1,"target":"docx","exception":"App\\Services\\PdfConversionException","error":"PDF conversion failed during optical character recognition: The program 'tesseract' could not be executed or was not found on your system PATH. If you have homebrew installed, try these command to install the missing package: brew install tesseract Could not find program 'tesseract' on the PATH"} 
[2026-07-15 11:20:50] testing.ERROR: PDF conversion failed {"document_id":1,"target":"docx","exception":"App\\Services\\PdfConversionException","error":"The PDF password is incorrect."} 
[2026-07-30 02:06:29] testing.INFO: PDF compression did not reduce size; retrying with maximum preset {"level":"recommended","original_size":1355,"new_size":2897} 
[2026-07-30 02:12:38] testing.ERROR: PDF conversion failed {"document_id":1,"target":"docx","exception":"App\\Services\\PdfConversionException","error":"The PDF password is incorrect."} 
[2026-07-30 02:12:38] testing.WARNING: Ghostscript compression failed, falling back to FPDI {"error":"Ghostscript compression failed: GPL Ghostscript 10.07.1: Unrecoverable error, exit code 1
Error: /stackunderflow in --not--
Operand stack:

Execution stack:
   %interp_exit   .runexec2   --nostringval--   --nostringval--   --nostringval--   2   %stopped_push   --nostringval--   --nostringval--   --nostringval--   false   1   %stopped_push   1804   1   3   %oparray_pop   1803   1   3   %oparray_pop   1788   1   3   %oparray_pop   1659   1   3   %oparray_pop   --nostringval--   %errorexec_pop   .runexec2   --nostringval--   --nostringval--   --nostringval--   2   %stopped_push   --nostringval--
Dictionary stack:
   --dict:753/1123(ro)(G)--   --dict:0/20(G)--   --dict:85/200(L)--
Current allocation mode is local
Current file position is 4"} 
[2026-07-30 02:12:38] testing.ERROR: PDF compression failed {"error":"Unable to find PDF file header."} 
[2026-07-30 02:12:54] testing.INFO: PDF compression did not reduce size; retrying with maximum preset {"level":"recommended","original_size":1355,"new_size":2896} 
[2026-07-30 02:43:17] local.ERROR: __VSCODE_LARAVEL_STARTUP_ERROR__: require(/Users/pauliyaji/Herd/powerhouse/boa-intelligence/laravel-project-analyzer/src/../config/project-analyzer.php): Failed to open stream: No such file or directory {"exception":"[object] (Error(code: 0): __VSCODE_LARAVEL_STARTUP_ERROR__: require(/Users/pauliyaji/Herd/powerhouse/boa-intelligence/laravel-project-analyzer/src/../config/project-analyzer.php): Failed to open stream: No such file or directory at /Users/pauliyaji/Herd/powerhouse/vendor/_laravel_ide/discover-5802e590a92e23606bb54d2909564178.php:33)
[stacktrace]
#0 /Users/pauliyaji/Herd/powerhouse/vendor/_laravel_ide/discover-5802e590a92e23606bb54d2909564178.php(62): LaravelVsCode::startupError(Object(ErrorException))
#1 {main}
"} 
[2026-07-30 02:43:17] local.ERROR: __VSCODE_LARAVEL_STARTUP_ERROR__: require(/Users/pauliyaji/Herd/powerhouse/boa-intelligence/laravel-project-analyzer/src/../config/project-analyzer.php): Failed to open stream: No such file or directory {"exception":"[object] (Error(code: 0): __VSCODE_LARAVEL_STARTUP_ERROR__: require(/Users/pauliyaji/Herd/powerhouse/boa-intelligence/laravel-project-analyzer/src/../config/project-analyzer.php): Failed to open stream: No such file or directory at /Users/pauliyaji/Herd/powerhouse/vendor/_laravel_ide/discover-6d96201ad95cad12367117063c707ebf.php:33)
[stacktrace]
#0 /Users/pauliyaji/Herd/powerhouse/vendor/_laravel_ide/discover-6d96201ad95cad12367117063c707ebf.php(62): LaravelVsCode::startupError(Object(ErrorException))
#1 {main}
"} 
[2026-07-30 02:43:22] local.ERROR: include(/Users/pauliyaji/Herd/powerhouse/vendor/composer/../boa-intelligence/laravel-project-analyzer/src/ProjectAnalyzerServiceProvider.php): Failed to open stream: No such file or directory {"exception":"[object] (ErrorException(code: 0): include(/Users/pauliyaji/Herd/powerhouse/vendor/composer/../boa-intelligence/laravel-project-analyzer/src/ProjectAnalyzerServiceProvider.php): Failed to open stream: No such file or directory at /Users/pauliyaji/Herd/powerhouse/vendor/composer/ClassLoader.php:576)
[stacktrace]
#0 /Users/pauliyaji/Herd/powerhouse/vendor/laravel/framework/src/Illuminate/Foundation/Bootstrap/HandleExceptions.php(258): Illuminate\\Foundation\\Bootstrap\\HandleExceptions->handleError(2, 'include(/Users/...', '/Users/pauliyaj...', 576)
#1 /Users/pauliyaji/Herd/powerhouse/vendor/composer/ClassLoader.php(576): Illuminate\\Foundation\\Bootstrap\\HandleExceptions->{closure:Illuminate\\Foundation\\Bootstrap\\HandleExceptions::forwardsTo():257}(2, 'include(/Users/...', '/Users/pauliyaj...', 576)
#2 /Users/pauliyaji/Herd/powerhouse/vendor/composer/ClassLoader.php(576): include('/Users/pauliyaj...')
#3 /Users/pauliyaji/Herd/powerhouse/vendor/composer/ClassLoader.php(427): {closure:Composer\\Autoload\\ClassLoader::initializeIncludeClosure():575}('/Users/pauliyaj...')
#4 /Users/pauliyaji/Herd/powerhouse/vendor/laravel/framework/src/Illuminate/Foundation/Application.php(961): Composer\\Autoload\\ClassLoader->loadClass('ProjectAnalyzer...')
#5 /Users/pauliyaji/Herd/powerhouse/vendor/laravel/framework/src/Illuminate/Foundation/Application.php(893): Illuminate\\Foundation\\Application->resolveProvider('ProjectAnalyzer...')
#6 /Users/pauliyaji/Herd/powerhouse/vendor/laravel/framework/src/Illuminate/Foundation/ProviderRepository.php(74): Illuminate\\Foundation\\Application->register('ProjectAnalyzer...')
#7 /Users/pauliyaji/Herd/powerhouse/vendor/laravel/framework/src/Illuminate/Foundation/Application.php(871): Illuminate\\Foundation\\ProviderRepository->load(Array)
#8 /Users/pauliyaji/Herd/powerhouse/vendor/laravel/framework/src/Illuminate/Foundation/Bootstrap/RegisterProviders.php(37): Illuminate\\Foundation\\Application->registerConfiguredProviders()
#9 /Users/pauliyaji/Herd/powerhouse/vendor/laravel/framework/src/Illuminate/Foundation/Application.php(342): Illuminate\\Foundation\\Bootstrap\\RegisterProviders->bootstrap(Object(Illuminate\\Foundation\\Application))
#10 /Users/pauliyaji/Herd/powerhouse/vendor/laravel/framework/src/Illuminate/Foundation/Console/Kernel.php(494): Illuminate\\Foundation\\Application->bootstrapWith(Array)
#11 /Users/pauliyaji/Herd/powerhouse/vendor/laravel/framework/src/Illuminate/Foundation/Console/Kernel.php(196): Illuminate\\Foundation\\Console\\Kernel->bootstrap()
#12 Command line code(1): Illuminate\\Foundation\\Console\\Kernel->handle(Object(Symfony\\Component\\Console\\Input\\ArgvInput), Object(Symfony\\Component\\Console\\Output\\ConsoleOutput))
#13 {main}
"} 
[2026-07-30 02:43:24] local.ERROR: include(/Users/pauliyaji/Herd/powerhouse/vendor/composer/../boa-intelligence/laravel-project-analyzer/src/ProjectAnalyzerServiceProvider.php): Failed to open stream: No such file or directory {"exception":"[object] (ErrorException(code: 0): include(/Users/pauliyaji/Herd/powerhouse/vendor/composer/../boa-intelligence/laravel-project-analyzer/src/ProjectAnalyzerServiceProvider.php): Failed to open stream: No such file or directory at /Users/pauliyaji/Herd/powerhouse/vendor/composer/ClassLoader.php:576)
[stacktrace]
#0 /Users/pauliyaji/Herd/powerhouse/vendor/laravel/framework/src/Illuminate/Foundation/Bootstrap/HandleExceptions.php(258): Illuminate\\Foundation\\Bootstrap\\HandleExceptions->handleError(2, 'include(/Users/...', '/Users/pauliyaj...', 576)
#1 /Users/pauliyaji/Herd/powerhouse/vendor/composer/ClassLoader.php(576): Illuminate\\Foundation\\Bootstrap\\HandleExceptions->{closure:Illuminate\\Foundation\\Bootstrap\\HandleExceptions::forwardsTo():257}(2, 'include(/Users/...', '/Users/pauliyaj...', 576)
#2 /Users/pauliyaji/Herd/powerhouse/vendor/composer/ClassLoader.php(576): include('/Users/pauliyaj...')
#3 /Users/pauliyaji/Herd/powerhouse/vendor/composer/ClassLoader.php(427): {closure:Composer\\Autoload\\ClassLoader::initializeIncludeClosure():575}('/Users/pauliyaj...')
#4 /Users/pauliyaji/Herd/powerhouse/vendor/laravel/framework/src/Illuminate/Foundation/Application.php(961): Composer\\Autoload\\ClassLoader->loadClass('ProjectAnalyzer...')
#5 /Users/pauliyaji/Herd/powerhouse/vendor/laravel/framework/src/Illuminate/Foundation/Application.php(893): Illuminate\\Foundation\\Application->resolveProvider('ProjectAnalyzer...')
#6 /Users/pauliyaji/Herd/powerhouse/vendor/laravel/framework/src/Illuminate/Foundation/ProviderRepository.php(74): Illuminate\\Foundation\\Application->register('ProjectAnalyzer...')
#7 /Users/pauliyaji/Herd/powerhouse/vendor/laravel/framework/src/Illuminate/Foundation/Application.php(871): Illuminate\\Foundation\\ProviderRepository->load(Array)
#8 /Users/pauliyaji/Herd/powerhouse/vendor/laravel/framework/src/Illuminate/Foundation/Bootstrap/RegisterProviders.php(37): Illuminate\\Foundation\\Application->registerConfiguredProviders()
#9 /Users/pauliyaji/Herd/powerhouse/vendor/laravel/framework/src/Illuminate/Foundation/Application.php(342): Illuminate\\Foundation\\Bootstrap\\RegisterProviders->bootstrap(Object(Illuminate\\Foundation\\Application))
#10 /Users/pauliyaji/Herd/powerhouse/vendor/laravel/framework/src/Illuminate/Foundation/Console/Kernel.php(494): Illuminate\\Foundation\\Application->bootstrapWith(Array)
#11 /Users/pauliyaji/Herd/powerhouse/vendor/laravel/framework/src/Illuminate/Foundation/Console/Kernel.php(196): Illuminate\\Foundation\\Console\\Kernel->bootstrap()
#12 /Users/pauliyaji/Herd/powerhouse/vendor/laravel/framework/src/Illuminate/Foundation/Application.php(1235): Illuminate\\Foundation\\Console\\Kernel->handle(Object(Symfony\\Component\\Console\\Input\\ArgvInput), Object(Symfony\\Component\\Console\\Output\\ConsoleOutput))
#13 /Users/pauliyaji/Herd/powerhouse/artisan(16): Illuminate\\Foundation\\Application->handleCommand(Object(Symfony\\Component\\Console\\Input\\ArgvInput))
#14 {main}
"} 
[2026-07-30 02:43:37] local.ERROR: Class "ProjectAnalyzer\ProjectAnalyzerServiceProvider" not found {"exception":"[object] (Error(code: 0): Class \"ProjectAnalyzer\\ProjectAnalyzerServiceProvider\" not found at /Users/pauliyaji/Herd/powerhouse/vendor/laravel/framework/src/Illuminate/Foundation/ProviderRepository.php:205)
[stacktrace]
#0 /Users/pauliyaji/Herd/powerhouse/vendor/laravel/framework/src/Illuminate/Foundation/ProviderRepository.php(141): Illuminate\\Foundation\\ProviderRepository->createProvider('ProjectAnalyzer...')
#1 /Users/pauliyaji/Herd/powerhouse/vendor/laravel/framework/src/Illuminate/Foundation/ProviderRepository.php(60): Illuminate\\Foundation\\ProviderRepository->compileManifest(Array)
#2 /Users/pauliyaji/Herd/powerhouse/vendor/laravel/framework/src/Illuminate/Foundation/Application.php(871): Illuminate\\Foundation\\ProviderRepository->load(Array)
#3 /Users/pauliyaji/Herd/powerhouse/vendor/laravel/framework/src/Illuminate/Foundation/Bootstrap/RegisterProviders.php(37): Illuminate\\Foundation\\Application->registerConfiguredProviders()
#4 /Users/pauliyaji/Herd/powerhouse/vendor/laravel/framework/src/Illuminate/Foundation/Application.php(342): Illuminate\\Foundation\\Bootstrap\\RegisterProviders->bootstrap(Object(Illuminate\\Foundation\\Application))
#5 /Users/pauliyaji/Herd/powerhouse/vendor/laravel/framework/src/Illuminate/Foundation/Console/Kernel.php(494): Illuminate\\Foundation\\Application->bootstrapWith(Array)
#6 /Users/pauliyaji/Herd/powerhouse/vendor/laravel/framework/src/Illuminate/Foundation/Console/Kernel.php(196): Illuminate\\Foundation\\Console\\Kernel->bootstrap()
#7 /Users/pauliyaji/Herd/powerhouse/vendor/laravel/framework/src/Illuminate/Foundation/Application.php(1235): Illuminate\\Foundation\\Console\\Kernel->handle(Object(Symfony\\Component\\Console\\Input\\ArgvInput), Object(Symfony\\Component\\Console\\Output\\ConsoleOutput))
#8 /Users/pauliyaji/Herd/powerhouse/artisan(16): Illuminate\\Foundation\\Application->handleCommand(Object(Symfony\\Component\\Console\\Input\\ArgvInput))
#9 {main}
"} 
[2026-07-30 02:43:37] local.ERROR: Class "ProjectAnalyzer\ProjectAnalyzerServiceProvider" not found {"exception":"[object] (Error(code: 0): Class \"ProjectAnalyzer\\ProjectAnalyzerServiceProvider\" not found at /Users/pauliyaji/Herd/powerhouse/vendor/laravel/framework/src/Illuminate/Foundation/ProviderRepository.php:205)
[stacktrace]
#0 /Users/pauliyaji/Herd/powerhouse/vendor/laravel/framework/src/Illuminate/Foundation/ProviderRepository.php(141): Illuminate\\Foundation\\ProviderRepository->createProvider('ProjectAnalyzer...')
#1 /Users/pauliyaji/Herd/powerhouse/vendor/laravel/framework/src/Illuminate/Foundation/ProviderRepository.php(60): Illuminate\\Foundation\\ProviderRepository->compileManifest(Array)
#2 /Users/pauliyaji/Herd/powerhouse/vendor/laravel/framework/src/Illuminate/Foundation/Application.php(871): Illuminate\\Foundation\\ProviderRepository->load(Array)
#3 /Users/pauliyaji/Herd/powerhouse/vendor/laravel/framework/src/Illuminate/Foundation/Bootstrap/RegisterProviders.php(37): Illuminate\\Foundation\\Application->registerConfiguredProviders()
#4 /Users/pauliyaji/Herd/powerhouse/vendor/laravel/framework/src/Illuminate/Foundation/Application.php(342): Illuminate\\Foundation\\Bootstrap\\RegisterProviders->bootstrap(Object(Illuminate\\Foundation\\Application))
#5 /Users/pauliyaji/Herd/powerhouse/vendor/laravel/framework/src/Illuminate/Foundation/Console/Kernel.php(494): Illuminate\\Foundation\\Application->bootstrapWith(Array)
#6 /Users/pauliyaji/Herd/powerhouse/vendor/laravel/framework/src/Illuminate/Foundation/Console/Kernel.php(196): Illuminate\\Foundation\\Console\\Kernel->bootstrap()
#7 /Users/pauliyaji/Herd/powerhouse/vendor/laravel/framework/src/Illuminate/Foundation/Application.php(1235): Illuminate\\Foundation\\Console\\Kernel->handle(Object(Symfony\\Component\\Console\\Input\\ArgvInput), Object(Symfony\\Component\\Console\\Output\\ConsoleOutput))
#8 /Users/pauliyaji/Herd/powerhouse/artisan(16): Illuminate\\Foundation\\Application->handleCommand(Object(Symfony\\Component\\Console\\Input\\ArgvInput))
#9 {main}
"} 
[2026-07-30 02:43:37] local.ERROR: Class "ProjectAnalyzer\ProjectAnalyzerServiceProvider" not found {"exception":"[object] (Error(code: 0): Class \"ProjectAnalyzer\\ProjectAnalyzerServiceProvider\" not found at /Users/pauliyaji/Herd/powerhouse/vendor/laravel/framework/src/Illuminate/Foundation/ProviderRepository.php:205)
[stacktrace]
#0 /Users/pauliyaji/Herd/powerhouse/vendor/laravel/framework/src/Illuminate/Foundation/ProviderRepository.php(141): Illuminate\\Foundation\\ProviderRepository->createProvider('ProjectAnalyzer...')
#1 /Users/pauliyaji/Herd/powerhouse/vendor/laravel/framework/src/Illuminate/Foundation/ProviderRepository.php(60): Illuminate\\Foundation\\ProviderRepository->compileManifest(Array)
#2 /Users/pauliyaji/Herd/powerhouse/vendor/laravel/framework/src/Illuminate/Foundation/Application.php(871): Illuminate\\Foundation\\ProviderRepository->load(Array)
#3 /Users/pauliyaji/Herd/powerhouse/vendor/laravel/framework/src/Illuminate/Foundation/Bootstrap/RegisterProviders.php(37): Illuminate\\Foundation\\Application->registerConfiguredProviders()
#4 /Users/pauliyaji/Herd/powerhouse/vendor/laravel/framework/src/Illuminate/Foundation/Application.php(342): Illuminate\\Foundation\\Bootstrap\\RegisterProviders->bootstrap(Object(Illuminate\\Foundation\\Application))
#5 /Users/pauliyaji/Herd/powerhouse/vendor/laravel/framework/src/Illuminate/Foundation/Console/Kernel.php(494): Illuminate\\Foundation\\Application->bootstrapWith(Array)
#6 /Users/pauliyaji/Herd/powerhouse/vendor/laravel/framework/src/Illuminate/Foundation/Console/Kernel.php(196): Illuminate\\Foundation\\Console\\Kernel->bootstrap()
#7 /Users/pauliyaji/Herd/powerhouse/vendor/laravel/framework/src/Illuminate/Foundation/Application.php(1235): Illuminate\\Foundation\\Console\\Kernel->handle(Object(Symfony\\Component\\Console\\Input\\ArgvInput), Object(Symfony\\Component\\Console\\Output\\ConsoleOutput))
#8 /Users/pauliyaji/Herd/powerhouse/artisan(16): Illuminate\\Foundation\\Application->handleCommand(Object(Symfony\\Component\\Console\\Input\\ArgvInput))
#9 {main}
"} 
[2026-07-30 02:43:38] local.ERROR: __VSCODE_LARAVEL_STARTUP_ERROR__: Class "ProjectAnalyzer\ProjectAnalyzerServiceProvider" not found {"exception":"[object] (Error(code: 0): __VSCODE_LARAVEL_STARTUP_ERROR__: Class \"ProjectAnalyzer\\ProjectAnalyzerServiceProvider\" not found at /Users/pauliyaji/Herd/powerhouse/vendor/_laravel_ide/discover-f5442aeac73a6a9021bd7ce113d6a606.php:33)
[stacktrace]
#0 /Users/pauliyaji/Herd/powerhouse/vendor/_laravel_ide/discover-f5442aeac73a6a9021bd7ce113d6a606.php(62): LaravelVsCode::startupError(Object(Error))
#1 {main}
"} 
[2026-07-30 02:43:38] local.ERROR: __VSCODE_LARAVEL_STARTUP_ERROR__: Class "ProjectAnalyzer\ProjectAnalyzerServiceProvider" not found {"exception":"[object] (Error(code: 0): __VSCODE_LARAVEL_STARTUP_ERROR__: Class \"ProjectAnalyzer\\ProjectAnalyzerServiceProvider\" not found at /Users/pauliyaji/Herd/powerhouse/vendor/_laravel_ide/discover-4dd8aa2c89a79640c26a5af93ae899b1.php:33)
[stacktrace]
#0 /Users/pauliyaji/Herd/powerhouse/vendor/_laravel_ide/discover-4dd8aa2c89a79640c26a5af93ae899b1.php(62): LaravelVsCode::startupError(Object(Error))
#1 {main}
"} 
[2026-07-30 02:43:38] local.ERROR: __VSCODE_LARAVEL_STARTUP_ERROR__: Class "ProjectAnalyzer\ProjectAnalyzerServiceProvider" not found {"exception":"[object] (Error(code: 0): __VSCODE_LARAVEL_STARTUP_ERROR__: Class \"ProjectAnalyzer\\ProjectAnalyzerServiceProvider\" not found at /Users/pauliyaji/Herd/powerhouse/vendor/_laravel_ide/discover-43419e1773d5590e98dcbfc1b7903297.php:33)
[stacktrace]
#0 /Users/pauliyaji/Herd/powerhouse/vendor/_laravel_ide/discover-43419e1773d5590e98dcbfc1b7903297.php(62): LaravelVsCode::startupError(Object(Error))
#1 {main}
"} 
[2026-07-30 02:43:38] local.ERROR: __VSCODE_LARAVEL_STARTUP_ERROR__: Class "ProjectAnalyzer\ProjectAnalyzerServiceProvider" not found {"exception":"[object] (Error(code: 0): __VSCODE_LARAVEL_STARTUP_ERROR__: Class \"ProjectAnalyzer\\ProjectAnalyzerServiceProvider\" not found at /Users/pauliyaji/Herd/powerhouse/vendor/_laravel_ide/discover-ec2e9975ebf5755f76a162b3dce99361.php:33)
[stacktrace]
#0 /Users/pauliyaji/Herd/powerhouse/vendor/_laravel_ide/discover-ec2e9975ebf5755f76a162b3dce99361.php(62): LaravelVsCode::startupError(Object(Error))
#1 {main}
"} 
[2026-07-30 02:43:38] local.ERROR: __VSCODE_LARAVEL_STARTUP_ERROR__: Class "ProjectAnalyzer\ProjectAnalyzerServiceProvider" not found {"exception":"[object] (Error(code: 0): __VSCODE_LARAVEL_STARTUP_ERROR__: Class \"ProjectAnalyzer\\ProjectAnalyzerServiceProvider\" not found at /Users/pauliyaji/Herd/powerhouse/vendor/_laravel_ide/discover-5c3cbe5e47b16e6c5fd1967f09c399da.php:33)
[stacktrace]
#0 /Users/pauliyaji/Herd/powerhouse/vendor/_laravel_ide/discover-5c3cbe5e47b16e6c5fd1967f09c399da.php(62): LaravelVsCode::startupError(Object(Error))
#1 {main}
"} 
[2026-07-30 02:43:38] local.ERROR: __VSCODE_LARAVEL_STARTUP_ERROR__: Class "ProjectAnalyzer\ProjectAnalyzerServiceProvider" not found {"exception":"[object] (Error(code: 0): __VSCODE_LARAVEL_STARTUP_ERROR__: Class \"ProjectAnalyzer\\ProjectAnalyzerServiceProvider\" not found at /Users/pauliyaji/Herd/powerhouse/vendor/_laravel_ide/discover-80bc781b69500326630e3fef7a4fdfeb.php:33)
[stacktrace]
#0 /Users/pauliyaji/Herd/powerhouse/vendor/_laravel_ide/discover-80bc781b69500326630e3fef7a4fdfeb.php(62): LaravelVsCode::startupError(Object(Error))
#1 {main}
"} 
[2026-07-30 02:43:38] local.ERROR: __VSCODE_LARAVEL_STARTUP_ERROR__: Class "ProjectAnalyzer\ProjectAnalyzerServiceProvider" not found {"exception":"[object] (Error(code: 0): __VSCODE_LARAVEL_STARTUP_ERROR__: Class \"ProjectAnalyzer\\ProjectAnalyzerServiceProvider\" not found at /Users/pauliyaji/Herd/powerhouse/vendor/_laravel_ide/discover-6d96201ad95cad12367117063c707ebf.php:33)
[stacktrace]
#0 /Users/pauliyaji/Herd/powerhouse/vendor/_laravel_ide/discover-6d96201ad95cad12367117063c707ebf.php(62): LaravelVsCode::startupError(Object(Error))
#1 {main}
"} 
[2026-07-30 02:43:38] local.ERROR: __VSCODE_LARAVEL_STARTUP_ERROR__: Class "ProjectAnalyzer\ProjectAnalyzerServiceProvider" not found {"exception":"[object] (Error(code: 0): __VSCODE_LARAVEL_STARTUP_ERROR__: Class \"ProjectAnalyzer\\ProjectAnalyzerServiceProvider\" not found at /Users/pauliyaji/Herd/powerhouse/vendor/_laravel_ide/discover-19804082b122017c46bdac205a3a1912.php:33)
[stacktrace]
#0 /Users/pauliyaji/Herd/powerhouse/vendor/_laravel_ide/discover-19804082b122017c46bdac205a3a1912.php(62): LaravelVsCode::startupError(Object(Error))
#1 {main}
"} 
[2026-07-30 02:43:38] local.ERROR: __VSCODE_LARAVEL_STARTUP_ERROR__: Class "ProjectAnalyzer\ProjectAnalyzerServiceProvider" not found {"exception":"[object] (Error(code: 0): __VSCODE_LARAVEL_STARTUP_ERROR__: Class \"ProjectAnalyzer\\ProjectAnalyzerServiceProvider\" not found at /Users/pauliyaji/Herd/powerhouse/vendor/_laravel_ide/discover-bf37f1dc35944596ec71c910bc1ca84f.php:33)
[stacktrace]
#0 /Users/pauliyaji/Herd/powerhouse/vendor/_laravel_ide/discover-bf37f1dc35944596ec71c910bc1ca84f.php(62): LaravelVsCode::startupError(Object(Error))
#1 {main}
"} 
[2026-07-30 02:43:38] local.ERROR: __VSCODE_LARAVEL_STARTUP_ERROR__: Class "ProjectAnalyzer\ProjectAnalyzerServiceProvider" not found {"exception":"[object] (Error(code: 0): __VSCODE_LARAVEL_STARTUP_ERROR__: Class \"ProjectAnalyzer\\ProjectAnalyzerServiceProvider\" not found at /Users/pauliyaji/Herd/powerhouse/vendor/_laravel_ide/discover-31b934f114eabc246b541addb8b458e3.php:33)
[stacktrace]
#0 /Users/pauliyaji/Herd/powerhouse/vendor/_laravel_ide/discover-31b934f114eabc246b541addb8b458e3.php(62): LaravelVsCode::startupError(Object(Error))
#1 {main}
"} 
[2026-07-30 02:43:38] local.ERROR: __VSCODE_LARAVEL_STARTUP_ERROR__: Class "ProjectAnalyzer\ProjectAnalyzerServiceProvider" not found {"exception":"[object] (Error(code: 0): __VSCODE_LARAVEL_STARTUP_ERROR__: Class \"ProjectAnalyzer\\ProjectAnalyzerServiceProvider\" not found at /Users/pauliyaji/Herd/powerhouse/vendor/_laravel_ide/discover-7563160ca998bde672640aa1e68dfd08.php:33)
[stacktrace]
#0 /Users/pauliyaji/Herd/powerhouse/vendor/_laravel_ide/discover-7563160ca998bde672640aa1e68dfd08.php(62): LaravelVsCode::startupError(Object(Error))
#1 {main}
"} 
[2026-07-30 02:43:38] local.ERROR: __VSCODE_LARAVEL_STARTUP_ERROR__: Class "ProjectAnalyzer\ProjectAnalyzerServiceProvider" not found {"exception":"[object] (Error(code: 0): __VSCODE_LARAVEL_STARTUP_ERROR__: Class \"ProjectAnalyzer\\ProjectAnalyzerServiceProvider\" not found at /Users/pauliyaji/Herd/powerhouse/vendor/_laravel_ide/discover-e4fb95a586b679e2bcd4cf4f0871799d.php:33)
[stacktrace]
#0 /Users/pauliyaji/Herd/powerhouse/vendor/_laravel_ide/discover-e4fb95a586b679e2bcd4cf4f0871799d.php(62): LaravelVsCode::startupError(Object(Error))
#1 {main}
"} 
[2026-07-30 02:43:39] local.ERROR: __VSCODE_LARAVEL_STARTUP_ERROR__: Class "ProjectAnalyzer\ProjectAnalyzerServiceProvider" not found {"exception":"[object] (Error(code: 0): __VSCODE_LARAVEL_STARTUP_ERROR__: Class \"ProjectAnalyzer\\ProjectAnalyzerServiceProvider\" not found at /Users/pauliyaji/Herd/powerhouse/vendor/_laravel_ide/discover-43419e1773d5590e98dcbfc1b7903297.php:33)
[stacktrace]
#0 /Users/pauliyaji/Herd/powerhouse/vendor/_laravel_ide/discover-43419e1773d5590e98dcbfc1b7903297.php(62): LaravelVsCode::startupError(Object(Error))
#1 {main}
"} 
[2026-07-30 02:43:39] local.ERROR: __VSCODE_LARAVEL_STARTUP_ERROR__: Class "ProjectAnalyzer\ProjectAnalyzerServiceProvider" not found {"exception":"[object] (Error(code: 0): __VSCODE_LARAVEL_STARTUP_ERROR__: Class \"ProjectAnalyzer\\ProjectAnalyzerServiceProvider\" not found at /Users/pauliyaji/Herd/powerhouse/vendor/_laravel_ide/discover-6d96201ad95cad12367117063c707ebf.php:33)
[stacktrace]
#0 /Users/pauliyaji/Herd/powerhouse/vendor/_laravel_ide/discover-6d96201ad95cad12367117063c707ebf.php(62): LaravelVsCode::startupError(Object(Error))
#1 {main}
"} 
[2026-07-30 02:43:39] local.ERROR: __VSCODE_LARAVEL_STARTUP_ERROR__: Class "ProjectAnalyzer\ProjectAnalyzerServiceProvider" not found {"exception":"[object] (Error(code: 0): __VSCODE_LARAVEL_STARTUP_ERROR__: Class \"ProjectAnalyzer\\ProjectAnalyzerServiceProvider\" not found at /Users/pauliyaji/Herd/powerhouse/vendor/_laravel_ide/discover-f5442aeac73a6a9021bd7ce113d6a606.php:33)
[stacktrace]
#0 /Users/pauliyaji/Herd/powerhouse/vendor/_laravel_ide/discover-f5442aeac73a6a9021bd7ce113d6a606.php(62): LaravelVsCode::startupError(Object(Error))
#1 {main}
"} 
[2026-07-30 02:43:39] local.ERROR: __VSCODE_LARAVEL_STARTUP_ERROR__: Class "ProjectAnalyzer\ProjectAnalyzerServiceProvider" not found {"exception":"[object] (Error(code: 0): __VSCODE_LARAVEL_STARTUP_ERROR__: Class \"ProjectAnalyzer\\ProjectAnalyzerServiceProvider\" not found at /Users/pauliyaji/Herd/powerhouse/vendor/_laravel_ide/discover-5c3cbe5e47b16e6c5fd1967f09c399da.php:33)
[stacktrace]
#0 /Users/pauliyaji/Herd/powerhouse/vendor/_laravel_ide/discover-5c3cbe5e47b16e6c5fd1967f09c399da.php(62): LaravelVsCode::startupError(Object(Error))
#1 {main}
"} 
[2026-07-30 02:43:39] local.ERROR: __VSCODE_LARAVEL_STARTUP_ERROR__: Class "ProjectAnalyzer\ProjectAnalyzerServiceProvider" not found {"exception":"[object] (Error(code: 0): __VSCODE_LARAVEL_STARTUP_ERROR__: Class \"ProjectAnalyzer\\ProjectAnalyzerServiceProvider\" not found at /Users/pauliyaji/Herd/powerhouse/vendor/_laravel_ide/discover-80bc781b69500326630e3fef7a4fdfeb.php:33)
[stacktrace]
#0 /Users/pauliyaji/Herd/powerhouse/vendor/_laravel_ide/discover-80bc781b69500326630e3fef7a4fdfeb.php(62): LaravelVsCode::startupError(Object(Error))
#1 {main}
"} 
[2026-07-30 02:43:42] local.ERROR: Class "ProjectAnalyzer\ProjectAnalyzerServiceProvider" not found {"exception":"[object] (Error(code: 0): Class \"ProjectAnalyzer\\ProjectAnalyzerServiceProvider\" not found at /Users/pauliyaji/Herd/powerhouse/vendor/laravel/framework/src/Illuminate/Foundation/ProviderRepository.php:205)
[stacktrace]
#0 /Users/pauliyaji/Herd/powerhouse/vendor/laravel/framework/src/Illuminate/Foundation/ProviderRepository.php(141): Illuminate\\Foundation\\ProviderRepository->createProvider('ProjectAnalyzer...')
#1 /Users/pauliyaji/Herd/powerhouse/vendor/laravel/framework/src/Illuminate/Foundation/ProviderRepository.php(60): Illuminate\\Foundation\\ProviderRepository->compileManifest(Array)
#2 /Users/pauliyaji/Herd/powerhouse/vendor/laravel/framework/src/Illuminate/Foundation/Application.php(871): Illuminate\\Foundation\\ProviderRepository->load(Array)
#3 /Users/pauliyaji/Herd/powerhouse/vendor/laravel/framework/src/Illuminate/Foundation/Bootstrap/RegisterProviders.php(37): Illuminate\\Foundation\\Application->registerConfiguredProviders()
#4 /Users/pauliyaji/Herd/powerhouse/vendor/laravel/framework/src/Illuminate/Foundation/Application.php(342): Illuminate\\Foundation\\Bootstrap\\RegisterProviders->bootstrap(Object(Illuminate\\Foundation\\Application))
#5 /Users/pauliyaji/Herd/powerhouse/vendor/laravel/framework/src/Illuminate/Foundation/Console/Kernel.php(494): Illuminate\\Foundation\\Application->bootstrapWith(Array)
#6 /Users/pauliyaji/Herd/powerhouse/vendor/laravel/framework/src/Illuminate/Foundation/Console/Kernel.php(196): Illuminate\\Foundation\\Console\\Kernel->bootstrap()
#7 Command line code(1): Illuminate\\Foundation\\Console\\Kernel->handle(Object(Symfony\\Component\\Console\\Input\\ArgvInput), Object(Symfony\\Component\\Console\\Output\\ConsoleOutput))
#8 {main}
"} 
[2026-07-30 02:43:42] local.ERROR: Uncaught ReflectionException: Class "view" does not exist in /Users/pauliyaji/Herd/powerhouse/vendor/laravel/framework/src/Illuminate/Container/Container.php:1122
Stack trace:
#0 /Users/pauliyaji/Herd/powerhouse/vendor/laravel/framework/src/Illuminate/Container/Container.php(1122): ReflectionClass->__construct('view')
#1 /Users/pauliyaji/Herd/powerhouse/vendor/laravel/framework/src/Illuminate/Container/Container.php(933): Illuminate\Container\Container->build('view')
#2 /Users/pauliyaji/Herd/powerhouse/vendor/laravel/framework/src/Illuminate/Foundation/Application.php(1078): Illuminate\Container\Container->resolve('view', Array, true)
#3 /Users/pauliyaji/Herd/powerhouse/vendor/laravel/framework/src/Illuminate/Container/Container.php(864): Illuminate\Foundation\Application->resolve('view', Array)
#4 /Users/pauliyaji/Herd/powerhouse/vendor/laravel/framework/src/Illuminate/Foundation/Application.php(1058): Illuminate\Container\Container->make('view', Array)
#5 /Users/pauliyaji/Herd/powerhouse/vendor/laravel/framework/src/Illuminate/Foundation/helpers.php(138): Illuminate\Foundation\Application->make('view', Array)
#6 Command line code(1): app('view')
#7 {main}

Next Illuminate\Contracts\Container\BindingResolutionException: Target class [view] does not exist. in /Users/pauliyaji/Herd/powerhouse/vendor/laravel/framework/src/Illuminate/Container/Container.php:1124
Stack trace:
#0 /Users/pauliyaji/Herd/powerhouse/vendor/laravel/framework/src/Illuminate/Container/Container.php(933): Illuminate\Container\Container->build('view')
#1 /Users/pauliyaji/Herd/powerhouse/vendor/laravel/framework/src/Illuminate/Foundation/Application.php(1078): Illuminate\Container\Container->resolve('view', Array, true)
#2 /Users/pauliyaji/Herd/powerhouse/vendor/laravel/framework/src/Illuminate/Container/Container.php(864): Illuminate\Foundation\Application->resolve('view', Array)
#3 /Users/pauliyaji/Herd/powerhouse/vendor/laravel/framework/src/Illuminate/Foundation/Application.php(1058): Illuminate\Container\Container->make('view', Array)
#4 /Users/pauliyaji/Herd/powerhouse/vendor/laravel/framework/src/Illuminate/Foundation/helpers.php(138): Illuminate\Foundation\Application->make('view', Array)
#5 Command line code(1): app('view')
#6 {main}
  thrown {"exception":"[object] (Symfony\\Component\\ErrorHandler\\Error\\FatalError(code: 0): Uncaught ReflectionException: Class \"view\" does not exist in /Users/pauliyaji/Herd/powerhouse/vendor/laravel/framework/src/Illuminate/Container/Container.php:1122
Stack trace:
#0 /Users/pauliyaji/Herd/powerhouse/vendor/laravel/framework/src/Illuminate/Container/Container.php(1122): ReflectionClass->__construct('view')
#1 /Users/pauliyaji/Herd/powerhouse/vendor/laravel/framework/src/Illuminate/Container/Container.php(933): Illuminate\\Container\\Container->build('view')
#2 /Users/pauliyaji/Herd/powerhouse/vendor/laravel/framework/src/Illuminate/Foundation/Application.php(1078): Illuminate\\Container\\Container->resolve('view', Array, true)
#3 /Users/pauliyaji/Herd/powerhouse/vendor/laravel/framework/src/Illuminate/Container/Container.php(864): Illuminate\\Foundation\\Application->resolve('view', Array)
#4 /Users/pauliyaji/Herd/powerhouse/vendor/laravel/framework/src/Illuminate/Foundation/Application.php(1058): Illuminate\\Container\\Container->make('view', Array)
#5 /Users/pauliyaji/Herd/powerhouse/vendor/laravel/framework/src/Illuminate/Foundation/helpers.php(138): Illuminate\\Foundation\\Application->make('view', Array)
#6 Command line code(1): app('view')
#7 {main}

Next Illuminate\\Contracts\\Container\\BindingResolutionException: Target class [view] does not exist. in /Users/pauliyaji/Herd/powerhouse/vendor/laravel/framework/src/Illuminate/Container/Container.php:1124
Stack trace:
#0 /Users/pauliyaji/Herd/powerhouse/vendor/laravel/framework/src/Illuminate/Container/Container.php(933): Illuminate\\Container\\Container->build('view')
#1 /Users/pauliyaji/Herd/powerhouse/vendor/laravel/framework/src/Illuminate/Foundation/Application.php(1078): Illuminate\\Container\\Container->resolve('view', Array, true)
#2 /Users/pauliyaji/Herd/powerhouse/vendor/laravel/framework/src/Illuminate/Container/Container.php(864): Illuminate\\Foundation\\Application->resolve('view', Array)
#3 /Users/pauliyaji/Herd/powerhouse/vendor/laravel/framework/src/Illuminate/Foundation/Application.php(1058): Illuminate\\Container\\Container->make('view', Array)
#4 /Users/pauliyaji/Herd/powerhouse/vendor/laravel/framework/src/Illuminate/Foundation/helpers.php(138): Illuminate\\Foundation\\Application->make('view', Array)
#5 Command line code(1): app('view')
#6 {main}
  thrown at /Users/pauliyaji/Herd/powerhouse/vendor/laravel/framework/src/Illuminate/Container/Container.php:1124)
[stacktrace]
#0 {main}
"} 
[2026-07-30 02:55:47] testing.ERROR: PDF convert job failed {"document_id":2,"target":"docx","error":"The PDF password is incorrect."} 
[2026-07-30 02:55:47] testing.ERROR: PDF conversion failed {"document_id":1,"target":"docx","exception":"App\\Services\\PdfConversionException","error":"The PDF password is incorrect."} 
[2026-07-30 02:55:47] testing.ERROR: Call to undefined method App\Http\Controllers\PdfController::authorize() {"userId":2,"exception":"[object] (Error(code: 0): Call to undefined method App\\Http\\Controllers\\PdfController::authorize() at /Users/pauliyaji/Herd/powerhouse/app/Http/Controllers/PdfController.php:150)
[stacktrace]
#0 /Users/pauliyaji/Herd/powerhouse/vendor/laravel/framework/src/Illuminate/Routing/ControllerDispatcher.php(46): App\\Http\\Controllers\\PdfController->download(Object(Illuminate\\Http\\Request), Object(App\\Models\\Document))
#1 /Users/pauliyaji/Herd/powerhouse/vendor/laravel/framework/src/Illuminate/Routing/Route.php(265): Illuminate\\Routing\\ControllerDispatcher->dispatch(Object(Illuminate\\Routing\\Route), Object(App\\Http\\Controllers\\PdfController), 'download')
#2 /Users/pauliyaji/Herd/powerhouse/vendor/laravel/framework/src/Illuminate/Routing/Route.php(211): Illuminate\\Routing\\Route->runController()
#3 /Users/pauliyaji/Herd/powerhouse/vendor/laravel/framework/src/Illuminate/Routing/Router.php(822): Illuminate\\Routing\\Route->run()
#4 /Users/pauliyaji/Herd/powerhouse/vendor/laravel/framework/src/Illuminate/Pipeline/Pipeline.php(180): Illuminate\\Routing\\Router->{closure:Illuminate\\Routing\\Router::runRouteWithinStack():821}(Object(Illuminate\\Http\\Request))
#5 /Users/pauliyaji/Herd/powerhouse/vendor/laravel/framework/src/Illuminate/Routing/Middleware/SubstituteBindings.php(50): Illuminate\\Pipeline\\Pipeline->{closure:Illuminate\\Pipeline\\Pipeline::prepareDestination():178}(Object(Illuminate\\Http\\Request))
#6 /Users/pauliyaji/Herd/powerhouse/vendor/laravel/framework/src/Illuminate/Pipeline/Pipeline.php(219): Illuminate\\Routing\\Middleware\\SubstituteBindings->handle(Object(Illuminate\\Http\\Request), Object(Closure))
#7 /Users/pauliyaji/Herd/powerhouse/vendor/laravel/framework/src/Illuminate/Auth/Middleware/Authenticate.php(63): Illuminate\\Pipeline\\Pipeline->{closure:{closure:Illuminate\\Pipeline\\Pipeline::carry():194}:195}(Object(Illuminate\\Http\\Request))
#8 /Users/pauliyaji/Herd/powerhouse/vendor/laravel/framework/src/Illuminate/Pipeline/Pipeline.php(219): Illuminate\\Auth\\Middleware\\Authenticate->handle(Object(Illuminate\\Http\\Request), Object(Closure))
#9 /Users/pauliyaji/Herd/powerhouse/vendor/laravel/framework/src/Illuminate/Foundation/Http/Middleware/VerifyCsrfToken.php(87): Illuminate\\Pipeline\\Pipeline->{closure:{closure:Illuminate\\Pipeline\\Pipeline::carry():194}:195}(Object(Illuminate\\Http\\Request))
#10 /Users/pauliyaji/Herd/powerhouse/vendor/laravel/framework/src/Illuminate/Pipeline/Pipeline.php(219): Illuminate\\Foundation\\Http\\Middleware\\VerifyCsrfToken->handle(Object(Illuminate\\Http\\Request), Object(Closure))
#11 /Users/pauliyaji/Herd/powerhouse/vendor/laravel/framework/src/Illuminate/View/Middleware/ShareErrorsFromSession.php(48): Illuminate\\Pipeline\\Pipeline->{closure:{closure:Illuminate\\Pipeline\\Pipeline::carry():194}:195}(Object(Illuminate\\Http\\Request))
#12 /Users/pauliyaji/Herd/powerhouse/vendor/laravel/framework/src/Illuminate/Pipeline/Pipeline.php(219): Illuminate\\View\\Middleware\\ShareErrorsFromSession->handle(Object(Illuminate\\Http\\Request), Object(Closure))
#13 /Users/pauliyaji/Herd/powerhouse/vendor/laravel/framework/src/Illuminate/Session/Middleware/StartSession.php(120): Illuminate\\Pipeline\\Pipeline->{closure:{closure:Illuminate\\Pipeline\\Pipeline::carry():194}:195}(Object(Illuminate\\Http\\Request))
#14 /Users/pauliyaji/Herd/powerhouse/vendor/laravel/framework/src/Illuminate/Session/Middleware/StartSession.php(63): Illuminate\\Session\\Middleware\\StartSession->handleStatefulRequest(Object(Illuminate\\Http\\Request), Object(Illuminate\\Session\\Store), Object(Closure))
#15 /Users/pauliyaji/Herd/powerhouse/vendor/laravel/framework/src/Illuminate/Pipeline/Pipeline.php(219): Illuminate\\Session\\Middleware\\StartSession->handle(Object(Illuminate\\Http\\Request), Object(Closure))
#16 /Users/pauliyaji/Herd/powerhouse/vendor/laravel/framework/src/Illuminate/Cookie/Middleware/AddQueuedCookiesToResponse.php(36): Illuminate\\Pipeline\\Pipeline->{closure:{closure:Illuminate\\Pipeline\\Pipeline::carry():194}:195}(Object(Illuminate\\Http\\Request))
#17 /Users/pauliyaji/Herd/powerhouse/vendor/laravel/framework/src/Illuminate/Pipeline/Pipeline.php(219): Illuminate\\Cookie\\Middleware\\AddQueuedCookiesToResponse->handle(Object(Illuminate\\Http\\Request), Object(Closure))
#18 /Users/pauliyaji/Herd/powerhouse/vendor/laravel/framework/src/Illuminate/Cookie/Middleware/EncryptCookies.php(74): Illuminate\\Pipeline\\Pipeline->{closure:{closure:Illuminate\\Pipeline\\Pipeline::carry():194}:195}(Object(Illuminate\\Http\\Request))
#19 /Users/pauliyaji/Herd/powerhouse/vendor/laravel/framework/src/Illuminate/Pipeline/Pipeline.php(219): Illuminate\\Cookie\\Middleware\\EncryptCookies->handle(Object(Illuminate\\Http\\Request), Object(Closure))
#20 /Users/pauliyaji/Herd/powerhouse/vendor/laravel/framework/src/Illuminate/Pipeline/Pipeline.php(137): Illuminate\\Pipeline\\Pipeline->{closure:{closure:Illuminate\\Pipeline\\Pipeline::carry():194}:195}(Object(Illuminate\\Http\\Request))
#21 /Users/pauliyaji/Herd/powerhouse/vendor/laravel/framework/src/Illuminate/Routing/Router.php(821): Illuminate\\Pipeline\\Pipeline->then(Object(Closure))
#22 /Users/pauliyaji/Herd/powerhouse/vendor/laravel/framework/src/Illuminate/Routing/Router.php(800): Illuminate\\Routing\\Router->runRouteWithinStack(Object(Illuminate\\Routing\\Route), Object(Illuminate\\Http\\Request))
#23 /Users/pauliyaji/Herd/powerhouse/vendor/laravel/framework/src/Illuminate/Routing/Router.php(764): Illuminate\\Routing\\Router->runRoute(Object(Illuminate\\Http\\Request), Object(Illuminate\\Routing\\Route))
#24 /Users/pauliyaji/Herd/powerhouse/vendor/laravel/framework/src/Illuminate/Routing/Router.php(753): Illuminate\\Routing\\Router->dispatchToRoute(Object(Illuminate\\Http\\Request))
#25 /Users/pauliyaji/Herd/powerhouse/vendor/laravel/framework/src/Illuminate/Foundation/Http/Kernel.php(200): Illuminate\\Routing\\Router->dispatch(Object(Illuminate\\Http\\Request))
#26 /Users/pauliyaji/Herd/powerhouse/vendor/laravel/framework/src/Illuminate/Pipeline/Pipeline.php(180): Illuminate\\Foundation\\Http\\Kernel->{closure:Illuminate\\Foundation\\Http\\Kernel::dispatchToRouter():197}(Object(Illuminate\\Http\\Request))
#27 /Users/pauliyaji/Herd/powerhouse/vendor/livewire/livewire/src/Features/SupportDisablingBackButtonCache/DisableBackButtonCacheMiddleware.php(19): Illuminate\\Pipeline\\Pipeline->{closure:Illuminate\\Pipeline\\Pipeline::prepareDestination():178}(Object(Illuminate\\Http\\Request))
#28 /Users/pauliyaji/Herd/powerhouse/vendor/laravel/framework/src/Illuminate/Pipeline/Pipeline.php(219): Livewire\\Features\\SupportDisablingBackButtonCache\\DisableBackButtonCacheMiddleware->handle(Object(Illuminate\\Http\\Request), Object(Closure))
#29 /Users/pauliyaji/Herd/powerhouse/vendor/laravel/framework/src/Illuminate/Foundation/Http/Middleware/TransformsRequest.php(21): Illuminate\\Pipeline\\Pipeline->{closure:{closure:Illuminate\\Pipeline\\Pipeline::carry():194}:195}(Object(Illuminate\\Http\\Request))
#30 /Users/pauliyaji/Herd/powerhouse/vendor/laravel/framework/src/Illuminate/Foundation/Http/Middleware/ConvertEmptyStringsToNull.php(31): Illuminate\\Foundation\\Http\\Middleware\\TransformsRequest->handle(Object(Illuminate\\Http\\Request), Object(Closure))
#31 /Users/pauliyaji/Herd/powerhouse/vendor/laravel/framework/src/Illuminate/Pipeline/Pipeline.php(219): Illuminate\\Foundation\\Http\\Middleware\\ConvertEmptyStringsToNull->handle(Object(Illuminate\\Http\\Request), Object(Closure))
#32 /Users/pauliyaji/Herd/powerhouse/vendor/laravel/framework/src/Illuminate/Foundation/Http/Middleware/TransformsRequest.php(21): Illuminate\\Pipeline\\Pipeline->{closure:{closure:Illuminate\\Pipeline\\Pipeline::carry():194}:195}(Object(Illuminate\\Http\\Request))
#33 /Users/pauliyaji/Herd/powerhouse/vendor/laravel/framework/src/Illuminate/Foundation/Http/Middleware/TrimStrings.php(51): Illuminate\\Foundation\\Http\\Middleware\\TransformsRequest->handle(Object(Illuminate\\Http\\Request), Object(Closure))
#34 /Users/pauliyaji/Herd/powerhouse/vendor/laravel/framework/src/Illuminate/Pipeline/Pipeline.php(219): Illuminate\\Foundation\\Http\\Middleware\\TrimStrings->handle(Object(Illuminate\\Http\\Request), Object(Closure))
#35 /Users/pauliyaji/Herd/powerhouse/vendor/laravel/framework/src/Illuminate/Http/Middleware/ValidatePostSize.php(27): Illuminate\\Pipeline\\Pipeline->{closure:{closure:Illuminate\\Pipeline\\Pipeline::carry():194}:195}(Object(Illuminate\\Http\\Request))
#36 /Users/pauliyaji/Herd/powerhouse/vendor/laravel/framework/src/Illuminate/Pipeline/Pipeline.php(219): Illuminate\\Http\\Middleware\\ValidatePostSize->handle(Object(Illuminate\\Http\\Request), Object(Closure))
#37 /Users/pauliyaji/Herd/powerhouse/vendor/laravel/framework/src/Illuminate/Foundation/Http/Middleware/PreventRequestsDuringMaintenance.php(109): Illuminate\\Pipeline\\Pipeline->{closure:{closure:Illuminate\\Pipeline\\Pipeline::carry():194}:195}(Object(Illuminate\\Http\\Request))
#38 /Users/pauliyaji/Herd/powerhouse/vendor/laravel/framework/src/Illuminate/Pipeline/Pipeline.php(219): Illuminate\\Foundation\\Http\\Middleware\\PreventRequestsDuringMaintenance->handle(Object(Illuminate\\Http\\Request), Object(Closure))
#39 /Users/pauliyaji/Herd/powerhouse/vendor/laravel/framework/src/Illuminate/Http/Middleware/HandleCors.php(61): Illuminate\\Pipeline\\Pipeline->{closure:{closure:Illuminate\\Pipeline\\Pipeline::carry():194}:195}(Object(Illuminate\\Http\\Request))
#40 /Users/pauliyaji/Herd/powerhouse/vendor/laravel/framework/src/Illuminate/Pipeline/Pipeline.php(219): Illuminate\\Http\\Middleware\\HandleCors->handle(Object(Illuminate\\Http\\Request), Object(Closure))
#41 /Users/pauliyaji/Herd/powerhouse/vendor/laravel/framework/src/Illuminate/Http/Middleware/TrustProxies.php(58): Illuminate\\Pipeline\\Pipeline->{closure:{closure:Illuminate\\Pipeline\\Pipeline::carry():194}:195}(Object(Illuminate\\Http\\Request))
#42 /Users/pauliyaji/Herd/powerhouse/vendor/laravel/framework/src/Illuminate/Pipeline/Pipeline.php(219): Illuminate\\Http\\Middleware\\TrustProxies->handle(Object(Illuminate\\Http\\Request), Object(Closure))
#43 /Users/pauliyaji/Herd/powerhouse/vendor/laravel/framework/src/Illuminate/Foundation/Http/Middleware/InvokeDeferredCallbacks.php(22): Illuminate\\Pipeline\\Pipeline->{closure:{closure:Illuminate\\Pipeline\\Pipeline::carry():194}:195}(Object(Illuminate\\Http\\Request))
#44 /Users/pauliyaji/Herd/powerhouse/vendor/laravel/framework/src/Illuminate/Pipeline/Pipeline.php(219): Illuminate\\Foundation\\Http\\Middleware\\InvokeDeferredCallbacks->handle(Object(Illuminate\\Http\\Request), Object(Closure))
#45 /Users/pauliyaji/Herd/powerhouse/vendor/laravel/framework/src/Illuminate/Http/Middleware/ValidatePathEncoding.php(26): Illuminate\\Pipeline\\Pipeline->{closure:{closure:Illuminate\\Pipeline\\Pipeline::carry():194}:195}(Object(Illuminate\\Http\\Request))
#46 /Users/pauliyaji/Herd/powerhouse/vendor/laravel/framework/src/Illuminate/Pipeline/Pipeline.php(219): Illuminate\\Http\\Middleware\\ValidatePathEncoding->handle(Object(Illuminate\\Http\\Request), Object(Closure))
#47 /Users/pauliyaji/Herd/powerhouse/vendor/laravel/framework/src/Illuminate/Pipeline/Pipeline.php(137): Illuminate\\Pipeline\\Pipeline->{closure:{closure:Illuminate\\Pipeline\\Pipeline::carry():194}:195}(Object(Illuminate\\Http\\Request))
#48 /Users/pauliyaji/Herd/powerhouse/vendor/laravel/framework/src/Illuminate/Foundation/Http/Kernel.php(175): Illuminate\\Pipeline\\Pipeline->then(Object(Closure))
#49 /Users/pauliyaji/Herd/powerhouse/vendor/laravel/framework/src/Illuminate/Foundation/Http/Kernel.php(144): Illuminate\\Foundation\\Http\\Kernel->sendRequestThroughRouter(Object(Illuminate\\Http\\Request))
#50 /Users/pauliyaji/Herd/powerhouse/vendor/laravel/framework/src/Illuminate/Foundation/Testing/Concerns/MakesHttpRequests.php(607): Illuminate\\Foundation\\Http\\Kernel->handle(Object(Illuminate\\Http\\Request))
#51 /Users/pauliyaji/Herd/powerhouse/vendor/laravel/framework/src/Illuminate/Foundation/Testing/Concerns/MakesHttpRequests.php(368): Illuminate\\Foundation\\Testing\\TestCase->call('GET', 'http://powerhou...', Array, Array, Array, Array)
#52 /Users/pauliyaji/Herd/powerhouse/tests/Feature/DocumentAuthorizationTest.php(18): Illuminate\\Foundation\\Testing\\TestCase->get('http://powerhou...')
#53 /Users/pauliyaji/Herd/powerhouse/vendor/pestphp/pest/src/Factories/TestCaseMethodFactory.php(177): P\\Tests\\Feature\\DocumentAuthorizationTest->{closure:/Users/pauliyaji/Herd/powerhouse/tests/Feature/DocumentAuthorizationTest.php:11}()
#54 [internal function]: P\\Tests\\Feature\\DocumentAuthorizationTest->{closure:Pest\\Factories\\TestCaseMethodFactory::getClosure():167}()
#55 /Users/pauliyaji/Herd/powerhouse/vendor/pestphp/pest/src/Concerns/Testable.php(576): call_user_func_array(Object(Closure), Array)
#56 /Users/pauliyaji/Herd/powerhouse/vendor/pestphp/pest/src/Support/ExceptionTrace.php(26): P\\Tests\\Feature\\DocumentAuthorizationTest->{closure:Pest\\Concerns\\Testable::__callClosure():576}()
#57 /Users/pauliyaji/Herd/powerhouse/vendor/pestphp/pest/src/Concerns/Testable.php(576): Pest\\Support\\ExceptionTrace::ensure(Object(Closure))
#58 /Users/pauliyaji/Herd/powerhouse/vendor/pestphp/pest/src/Concerns/Testable.php(403): P\\Tests\\Feature\\DocumentAuthorizationTest->__callClosure(Object(Closure), Array)
#59 /Users/pauliyaji/Herd/powerhouse/vendor/pestphp/pest/src/Factories/TestCaseFactory.php(175) : eval()'d code(17): P\\Tests\\Feature\\DocumentAuthorizationTest->__runTest(Object(Closure))
#60 /Users/pauliyaji/Herd/powerhouse/vendor/phpunit/phpunit/src/Framework/TestCase.php(1310): P\\Tests\\Feature\\DocumentAuthorizationTest->__pest_evaluable_it_forbids_downloading_another_users_document()
#61 /Users/pauliyaji/Herd/powerhouse/vendor/phpunit/phpunit/src/Framework/TestCase.php(1344): PHPUnit\\Framework\\TestCase->invokeTestMethod('__pest_evaluabl...', Array)
#62 /Users/pauliyaji/Herd/powerhouse/vendor/phpunit/phpunit/src/Framework/TestCase.php(520): PHPUnit\\Framework\\TestCase->runTest()
#63 /Users/pauliyaji/Herd/powerhouse/vendor/phpunit/phpunit/src/Framework/TestRunner/TestRunner.php(99): PHPUnit\\Framework\\TestCase->runBare()
#64 /Users/pauliyaji/Herd/powerhouse/vendor/phpunit/phpunit/src/Framework/TestCase.php(360): PHPUnit\\Framework\\TestRunner->run(Object(P\\Tests\\Feature\\DocumentAuthorizationTest))
#65 /Users/pauliyaji/Herd/powerhouse/vendor/phpunit/phpunit/src/Framework/TestSuite.php(374): PHPUnit\\Framework\\TestCase->run()
#66 /Users/pauliyaji/Herd/powerhouse/vendor/phpunit/phpunit/src/Framework/TestSuite.php(374): PHPUnit\\Framework\\TestSuite->run()
#67 /Users/pauliyaji/Herd/powerhouse/vendor/phpunit/phpunit/src/Framework/TestSuite.php(374): PHPUnit\\Framework\\TestSuite->run()
#68 /Users/pauliyaji/Herd/powerhouse/vendor/phpunit/phpunit/src/TextUI/TestRunner.php(64): PHPUnit\\Framework\\TestSuite->run()
#69 /Users/pauliyaji/Herd/powerhouse/vendor/phpunit/phpunit/src/TextUI/Application.php(229): PHPUnit\\TextUI\\TestRunner->run(Object(PHPUnit\\TextUI\\Configuration\\Configuration), Object(PHPUnit\\Runner\\ResultCache\\DefaultResultCache), Object(PHPUnit\\Framework\\TestSuite))
#70 /Users/pauliyaji/Herd/powerhouse/vendor/pestphp/pest/src/Kernel.php(117): PHPUnit\\TextUI\\Application->run(Array)
#71 /Users/pauliyaji/Herd/powerhouse/vendor/pestphp/pest/bin/pest(207): Pest\\Kernel->handle(Array, Array)
#72 /Users/pauliyaji/Herd/powerhouse/vendor/pestphp/pest/bin/pest(215): {closure:/Users/pauliyaji/Herd/powerhouse/vendor/pestphp/pest/bin/pest:21}()
#73 {main}
"} 
[2026-07-30 02:55:47] testing.ERROR: Call to undefined method App\Http\Controllers\PdfController::authorize() {"userId":2,"exception":"[object] (Error(code: 0): Call to undefined method App\\Http\\Controllers\\PdfController::authorize() at /Users/pauliyaji/Herd/powerhouse/app/Http/Controllers/PdfController.php:157)
[stacktrace]
#0 /Users/pauliyaji/Herd/powerhouse/vendor/laravel/framework/src/Illuminate/Routing/ControllerDispatcher.php(46): App\\Http\\Controllers\\PdfController->destroy(Object(Illuminate\\Http\\Request), Object(App\\Models\\Document))
#1 /Users/pauliyaji/Herd/powerhouse/vendor/laravel/framework/src/Illuminate/Routing/Route.php(265): Illuminate\\Routing\\ControllerDispatcher->dispatch(Object(Illuminate\\Routing\\Route), Object(App\\Http\\Controllers\\PdfController), 'destroy')
#2 /Users/pauliyaji/Herd/powerhouse/vendor/laravel/framework/src/Illuminate/Routing/Route.php(211): Illuminate\\Routing\\Route->runController()
#3 /Users/pauliyaji/Herd/powerhouse/vendor/laravel/framework/src/Illuminate/Routing/Router.php(822): Illuminate\\Routing\\Route->run()
#4 /Users/pauliyaji/Herd/powerhouse/vendor/laravel/framework/src/Illuminate/Pipeline/Pipeline.php(180): Illuminate\\Routing\\Router->{closure:Illuminate\\Routing\\Router::runRouteWithinStack():821}(Object(Illuminate\\Http\\Request))
#5 /Users/pauliyaji/Herd/powerhouse/vendor/laravel/framework/src/Illuminate/Routing/Middleware/SubstituteBindings.php(50): Illuminate\\Pipeline\\Pipeline->{closure:Illuminate\\Pipeline\\Pipeline::prepareDestination():178}(Object(Illuminate\\Http\\Request))
#6 /Users/pauliyaji/Herd/powerhouse/vendor/laravel/framework/src/Illuminate/Pipeline/Pipeline.php(219): Illuminate\\Routing\\Middleware\\SubstituteBindings->handle(Object(Illuminate\\Http\\Request), Object(Closure))
#7 /Users/pauliyaji/Herd/powerhouse/vendor/laravel/framework/src/Illuminate/Auth/Middleware/Authenticate.php(63): Illuminate\\Pipeline\\Pipeline->{closure:{closure:Illuminate\\Pipeline\\Pipeline::carry():194}:195}(Object(Illuminate\\Http\\Request))
#8 /Users/pauliyaji/Herd/powerhouse/vendor/laravel/framework/src/Illuminate/Pipeline/Pipeline.php(219): Illuminate\\Auth\\Middleware\\Authenticate->handle(Object(Illuminate\\Http\\Request), Object(Closure))
#9 /Users/pauliyaji/Herd/powerhouse/vendor/laravel/framework/src/Illuminate/Foundation/Http/Middleware/VerifyCsrfToken.php(87): Illuminate\\Pipeline\\Pipeline->{closure:{closure:Illuminate\\Pipeline\\Pipeline::carry():194}:195}(Object(Illuminate\\Http\\Request))
#10 /Users/pauliyaji/Herd/powerhouse/vendor/laravel/framework/src/Illuminate/Pipeline/Pipeline.php(219): Illuminate\\Foundation\\Http\\Middleware\\VerifyCsrfToken->handle(Object(Illuminate\\Http\\Request), Object(Closure))
#11 /Users/pauliyaji/Herd/powerhouse/vendor/laravel/framework/src/Illuminate/View/Middleware/ShareErrorsFromSession.php(48): Illuminate\\Pipeline\\Pipeline->{closure:{closure:Illuminate\\Pipeline\\Pipeline::carry():194}:195}(Object(Illuminate\\Http\\Request))
#12 /Users/pauliyaji/Herd/powerhouse/vendor/laravel/framework/src/Illuminate/Pipeline/Pipeline.php(219): Illuminate\\View\\Middleware\\ShareErrorsFromSession->handle(Object(Illuminate\\Http\\Request), Object(Closure))
#13 /Users/pauliyaji/Herd/powerhouse/vendor/laravel/framework/src/Illuminate/Session/Middleware/StartSession.php(120): Illuminate\\Pipeline\\Pipeline->{closure:{closure:Illuminate\\Pipeline\\Pipeline::carry():194}:195}(Object(Illuminate\\Http\\Request))
#14 /Users/pauliyaji/Herd/powerhouse/vendor/laravel/framework/src/Illuminate/Session/Middleware/StartSession.php(63): Illuminate\\Session\\Middleware\\StartSession->handleStatefulRequest(Object(Illuminate\\Http\\Request), Object(Illuminate\\Session\\Store), Object(Closure))
#15 /Users/pauliyaji/Herd/powerhouse/vendor/laravel/framework/src/Illuminate/Pipeline/Pipeline.php(219): Illuminate\\Session\\Middleware\\StartSession->handle(Object(Illuminate\\Http\\Request), Object(Closure))
#16 /Users/pauliyaji/Herd/powerhouse/vendor/laravel/framework/src/Illuminate/Cookie/Middleware/AddQueuedCookiesToResponse.php(36): Illuminate\\Pipeline\\Pipeline->{closure:{closure:Illuminate\\Pipeline\\Pipeline::carry():194}:195}(Object(Illuminate\\Http\\Request))
#17 /Users/pauliyaji/Herd/powerhouse/vendor/laravel/framework/src/Illuminate/Pipeline/Pipeline.php(219): Illuminate\\Cookie\\Middleware\\AddQueuedCookiesToResponse->handle(Object(Illuminate\\Http\\Request), Object(Closure))
#18 /Users/pauliyaji/Herd/powerhouse/vendor/laravel/framework/src/Illuminate/Cookie/Middleware/EncryptCookies.php(74): Illuminate\\Pipeline\\Pipeline->{closure:{closure:Illuminate\\Pipeline\\Pipeline::carry():194}:195}(Object(Illuminate\\Http\\Request))
#19 /Users/pauliyaji/Herd/powerhouse/vendor/laravel/framework/src/Illuminate/Pipeline/Pipeline.php(219): Illuminate\\Cookie\\Middleware\\EncryptCookies->handle(Object(Illuminate\\Http\\Request), Object(Closure))
#20 /Users/pauliyaji/Herd/powerhouse/vendor/laravel/framework/src/Illuminate/Pipeline/Pipeline.php(137): Illuminate\\Pipeline\\Pipeline->{closure:{closure:Illuminate\\Pipeline\\Pipeline::carry():194}:195}(Object(Illuminate\\Http\\Request))
#21 /Users/pauliyaji/Herd/powerhouse/vendor/laravel/framework/src/Illuminate/Routing/Router.php(821): Illuminate\\Pipeline\\Pipeline->then(Object(Closure))
#22 /Users/pauliyaji/Herd/powerhouse/vendor/laravel/framework/src/Illuminate/Routing/Router.php(800): Illuminate\\Routing\\Router->runRouteWithinStack(Object(Illuminate\\Routing\\Route), Object(Illuminate\\Http\\Request))
#23 /Users/pauliyaji/Herd/powerhouse/vendor/laravel/framework/src/Illuminate/Routing/Router.php(764): Illuminate\\Routing\\Router->runRoute(Object(Illuminate\\Http\\Request), Object(Illuminate\\Routing\\Route))
#24 /Users/pauliyaji/Herd/powerhouse/vendor/laravel/framework/src/Illuminate/Routing/Router.php(753): Illuminate\\Routing\\Router->dispatchToRoute(Object(Illuminate\\Http\\Request))
#25 /Users/pauliyaji/Herd/powerhouse/vendor/laravel/framework/src/Illuminate/Foundation/Http/Kernel.php(200): Illuminate\\Routing\\Router->dispatch(Object(Illuminate\\Http\\Request))
#26 /Users/pauliyaji/Herd/powerhouse/vendor/laravel/framework/src/Illuminate/Pipeline/Pipeline.php(180): Illuminate\\Foundation\\Http\\Kernel->{closure:Illuminate\\Foundation\\Http\\Kernel::dispatchToRouter():197}(Object(Illuminate\\Http\\Request))
#27 /Users/pauliyaji/Herd/powerhouse/vendor/livewire/livewire/src/Features/SupportDisablingBackButtonCache/DisableBackButtonCacheMiddleware.php(19): Illuminate\\Pipeline\\Pipeline->{closure:Illuminate\\Pipeline\\Pipeline::prepareDestination():178}(Object(Illuminate\\Http\\Request))
#28 /Users/pauliyaji/Herd/powerhouse/vendor/laravel/framework/src/Illuminate/Pipeline/Pipeline.php(219): Livewire\\Features\\SupportDisablingBackButtonCache\\DisableBackButtonCacheMiddleware->handle(Object(Illuminate\\Http\\Request), Object(Closure))
#29 /Users/pauliyaji/Herd/powerhouse/vendor/laravel/framework/src/Illuminate/Foundation/Http/Middleware/TransformsRequest.php(21): Illuminate\\Pipeline\\Pipeline->{closure:{closure:Illuminate\\Pipeline\\Pipeline::carry():194}:195}(Object(Illuminate\\Http\\Request))
#30 /Users/pauliyaji/Herd/powerhouse/vendor/laravel/framework/src/Illuminate/Foundation/Http/Middleware/ConvertEmptyStringsToNull.php(31): Illuminate\\Foundation\\Http\\Middleware\\TransformsRequest->handle(Object(Illuminate\\Http\\Request), Object(Closure))
#31 /Users/pauliyaji/Herd/powerhouse/vendor/laravel/framework/src/Illuminate/Pipeline/Pipeline.php(219): Illuminate\\Foundation\\Http\\Middleware\\ConvertEmptyStringsToNull->handle(Object(Illuminate\\Http\\Request), Object(Closure))
#32 /Users/pauliyaji/Herd/powerhouse/vendor/laravel/framework/src/Illuminate/Foundation/Http/Middleware/TransformsRequest.php(21): Illuminate\\Pipeline\\Pipeline->{closure:{closure:Illuminate\\Pipeline\\Pipeline::carry():194}:195}(Object(Illuminate\\Http\\Request))
#33 /Users/pauliyaji/Herd/powerhouse/vendor/laravel/framework/src/Illuminate/Foundation/Http/Middleware/TrimStrings.php(51): Illuminate\\Foundation\\Http\\Middleware\\TransformsRequest->handle(Object(Illuminate\\Http\\Request), Object(Closure))
#34 /Users/pauliyaji/Herd/powerhouse/vendor/laravel/framework/src/Illuminate/Pipeline/Pipeline.php(219): Illuminate\\Foundation\\Http\\Middleware\\TrimStrings->handle(Object(Illuminate\\Http\\Request), Object(Closure))
#35 /Users/pauliyaji/Herd/powerhouse/vendor/laravel/framework/src/Illuminate/Http/Middleware/ValidatePostSize.php(27): Illuminate\\Pipeline\\Pipeline->{closure:{closure:Illuminate\\Pipeline\\Pipeline::carry():194}:195}(Object(Illuminate\\Http\\Request))
#36 /Users/pauliyaji/Herd/powerhouse/vendor/laravel/framework/src/Illuminate/Pipeline/Pipeline.php(219): Illuminate\\Http\\Middleware\\ValidatePostSize->handle(Object(Illuminate\\Http\\Request), Object(Closure))
#37 /Users/pauliyaji/Herd/powerhouse/vendor/laravel/framework/src/Illuminate/Foundation/Http/Middleware/PreventRequestsDuringMaintenance.php(109): Illuminate\\Pipeline\\Pipeline->{closure:{closure:Illuminate\\Pipeline\\Pipeline::carry():194}:195}(Object(Illuminate\\Http\\Request))
#38 /Users/pauliyaji/Herd/powerhouse/vendor/laravel/framework/src/Illuminate/Pipeline/Pipeline.php(219): Illuminate\\Foundation\\Http\\Middleware\\PreventRequestsDuringMaintenance->handle(Object(Illuminate\\Http\\Request), Object(Closure))
#39 /Users/pauliyaji/Herd/powerhouse/vendor/laravel/framework/src/Illuminate/Http/Middleware/HandleCors.php(61): Illuminate\\Pipeline\\Pipeline->{closure:{closure:Illuminate\\Pipeline\\Pipeline::carry():194}:195}(Object(Illuminate\\Http\\Request))
#40 /Users/pauliyaji/Herd/powerhouse/vendor/laravel/framework/src/Illuminate/Pipeline/Pipeline.php(219): Illuminate\\Http\\Middleware\\HandleCors->handle(Object(Illuminate\\Http\\Request), Object(Closure))
#41 /Users/pauliyaji/Herd/powerhouse/vendor/laravel/framework/src/Illuminate/Http/Middleware/TrustProxies.php(58): Illuminate\\Pipeline\\Pipeline->{closure:{closure:Illuminate\\Pipeline\\Pipeline::carry():194}:195}(Object(Illuminate\\Http\\Request))
#42 /Users/pauliyaji/Herd/powerhouse/vendor/laravel/framework/src/Illuminate/Pipeline/Pipeline.php(219): Illuminate\\Http\\Middleware\\TrustProxies->handle(Object(Illuminate\\Http\\Request), Object(Closure))
#43 /Users/pauliyaji/Herd/powerhouse/vendor/laravel/framework/src/Illuminate/Foundation/Http/Middleware/InvokeDeferredCallbacks.php(22): Illuminate\\Pipeline\\Pipeline->{closure:{closure:Illuminate\\Pipeline\\Pipeline::carry():194}:195}(Object(Illuminate\\Http\\Request))
#44 /Users/pauliyaji/Herd/powerhouse/vendor/laravel/framework/src/Illuminate/Pipeline/Pipeline.php(219): Illuminate\\Foundation\\Http\\Middleware\\InvokeDeferredCallbacks->handle(Object(Illuminate\\Http\\Request), Object(Closure))
#45 /Users/pauliyaji/Herd/powerhouse/vendor/laravel/framework/src/Illuminate/Http/Middleware/ValidatePathEncoding.php(26): Illuminate\\Pipeline\\Pipeline->{closure:{closure:Illuminate\\Pipeline\\Pipeline::carry():194}:195}(Object(Illuminate\\Http\\Request))
#46 /Users/pauliyaji/Herd/powerhouse/vendor/laravel/framework/src/Illuminate/Pipeline/Pipeline.php(219): Illuminate\\Http\\Middleware\\ValidatePathEncoding->handle(Object(Illuminate\\Http\\Request), Object(Closure))
#47 /Users/pauliyaji/Herd/powerhouse/vendor/laravel/framework/src/Illuminate/Pipeline/Pipeline.php(137): Illuminate\\Pipeline\\Pipeline->{closure:{closure:Illuminate\\Pipeline\\Pipeline::carry():194}:195}(Object(Illuminate\\Http\\Request))
#48 /Users/pauliyaji/Herd/powerhouse/vendor/laravel/framework/src/Illuminate/Foundation/Http/Kernel.php(175): Illuminate\\Pipeline\\Pipeline->then(Object(Closure))
#49 /Users/pauliyaji/Herd/powerhouse/vendor/laravel/framework/src/Illuminate/Foundation/Http/Kernel.php(144): Illuminate\\Foundation\\Http\\Kernel->sendRequestThroughRouter(Object(Illuminate\\Http\\Request))
#50 /Users/pauliyaji/Herd/powerhouse/vendor/laravel/framework/src/Illuminate/Foundation/Testing/Concerns/MakesHttpRequests.php(607): Illuminate\\Foundation\\Http\\Kernel->handle(Object(Illuminate\\Http\\Request))
#51 /Users/pauliyaji/Herd/powerhouse/vendor/laravel/framework/src/Illuminate/Foundation/Testing/Concerns/MakesHttpRequests.php(487): Illuminate\\Foundation\\Testing\\TestCase->call('DELETE', 'http://powerhou...', Array, Array, Array, Array)
#52 /Users/pauliyaji/Herd/powerhouse/tests/Feature/DocumentAuthorizationTest.php(29): Illuminate\\Foundation\\Testing\\TestCase->delete('http://powerhou...')
#53 /Users/pauliyaji/Herd/powerhouse/vendor/pestphp/pest/src/Factories/TestCaseMethodFactory.php(177): P\\Tests\\Feature\\DocumentAuthorizationTest->{closure:/Users/pauliyaji/Herd/powerhouse/tests/Feature/DocumentAuthorizationTest.php:22}()
#54 [internal function]: P\\Tests\\Feature\\DocumentAuthorizationTest->{closure:Pest\\Factories\\TestCaseMethodFactory::getClosure():167}()
#55 /Users/pauliyaji/Herd/powerhouse/vendor/pestphp/pest/src/Concerns/Testable.php(576): call_user_func_array(Object(Closure), Array)
#56 /Users/pauliyaji/Herd/powerhouse/vendor/pestphp/pest/src/Support/ExceptionTrace.php(26): P\\Tests\\Feature\\DocumentAuthorizationTest->{closure:Pest\\Concerns\\Testable::__callClosure():576}()
#57 /Users/pauliyaji/Herd/powerhouse/vendor/pestphp/pest/src/Concerns/Testable.php(576): Pest\\Support\\ExceptionTrace::ensure(Object(Closure))
#58 /Users/pauliyaji/Herd/powerhouse/vendor/pestphp/pest/src/Concerns/Testable.php(403): P\\Tests\\Feature\\DocumentAuthorizationTest->__callClosure(Object(Closure), Array)
#59 /Users/pauliyaji/Herd/powerhouse/vendor/pestphp/pest/src/Factories/TestCaseFactory.php(175) : eval()'d code(26): P\\Tests\\Feature\\DocumentAuthorizationTest->__runTest(Object(Closure))
#60 /Users/pauliyaji/Herd/powerhouse/vendor/phpunit/phpunit/src/Framework/TestCase.php(1310): P\\Tests\\Feature\\DocumentAuthorizationTest->__pest_evaluable_it_forbids_deleting_another_users_document()
#61 /Users/pauliyaji/Herd/powerhouse/vendor/phpunit/phpunit/src/Framework/TestCase.php(1344): PHPUnit\\Framework\\TestCase->invokeTestMethod('__pest_evaluabl...', Array)
#62 /Users/pauliyaji/Herd/powerhouse/vendor/phpunit/phpunit/src/Framework/TestCase.php(520): PHPUnit\\Framework\\TestCase->runTest()
#63 /Users/pauliyaji/Herd/powerhouse/vendor/phpunit/phpunit/src/Framework/TestRunner/TestRunner.php(99): PHPUnit\\Framework\\TestCase->runBare()
#64 /Users/pauliyaji/Herd/powerhouse/vendor/phpunit/phpunit/src/Framework/TestCase.php(360): PHPUnit\\Framework\\TestRunner->run(Object(P\\Tests\\Feature\\DocumentAuthorizationTest))
#65 /Users/pauliyaji/Herd/powerhouse/vendor/phpunit/phpunit/src/Framework/TestSuite.php(374): PHPUnit\\Framework\\TestCase->run()
#66 /Users/pauliyaji/Herd/powerhouse/vendor/phpunit/phpunit/src/Framework/TestSuite.php(374): PHPUnit\\Framework\\TestSuite->run()
#67 /Users/pauliyaji/Herd/powerhouse/vendor/phpunit/phpunit/src/Framework/TestSuite.php(374): PHPUnit\\Framework\\TestSuite->run()
#68 /Users/pauliyaji/Herd/powerhouse/vendor/phpunit/phpunit/src/TextUI/TestRunner.php(64): PHPUnit\\Framework\\TestSuite->run()
#69 /Users/pauliyaji/Herd/powerhouse/vendor/phpunit/phpunit/src/TextUI/Application.php(229): PHPUnit\\TextUI\\TestRunner->run(Object(PHPUnit\\TextUI\\Configuration\\Configuration), Object(PHPUnit\\Runner\\ResultCache\\DefaultResultCache), Object(PHPUnit\\Framework\\TestSuite))
#70 /Users/pauliyaji/Herd/powerhouse/vendor/pestphp/pest/src/Kernel.php(117): PHPUnit\\TextUI\\Application->run(Array)
#71 /Users/pauliyaji/Herd/powerhouse/vendor/pestphp/pest/bin/pest(207): Pest\\Kernel->handle(Array, Array)
#72 /Users/pauliyaji/Herd/powerhouse/vendor/pestphp/pest/bin/pest(215): {closure:/Users/pauliyaji/Herd/powerhouse/vendor/pestphp/pest/bin/pest:21}()
#73 {main}
"} 
[2026-07-30 02:55:47] testing.ERROR: Call to undefined method App\Http\Controllers\SignatureController::authorize() {"userId":2,"exception":"[object] (Error(code: 0): Call to undefined method App\\Http\\Controllers\\SignatureController::authorize() at /Users/pauliyaji/Herd/powerhouse/app/Http/Controllers/SignatureController.php:19)
[stacktrace]
#0 /Users/pauliyaji/Herd/powerhouse/vendor/laravel/framework/src/Illuminate/Routing/ControllerDispatcher.php(46): App\\Http\\Controllers\\SignatureController->create(Object(Illuminate\\Http\\Request), Object(App\\Models\\Document))
#1 /Users/pauliyaji/Herd/powerhouse/vendor/laravel/framework/src/Illuminate/Routing/Route.php(265): Illuminate\\Routing\\ControllerDispatcher->dispatch(Object(Illuminate\\Routing\\Route), Object(App\\Http\\Controllers\\SignatureController), 'create')
#2 /Users/pauliyaji/Herd/powerhouse/vendor/laravel/framework/src/Illuminate/Routing/Route.php(211): Illuminate\\Routing\\Route->runController()
#3 /Users/pauliyaji/Herd/powerhouse/vendor/laravel/framework/src/Illuminate/Routing/Router.php(822): Illuminate\\Routing\\Route->run()
#4 /Users/pauliyaji/Herd/powerhouse/vendor/laravel/framework/src/Illuminate/Pipeline/Pipeline.php(180): Illuminate\\Routing\\Router->{closure:Illuminate\\Routing\\Router::runRouteWithinStack():821}(Object(Illuminate\\Http\\Request))
#5 /Users/pauliyaji/Herd/powerhouse/vendor/laravel/framework/src/Illuminate/Routing/Middleware/SubstituteBindings.php(50): Illuminate\\Pipeline\\Pipeline->{closure:Illuminate\\Pipeline\\Pipeline::prepareDestination():178}(Object(Illuminate\\Http\\Request))
#6 /Users/pauliyaji/Herd/powerhouse/vendor/laravel/framework/src/Illuminate/Pipeline/Pipeline.php(219): Illuminate\\Routing\\Middleware\\SubstituteBindings->handle(Object(Illuminate\\Http\\Request), Object(Closure))
#7 /Users/pauliyaji/Herd/powerhouse/vendor/laravel/framework/src/Illuminate/Auth/Middleware/Authenticate.php(63): Illuminate\\Pipeline\\Pipeline->{closure:{closure:Illuminate\\Pipeline\\Pipeline::carry():194}:195}(Object(Illuminate\\Http\\Request))
#8 /Users/pauliyaji/Herd/powerhouse/vendor/laravel/framework/src/Illuminate/Pipeline/Pipeline.php(219): Illuminate\\Auth\\Middleware\\Authenticate->handle(Object(Illuminate\\Http\\Request), Object(Closure))
#9 /Users/pauliyaji/Herd/powerhouse/vendor/laravel/framework/src/Illuminate/Foundation/Http/Middleware/VerifyCsrfToken.php(87): Illuminate\\Pipeline\\Pipeline->{closure:{closure:Illuminate\\Pipeline\\Pipeline::carry():194}:195}(Object(Illuminate\\Http\\Request))
#10 /Users/pauliyaji/Herd/powerhouse/vendor/laravel/framework/src/Illuminate/Pipeline/Pipeline.php(219): Illuminate\\Foundation\\Http\\Middleware\\VerifyCsrfToken->handle(Object(Illuminate\\Http\\Request), Object(Closure))
#11 /Users/pauliyaji/Herd/powerhouse/vendor/laravel/framework/src/Illuminate/View/Middleware/ShareErrorsFromSession.php(48): Illuminate\\Pipeline\\Pipeline->{closure:{closure:Illuminate\\Pipeline\\Pipeline::carry():194}:195}(Object(Illuminate\\Http\\Request))
#12 /Users/pauliyaji/Herd/powerhouse/vendor/laravel/framework/src/Illuminate/Pipeline/Pipeline.php(219): Illuminate\\View\\Middleware\\ShareErrorsFromSession->handle(Object(Illuminate\\Http\\Request), Object(Closure))
#13 /Users/pauliyaji/Herd/powerhouse/vendor/laravel/framework/src/Illuminate/Session/Middleware/StartSession.php(120): Illuminate\\Pipeline\\Pipeline->{closure:{closure:Illuminate\\Pipeline\\Pipeline::carry():194}:195}(Object(Illuminate\\Http\\Request))
#14 /Users/pauliyaji/Herd/powerhouse/vendor/laravel/framework/src/Illuminate/Session/Middleware/StartSession.php(63): Illuminate\\Session\\Middleware\\StartSession->handleStatefulRequest(Object(Illuminate\\Http\\Request), Object(Illuminate\\Session\\Store), Object(Closure))
#15 /Users/pauliyaji/Herd/powerhouse/vendor/laravel/framework/src/Illuminate/Pipeline/Pipeline.php(219): Illuminate\\Session\\Middleware\\StartSession->handle(Object(Illuminate\\Http\\Request), Object(Closure))
#16 /Users/pauliyaji/Herd/powerhouse/vendor/laravel/framework/src/Illuminate/Cookie/Middleware/AddQueuedCookiesToResponse.php(36): Illuminate\\Pipeline\\Pipeline->{closure:{closure:Illuminate\\Pipeline\\Pipeline::carry():194}:195}(Object(Illuminate\\Http\\Request))
#17 /Users/pauliyaji/Herd/powerhouse/vendor/laravel/framework/src/Illuminate/Pipeline/Pipeline.php(219): Illuminate\\Cookie\\Middleware\\AddQueuedCookiesToResponse->handle(Object(Illuminate\\Http\\Request), Object(Closure))
#18 /Users/pauliyaji/Herd/powerhouse/vendor/laravel/framework/src/Illuminate/Cookie/Middleware/EncryptCookies.php(74): Illuminate\\Pipeline\\Pipeline->{closure:{closure:Illuminate\\Pipeline\\Pipeline::carry():194}:195}(Object(Illuminate\\Http\\Request))
#19 /Users/pauliyaji/Herd/powerhouse/vendor/laravel/framework/src/Illuminate/Pipeline/Pipeline.php(219): Illuminate\\Cookie\\Middleware\\EncryptCookies->handle(Object(Illuminate\\Http\\Request), Object(Closure))
#20 /Users/pauliyaji/Herd/powerhouse/vendor/laravel/framework/src/Illuminate/Pipeline/Pipeline.php(137): Illuminate\\Pipeline\\Pipeline->{closure:{closure:Illuminate\\Pipeline\\Pipeline::carry():194}:195}(Object(Illuminate\\Http\\Request))
#21 /Users/pauliyaji/Herd/powerhouse/vendor/laravel/framework/src/Illuminate/Routing/Router.php(821): Illuminate\\Pipeline\\Pipeline->then(Object(Closure))
#22 /Users/pauliyaji/Herd/powerhouse/vendor/laravel/framework/src/Illuminate/Routing/Router.php(800): Illuminate\\Routing\\Router->runRouteWithinStack(Object(Illuminate\\Routing\\Route), Object(Illuminate\\Http\\Request))
#23 /Users/pauliyaji/Herd/powerhouse/vendor/laravel/framework/src/Illuminate/Routing/Router.php(764): Illuminate\\Routing\\Router->runRoute(Object(Illuminate\\Http\\Request), Object(Illuminate\\Routing\\Route))
#24 /Users/pauliyaji/Herd/powerhouse/vendor/laravel/framework/src/Illuminate/Routing/Router.php(753): Illuminate\\Routing\\Router->dispatchToRoute(Object(Illuminate\\Http\\Request))
#25 /Users/pauliyaji/Herd/powerhouse/vendor/laravel/framework/src/Illuminate/Foundation/Http/Kernel.php(200): Illuminate\\Routing\\Router->dispatch(Object(Illuminate\\Http\\Request))
#26 /Users/pauliyaji/Herd/powerhouse/vendor/laravel/framework/src/Illuminate/Pipeline/Pipeline.php(180): Illuminate\\Foundation\\Http\\Kernel->{closure:Illuminate\\Foundation\\Http\\Kernel::dispatchToRouter():197}(Object(Illuminate\\Http\\Request))
#27 /Users/pauliyaji/Herd/powerhouse/vendor/livewire/livewire/src/Features/SupportDisablingBackButtonCache/DisableBackButtonCacheMiddleware.php(19): Illuminate\\Pipeline\\Pipeline->{closure:Illuminate\\Pipeline\\Pipeline::prepareDestination():178}(Object(Illuminate\\Http\\Request))
#28 /Users/pauliyaji/Herd/powerhouse/vendor/laravel/framework/src/Illuminate/Pipeline/Pipeline.php(219): Livewire\\Features\\SupportDisablingBackButtonCache\\DisableBackButtonCacheMiddleware->handle(Object(Illuminate\\Http\\Request), Object(Closure))
#29 /Users/pauliyaji/Herd/powerhouse/vendor/laravel/framework/src/Illuminate/Foundation/Http/Middleware/TransformsRequest.php(21): Illuminate\\Pipeline\\Pipeline->{closure:{closure:Illuminate\\Pipeline\\Pipeline::carry():194}:195}(Object(Illuminate\\Http\\Request))
#30 /Users/pauliyaji/Herd/powerhouse/vendor/laravel/framework/src/Illuminate/Foundation/Http/Middleware/ConvertEmptyStringsToNull.php(31): Illuminate\\Foundation\\Http\\Middleware\\TransformsRequest->handle(Object(Illuminate\\Http\\Request), Object(Closure))
#31 /Users/pauliyaji/Herd/powerhouse/vendor/laravel/framework/src/Illuminate/Pipeline/Pipeline.php(219): Illuminate\\Foundation\\Http\\Middleware\\ConvertEmptyStringsToNull->handle(Object(Illuminate\\Http\\Request), Object(Closure))
#32 /Users/pauliyaji/Herd/powerhouse/vendor/laravel/framework/src/Illuminate/Foundation/Http/Middleware/TransformsRequest.php(21): Illuminate\\Pipeline\\Pipeline->{closure:{closure:Illuminate\\Pipeline\\Pipeline::carry():194}:195}(Object(Illuminate\\Http\\Request))
#33 /Users/pauliyaji/Herd/powerhouse/vendor/laravel/framework/src/Illuminate/Foundation/Http/Middleware/TrimStrings.php(51): Illuminate\\Foundation\\Http\\Middleware\\TransformsRequest->handle(Object(Illuminate\\Http\\Request), Object(Closure))
#34 /Users/pauliyaji/Herd/powerhouse/vendor/laravel/framework/src/Illuminate/Pipeline/Pipeline.php(219): Illuminate\\Foundation\\Http\\Middleware\\TrimStrings->handle(Object(Illuminate\\Http\\Request), Object(Closure))
#35 /Users/pauliyaji/Herd/powerhouse/vendor/laravel/framework/src/Illuminate/Http/Middleware/ValidatePostSize.php(27): Illuminate\\Pipeline\\Pipeline->{closure:{closure:Illuminate\\Pipeline\\Pipeline::carry():194}:195}(Object(Illuminate\\Http\\Request))
#36 /Users/pauliyaji/Herd/powerhouse/vendor/laravel/framework/src/Illuminate/Pipeline/Pipeline.php(219): Illuminate\\Http\\Middleware\\ValidatePostSize->handle(Object(Illuminate\\Http\\Request), Object(Closure))
#37 /Users/pauliyaji/Herd/powerhouse/vendor/laravel/framework/src/Illuminate/Foundation/Http/Middleware/PreventRequestsDuringMaintenance.php(109): Illuminate\\Pipeline\\Pipeline->{closure:{closure:Illuminate\\Pipeline\\Pipeline::carry():194}:195}(Object(Illuminate\\Http\\Request))
#38 /Users/pauliyaji/Herd/powerhouse/vendor/laravel/framework/src/Illuminate/Pipeline/Pipeline.php(219): Illuminate\\Foundation\\Http\\Middleware\\PreventRequestsDuringMaintenance->handle(Object(Illuminate\\Http\\Request), Object(Closure))
#39 /Users/pauliyaji/Herd/powerhouse/vendor/laravel/framework/src/Illuminate/Http/Middleware/HandleCors.php(61): Illuminate\\Pipeline\\Pipeline->{closure:{closure:Illuminate\\Pipeline\\Pipeline::carry():194}:195}(Object(Illuminate\\Http\\Request))
#40 /Users/pauliyaji/Herd/powerhouse/vendor/laravel/framework/src/Illuminate/Pipeline/Pipeline.php(219): Illuminate\\Http\\Middleware\\HandleCors->handle(Object(Illuminate\\Http\\Request), Object(Closure))
#41 /Users/pauliyaji/Herd/powerhouse/vendor/laravel/framework/src/Illuminate/Http/Middleware/TrustProxies.php(58): Illuminate\\Pipeline\\Pipeline->{closure:{closure:Illuminate\\Pipeline\\Pipeline::carry():194}:195}(Object(Illuminate\\Http\\Request))
#42 /Users/pauliyaji/Herd/powerhouse/vendor/laravel/framework/src/Illuminate/Pipeline/Pipeline.php(219): Illuminate\\Http\\Middleware\\TrustProxies->handle(Object(Illuminate\\Http\\Request), Object(Closure))
#43 /Users/pauliyaji/Herd/powerhouse/vendor/laravel/framework/src/Illuminate/Foundation/Http/Middleware/InvokeDeferredCallbacks.php(22): Illuminate\\Pipeline\\Pipeline->{closure:{closure:Illuminate\\Pipeline\\Pipeline::carry():194}:195}(Object(Illuminate\\Http\\Request))
#44 /Users/pauliyaji/Herd/powerhouse/vendor/laravel/framework/src/Illuminate/Pipeline/Pipeline.php(219): Illuminate\\Foundation\\Http\\Middleware\\InvokeDeferredCallbacks->handle(Object(Illuminate\\Http\\Request), Object(Closure))
#45 /Users/pauliyaji/Herd/powerhouse/vendor/laravel/framework/src/Illuminate/Http/Middleware/ValidatePathEncoding.php(26): Illuminate\\Pipeline\\Pipeline->{closure:{closure:Illuminate\\Pipeline\\Pipeline::carry():194}:195}(Object(Illuminate\\Http\\Request))
#46 /Users/pauliyaji/Herd/powerhouse/vendor/laravel/framework/src/Illuminate/Pipeline/Pipeline.php(219): Illuminate\\Http\\Middleware\\ValidatePathEncoding->handle(Object(Illuminate\\Http\\Request), Object(Closure))
#47 /Users/pauliyaji/Herd/powerhouse/vendor/laravel/framework/src/Illuminate/Pipeline/Pipeline.php(137): Illuminate\\Pipeline\\Pipeline->{closure:{closure:Illuminate\\Pipeline\\Pipeline::carry():194}:195}(Object(Illuminate\\Http\\Request))
#48 /Users/pauliyaji/Herd/powerhouse/vendor/laravel/framework/src/Illuminate/Foundation/Http/Kernel.php(175): Illuminate\\Pipeline\\Pipeline->then(Object(Closure))
#49 /Users/pauliyaji/Herd/powerhouse/vendor/laravel/framework/src/Illuminate/Foundation/Http/Kernel.php(144): Illuminate\\Foundation\\Http\\Kernel->sendRequestThroughRouter(Object(Illuminate\\Http\\Request))
#50 /Users/pauliyaji/Herd/powerhouse/vendor/laravel/framework/src/Illuminate/Foundation/Testing/Concerns/MakesHttpRequests.php(607): Illuminate\\Foundation\\Http\\Kernel->handle(Object(Illuminate\\Http\\Request))
#51 /Users/pauliyaji/Herd/powerhouse/vendor/laravel/framework/src/Illuminate/Foundation/Testing/Concerns/MakesHttpRequests.php(368): Illuminate\\Foundation\\Testing\\TestCase->call('GET', 'http://powerhou...', Array, Array, Array, Array)
#52 /Users/pauliyaji/Herd/powerhouse/tests/Feature/DocumentAuthorizationTest.php(40): Illuminate\\Foundation\\Testing\\TestCase->get('http://powerhou...')
#53 /Users/pauliyaji/Herd/powerhouse/vendor/pestphp/pest/src/Factories/TestCaseMethodFactory.php(177): P\\Tests\\Feature\\DocumentAuthorizationTest->{closure:/Users/pauliyaji/Herd/powerhouse/tests/Feature/DocumentAuthorizationTest.php:33}()
#54 [internal function]: P\\Tests\\Feature\\DocumentAuthorizationTest->{closure:Pest\\Factories\\TestCaseMethodFactory::getClosure():167}()
#55 /Users/pauliyaji/Herd/powerhouse/vendor/pestphp/pest/src/Concerns/Testable.php(576): call_user_func_array(Object(Closure), Array)
#56 /Users/pauliyaji/Herd/powerhouse/vendor/pestphp/pest/src/Support/ExceptionTrace.php(26): P\\Tests\\Feature\\DocumentAuthorizationTest->{closure:Pest\\Concerns\\Testable::__callClosure():576}()
#57 /Users/pauliyaji/Herd/powerhouse/vendor/pestphp/pest/src/Concerns/Testable.php(576): Pest\\Support\\ExceptionTrace::ensure(Object(Closure))
#58 /Users/pauliyaji/Herd/powerhouse/vendor/pestphp/pest/src/Concerns/Testable.php(403): P\\Tests\\Feature\\DocumentAuthorizationTest->__callClosure(Object(Closure), Array)
#59 /Users/pauliyaji/Herd/powerhouse/vendor/pestphp/pest/src/Factories/TestCaseFactory.php(175) : eval()'d code(35): P\\Tests\\Feature\\DocumentAuthorizationTest->__runTest(Object(Closure))
#60 /Users/pauliyaji/Herd/powerhouse/vendor/phpunit/phpunit/src/Framework/TestCase.php(1310): P\\Tests\\Feature\\DocumentAuthorizationTest->__pest_evaluable_it_forbids_signing_another_users_document()
#61 /Users/pauliyaji/Herd/powerhouse/vendor/phpunit/phpunit/src/Framework/TestCase.php(1344): PHPUnit\\Framework\\TestCase->invokeTestMethod('__pest_evaluabl...', Array)
#62 /Users/pauliyaji/Herd/powerhouse/vendor/phpunit/phpunit/src/Framework/TestCase.php(520): PHPUnit\\Framework\\TestCase->runTest()
#63 /Users/pauliyaji/Herd/powerhouse/vendor/phpunit/phpunit/src/Framework/TestRunner/TestRunner.php(99): PHPUnit\\Framework\\TestCase->runBare()
#64 /Users/pauliyaji/Herd/powerhouse/vendor/phpunit/phpunit/src/Framework/TestCase.php(360): PHPUnit\\Framework\\TestRunner->run(Object(P\\Tests\\Feature\\DocumentAuthorizationTest))
#65 /Users/pauliyaji/Herd/powerhouse/vendor/phpunit/phpunit/src/Framework/TestSuite.php(374): PHPUnit\\Framework\\TestCase->run()
#66 /Users/pauliyaji/Herd/powerhouse/vendor/phpunit/phpunit/src/Framework/TestSuite.php(374): PHPUnit\\Framework\\TestSuite->run()
#67 /Users/pauliyaji/Herd/powerhouse/vendor/phpunit/phpunit/src/Framework/TestSuite.php(374): PHPUnit\\Framework\\TestSuite->run()
#68 /Users/pauliyaji/Herd/powerhouse/vendor/phpunit/phpunit/src/TextUI/TestRunner.php(64): PHPUnit\\Framework\\TestSuite->run()
#69 /Users/pauliyaji/Herd/powerhouse/vendor/phpunit/phpunit/src/TextUI/Application.php(229): PHPUnit\\TextUI\\TestRunner->run(Object(PHPUnit\\TextUI\\Configuration\\Configuration), Object(PHPUnit\\Runner\\ResultCache\\DefaultResultCache), Object(PHPUnit\\Framework\\TestSuite))
#70 /Users/pauliyaji/Herd/powerhouse/vendor/pestphp/pest/src/Kernel.php(117): PHPUnit\\TextUI\\Application->run(Array)
#71 /Users/pauliyaji/Herd/powerhouse/vendor/pestphp/pest/bin/pest(207): Pest\\Kernel->handle(Array, Array)
#72 /Users/pauliyaji/Herd/powerhouse/vendor/pestphp/pest/bin/pest(215): {closure:/Users/pauliyaji/Herd/powerhouse/vendor/pestphp/pest/bin/pest:21}()
#73 {main}
"} 
[2026-07-30 02:55:47] testing.ERROR: Call to undefined method App\Http\Controllers\PdfController::authorize() {"userId":1,"exception":"[object] (Error(code: 0): Call to undefined method App\\Http\\Controllers\\PdfController::authorize() at /Users/pauliyaji/Herd/powerhouse/app/Http/Controllers/PdfController.php:134)
[stacktrace]
#0 /Users/pauliyaji/Herd/powerhouse/vendor/laravel/framework/src/Illuminate/Routing/ControllerDispatcher.php(46): App\\Http\\Controllers\\PdfController->stream(Object(Illuminate\\Http\\Request), Object(App\\Models\\Document))
#1 /Users/pauliyaji/Herd/powerhouse/vendor/laravel/framework/src/Illuminate/Routing/Route.php(265): Illuminate\\Routing\\ControllerDispatcher->dispatch(Object(Illuminate\\Routing\\Route), Object(App\\Http\\Controllers\\PdfController), 'stream')
#2 /Users/pauliyaji/Herd/powerhouse/vendor/laravel/framework/src/Illuminate/Routing/Route.php(211): Illuminate\\Routing\\Route->runController()
#3 /Users/pauliyaji/Herd/powerhouse/vendor/laravel/framework/src/Illuminate/Routing/Router.php(822): Illuminate\\Routing\\Route->run()
#4 /Users/pauliyaji/Herd/powerhouse/vendor/laravel/framework/src/Illuminate/Pipeline/Pipeline.php(180): Illuminate\\Routing\\Router->{closure:Illuminate\\Routing\\Router::runRouteWithinStack():821}(Object(Illuminate\\Http\\Request))
#5 /Users/pauliyaji/Herd/powerhouse/vendor/laravel/framework/src/Illuminate/Routing/Middleware/SubstituteBindings.php(50): Illuminate\\Pipeline\\Pipeline->{closure:Illuminate\\Pipeline\\Pipeline::prepareDestination():178}(Object(Illuminate\\Http\\Request))
#6 /Users/pauliyaji/Herd/powerhouse/vendor/laravel/framework/src/Illuminate/Pipeline/Pipeline.php(219): Illuminate\\Routing\\Middleware\\SubstituteBindings->handle(Object(Illuminate\\Http\\Request), Object(Closure))
#7 /Users/pauliyaji/Herd/powerhouse/vendor/laravel/framework/src/Illuminate/Auth/Middleware/Authenticate.php(63): Illuminate\\Pipeline\\Pipeline->{closure:{closure:Illuminate\\Pipeline\\Pipeline::carry():194}:195}(Object(Illuminate\\Http\\Request))
#8 /Users/pauliyaji/Herd/powerhouse/vendor/laravel/framework/src/Illuminate/Pipeline/Pipeline.php(219): Illuminate\\Auth\\Middleware\\Authenticate->handle(Object(Illuminate\\Http\\Request), Object(Closure))
#9 /Users/pauliyaji/Herd/powerhouse/vendor/laravel/framework/src/Illuminate/Foundation/Http/Middleware/VerifyCsrfToken.php(87): Illuminate\\Pipeline\\Pipeline->{closure:{closure:Illuminate\\Pipeline\\Pipeline::carry():194}:195}(Object(Illuminate\\Http\\Request))
#10 /Users/pauliyaji/Herd/powerhouse/vendor/laravel/framework/src/Illuminate/Pipeline/Pipeline.php(219): Illuminate\\Foundation\\Http\\Middleware\\VerifyCsrfToken->handle(Object(Illuminate\\Http\\Request), Object(Closure))
#11 /Users/pauliyaji/Herd/powerhouse/vendor/laravel/framework/src/Illuminate/View/Middleware/ShareErrorsFromSession.php(48): Illuminate\\Pipeline\\Pipeline->{closure:{closure:Illuminate\\Pipeline\\Pipeline::carry():194}:195}(Object(Illuminate\\Http\\Request))
#12 /Users/pauliyaji/Herd/powerhouse/vendor/laravel/framework/src/Illuminate/Pipeline/Pipeline.php(219): Illuminate\\View\\Middleware\\ShareErrorsFromSession->handle(Object(Illuminate\\Http\\Request), Object(Closure))
#13 /Users/pauliyaji/Herd/powerhouse/vendor/laravel/framework/src/Illuminate/Session/Middleware/StartSession.php(120): Illuminate\\Pipeline\\Pipeline->{closure:{closure:Illuminate\\Pipeline\\Pipeline::carry():194}:195}(Object(Illuminate\\Http\\Request))
#14 /Users/pauliyaji/Herd/powerhouse/vendor/laravel/framework/src/Illuminate/Session/Middleware/StartSession.php(63): Illuminate\\Session\\Middleware\\StartSession->handleStatefulRequest(Object(Illuminate\\Http\\Request), Object(Illuminate\\Session\\Store), Object(Closure))
#15 /Users/pauliyaji/Herd/powerhouse/vendor/laravel/framework/src/Illuminate/Pipeline/Pipeline.php(219): Illuminate\\Session\\Middleware\\StartSession->handle(Object(Illuminate\\Http\\Request), Object(Closure))
#16 /Users/pauliyaji/Herd/powerhouse/vendor/laravel/framework/src/Illuminate/Cookie/Middleware/AddQueuedCookiesToResponse.php(36): Illuminate\\Pipeline\\Pipeline->{closure:{closure:Illuminate\\Pipeline\\Pipeline::carry():194}:195}(Object(Illuminate\\Http\\Request))
#17 /Users/pauliyaji/Herd/powerhouse/vendor/laravel/framework/src/Illuminate/Pipeline/Pipeline.php(219): Illuminate\\Cookie\\Middleware\\AddQueuedCookiesToResponse->handle(Object(Illuminate\\Http\\Request), Object(Closure))
#18 /Users/pauliyaji/Herd/powerhouse/vendor/laravel/framework/src/Illuminate/Cookie/Middleware/EncryptCookies.php(74): Illuminate\\Pipeline\\Pipeline->{closure:{closure:Illuminate\\Pipeline\\Pipeline::carry():194}:195}(Object(Illuminate\\Http\\Request))
#19 /Users/pauliyaji/Herd/powerhouse/vendor/laravel/framework/src/Illuminate/Pipeline/Pipeline.php(219): Illuminate\\Cookie\\Middleware\\EncryptCookies->handle(Object(Illuminate\\Http\\Request), Object(Closure))
#20 /Users/pauliyaji/Herd/powerhouse/vendor/laravel/framework/src/Illuminate/Pipeline/Pipeline.php(137): Illuminate\\Pipeline\\Pipeline->{closure:{closure:Illuminate\\Pipeline\\Pipeline::carry():194}:195}(Object(Illuminate\\Http\\Request))
#21 /Users/pauliyaji/Herd/powerhouse/vendor/laravel/framework/src/Illuminate/Routing/Router.php(821): Illuminate\\Pipeline\\Pipeline->then(Object(Closure))
#22 /Users/pauliyaji/Herd/powerhouse/vendor/laravel/framework/src/Illuminate/Routing/Router.php(800): Illuminate\\Routing\\Router->runRouteWithinStack(Object(Illuminate\\Routing\\Route), Object(Illuminate\\Http\\Request))
#23 /Users/pauliyaji/Herd/powerhouse/vendor/laravel/framework/src/Illuminate/Routing/Router.php(764): Illuminate\\Routing\\Router->runRoute(Object(Illuminate\\Http\\Request), Object(Illuminate\\Routing\\Route))
#24 /Users/pauliyaji/Herd/powerhouse/vendor/laravel/framework/src/Illuminate/Routing/Router.php(753): Illuminate\\Routing\\Router->dispatchToRoute(Object(Illuminate\\Http\\Request))
#25 /Users/pauliyaji/Herd/powerhouse/vendor/laravel/framework/src/Illuminate/Foundation/Http/Kernel.php(200): Illuminate\\Routing\\Router->dispatch(Object(Illuminate\\Http\\Request))
#26 /Users/pauliyaji/Herd/powerhouse/vendor/laravel/framework/src/Illuminate/Pipeline/Pipeline.php(180): Illuminate\\Foundation\\Http\\Kernel->{closure:Illuminate\\Foundation\\Http\\Kernel::dispatchToRouter():197}(Object(Illuminate\\Http\\Request))
#27 /Users/pauliyaji/Herd/powerhouse/vendor/livewire/livewire/src/Features/SupportDisablingBackButtonCache/DisableBackButtonCacheMiddleware.php(19): Illuminate\\Pipeline\\Pipeline->{closure:Illuminate\\Pipeline\\Pipeline::prepareDestination():178}(Object(Illuminate\\Http\\Request))
#28 /Users/pauliyaji/Herd/powerhouse/vendor/laravel/framework/src/Illuminate/Pipeline/Pipeline.php(219): Livewire\\Features\\SupportDisablingBackButtonCache\\DisableBackButtonCacheMiddleware->handle(Object(Illuminate\\Http\\Request), Object(Closure))
#29 /Users/pauliyaji/Herd/powerhouse/vendor/laravel/framework/src/Illuminate/Foundation/Http/Middleware/TransformsRequest.php(21): Illuminate\\Pipeline\\Pipeline->{closure:{closure:Illuminate\\Pipeline\\Pipeline::carry():194}:195}(Object(Illuminate\\Http\\Request))
#30 /Users/pauliyaji/Herd/powerhouse/vendor/laravel/framework/src/Illuminate/Foundation/Http/Middleware/ConvertEmptyStringsToNull.php(31): Illuminate\\Foundation\\Http\\Middleware\\TransformsRequest->handle(Object(Illuminate\\Http\\Request), Object(Closure))
#31 /Users/pauliyaji/Herd/powerhouse/vendor/laravel/framework/src/Illuminate/Pipeline/Pipeline.php(219): Illuminate\\Foundation\\Http\\Middleware\\ConvertEmptyStringsToNull->handle(Object(Illuminate\\Http\\Request), Object(Closure))
#32 /Users/pauliyaji/Herd/powerhouse/vendor/laravel/framework/src/Illuminate/Foundation/Http/Middleware/TransformsRequest.php(21): Illuminate\\Pipeline\\Pipeline->{closure:{closure:Illuminate\\Pipeline\\Pipeline::carry():194}:195}(Object(Illuminate\\Http\\Request))
#33 /Users/pauliyaji/Herd/powerhouse/vendor/laravel/framework/src/Illuminate/Foundation/Http/Middleware/TrimStrings.php(51): Illuminate\\Foundation\\Http\\Middleware\\TransformsRequest->handle(Object(Illuminate\\Http\\Request), Object(Closure))
#34 /Users/pauliyaji/Herd/powerhouse/vendor/laravel/framework/src/Illuminate/Pipeline/Pipeline.php(219): Illuminate\\Foundation\\Http\\Middleware\\TrimStrings->handle(Object(Illuminate\\Http\\Request), Object(Closure))
#35 /Users/pauliyaji/Herd/powerhouse/vendor/laravel/framework/src/Illuminate/Http/Middleware/ValidatePostSize.php(27): Illuminate\\Pipeline\\Pipeline->{closure:{closure:Illuminate\\Pipeline\\Pipeline::carry():194}:195}(Object(Illuminate\\Http\\Request))
#36 /Users/pauliyaji/Herd/powerhouse/vendor/laravel/framework/src/Illuminate/Pipeline/Pipeline.php(219): Illuminate\\Http\\Middleware\\ValidatePostSize->handle(Object(Illuminate\\Http\\Request), Object(Closure))
#37 /Users/pauliyaji/Herd/powerhouse/vendor/laravel/framework/src/Illuminate/Foundation/Http/Middleware/PreventRequestsDuringMaintenance.php(109): Illuminate\\Pipeline\\Pipeline->{closure:{closure:Illuminate\\Pipeline\\Pipeline::carry():194}:195}(Object(Illuminate\\Http\\Request))
#38 /Users/pauliyaji/Herd/powerhouse/vendor/laravel/framework/src/Illuminate/Pipeline/Pipeline.php(219): Illuminate\\Foundation\\Http\\Middleware\\PreventRequestsDuringMaintenance->handle(Object(Illuminate\\Http\\Request), Object(Closure))
#39 /Users/pauliyaji/Herd/powerhouse/vendor/laravel/framework/src/Illuminate/Http/Middleware/HandleCors.php(61): Illuminate\\Pipeline\\Pipeline->{closure:{closure:Illuminate\\Pipeline\\Pipeline::carry():194}:195}(Object(Illuminate\\Http\\Request))
#40 /Users/pauliyaji/Herd/powerhouse/vendor/laravel/framework/src/Illuminate/Pipeline/Pipeline.php(219): Illuminate\\Http\\Middleware\\HandleCors->handle(Object(Illuminate\\Http\\Request), Object(Closure))
#41 /Users/pauliyaji/Herd/powerhouse/vendor/laravel/framework/src/Illuminate/Http/Middleware/TrustProxies.php(58): Illuminate\\Pipeline\\Pipeline->{closure:{closure:Illuminate\\Pipeline\\Pipeline::carry():194}:195}(Object(Illuminate\\Http\\Request))
#42 /Users/pauliyaji/Herd/powerhouse/vendor/laravel/framework/src/Illuminate/Pipeline/Pipeline.php(219): Illuminate\\Http\\Middleware\\TrustProxies->handle(Object(Illuminate\\Http\\Request), Object(Closure))
#43 /Users/pauliyaji/Herd/powerhouse/vendor/laravel/framework/src/Illuminate/Foundation/Http/Middleware/InvokeDeferredCallbacks.php(22): Illuminate\\Pipeline\\Pipeline->{closure:{closure:Illuminate\\Pipeline\\Pipeline::carry():194}:195}(Object(Illuminate\\Http\\Request))
#44 /Users/pauliyaji/Herd/powerhouse/vendor/laravel/framework/src/Illuminate/Pipeline/Pipeline.php(219): Illuminate\\Foundation\\Http\\Middleware\\InvokeDeferredCallbacks->handle(Object(Illuminate\\Http\\Request), Object(Closure))
#45 /Users/pauliyaji/Herd/powerhouse/vendor/laravel/framework/src/Illuminate/Http/Middleware/ValidatePathEncoding.php(26): Illuminate\\Pipeline\\Pipeline->{closure:{closure:Illuminate\\Pipeline\\Pipeline::carry():194}:195}(Object(Illuminate\\Http\\Request))
#46 /Users/pauliyaji/Herd/powerhouse/vendor/laravel/framework/src/Illuminate/Pipeline/Pipeline.php(219): Illuminate\\Http\\Middleware\\ValidatePathEncoding->handle(Object(Illuminate\\Http\\Request), Object(Closure))
#47 /Users/pauliyaji/Herd/powerhouse/vendor/laravel/framework/src/Illuminate/Pipeline/Pipeline.php(137): Illuminate\\Pipeline\\Pipeline->{closure:{closure:Illuminate\\Pipeline\\Pipeline::carry():194}:195}(Object(Illuminate\\Http\\Request))
#48 /Users/pauliyaji/Herd/powerhouse/vendor/laravel/framework/src/Illuminate/Foundation/Http/Kernel.php(175): Illuminate\\Pipeline\\Pipeline->then(Object(Closure))
#49 /Users/pauliyaji/Herd/powerhouse/vendor/laravel/framework/src/Illuminate/Foundation/Http/Kernel.php(144): Illuminate\\Foundation\\Http\\Kernel->sendRequestThroughRouter(Object(Illuminate\\Http\\Request))
#50 /Users/pauliyaji/Herd/powerhouse/vendor/laravel/framework/src/Illuminate/Foundation/Testing/Concerns/MakesHttpRequests.php(607): Illuminate\\Foundation\\Http\\Kernel->handle(Object(Illuminate\\Http\\Request))
#51 /Users/pauliyaji/Herd/powerhouse/vendor/laravel/framework/src/Illuminate/Foundation/Testing/Concerns/MakesHttpRequests.php(368): Illuminate\\Foundation\\Testing\\TestCase->call('GET', 'http://powerhou...', Array, Array, Array, Array)
#52 /Users/pauliyaji/Herd/powerhouse/tests/Feature/PdfLibraryTest.php(53): Illuminate\\Foundation\\Testing\\TestCase->get('http://powerhou...')
#53 /Users/pauliyaji/Herd/powerhouse/vendor/pestphp/pest/src/Factories/TestCaseMethodFactory.php(177): P\\Tests\\Feature\\PdfLibraryTest->{closure:/Users/pauliyaji/Herd/powerhouse/tests/Feature/PdfLibraryTest.php:46}()
#54 [internal function]: P\\Tests\\Feature\\PdfLibraryTest->{closure:Pest\\Factories\\TestCaseMethodFactory::getClosure():167}()
#55 /Users/pauliyaji/Herd/powerhouse/vendor/pestphp/pest/src/Concerns/Testable.php(576): call_user_func_array(Object(Closure), Array)
#56 /Users/pauliyaji/Herd/powerhouse/vendor/pestphp/pest/src/Support/ExceptionTrace.php(26): P\\Tests\\Feature\\PdfLibraryTest->{closure:Pest\\Concerns\\Testable::__callClosure():576}()
#57 /Users/pauliyaji/Herd/powerhouse/vendor/pestphp/pest/src/Concerns/Testable.php(576): Pest\\Support\\ExceptionTrace::ensure(Object(Closure))
#58 /Users/pauliyaji/Herd/powerhouse/vendor/pestphp/pest/src/Concerns/Testable.php(403): P\\Tests\\Feature\\PdfLibraryTest->__callClosure(Object(Closure), Array)
#59 /Users/pauliyaji/Herd/powerhouse/vendor/pestphp/pest/src/Factories/TestCaseFactory.php(175) : eval()'d code(44): P\\Tests\\Feature\\PdfLibraryTest->__runTest(Object(Closure))
#60 /Users/pauliyaji/Herd/powerhouse/vendor/phpunit/phpunit/src/Framework/TestCase.php(1310): P\\Tests\\Feature\\PdfLibraryTest->__pest_evaluable_it_streams_the_PDF_for_the_authenticated_owner()
#61 /Users/pauliyaji/Herd/powerhouse/vendor/phpunit/phpunit/src/Framework/TestCase.php(1344): PHPUnit\\Framework\\TestCase->invokeTestMethod('__pest_evaluabl...', Array)
#62 /Users/pauliyaji/Herd/powerhouse/vendor/phpunit/phpunit/src/Framework/TestCase.php(520): PHPUnit\\Framework\\TestCase->runTest()
#63 /Users/pauliyaji/Herd/powerhouse/vendor/phpunit/phpunit/src/Framework/TestRunner/TestRunner.php(99): PHPUnit\\Framework\\TestCase->runBare()
#64 /Users/pauliyaji/Herd/powerhouse/vendor/phpunit/phpunit/src/Framework/TestCase.php(360): PHPUnit\\Framework\\TestRunner->run(Object(P\\Tests\\Feature\\PdfLibraryTest))
#65 /Users/pauliyaji/Herd/powerhouse/vendor/phpunit/phpunit/src/Framework/TestSuite.php(374): PHPUnit\\Framework\\TestCase->run()
#66 /Users/pauliyaji/Herd/powerhouse/vendor/phpunit/phpunit/src/Framework/TestSuite.php(374): PHPUnit\\Framework\\TestSuite->run()
#67 /Users/pauliyaji/Herd/powerhouse/vendor/phpunit/phpunit/src/Framework/TestSuite.php(374): PHPUnit\\Framework\\TestSuite->run()
#68 /Users/pauliyaji/Herd/powerhouse/vendor/phpunit/phpunit/src/TextUI/TestRunner.php(64): PHPUnit\\Framework\\TestSuite->run()
#69 /Users/pauliyaji/Herd/powerhouse/vendor/phpunit/phpunit/src/TextUI/Application.php(229): PHPUnit\\TextUI\\TestRunner->run(Object(PHPUnit\\TextUI\\Configuration\\Configuration), Object(PHPUnit\\Runner\\ResultCache\\DefaultResultCache), Object(PHPUnit\\Framework\\TestSuite))
#70 /Users/pauliyaji/Herd/powerhouse/vendor/pestphp/pest/src/Kernel.php(117): PHPUnit\\TextUI\\Application->run(Array)
#71 /Users/pauliyaji/Herd/powerhouse/vendor/pestphp/pest/bin/pest(207): Pest\\Kernel->handle(Array, Array)
#72 /Users/pauliyaji/Herd/powerhouse/vendor/pestphp/pest/bin/pest(215): {closure:/Users/pauliyaji/Herd/powerhouse/vendor/pestphp/pest/bin/pest:21}()
#73 {main}
"} 
[2026-07-30 02:55:48] testing.ERROR: Call to undefined method App\Http\Controllers\PdfController::authorize() {"userId":1,"exception":"[object] (Error(code: 0): Call to undefined method App\\Http\\Controllers\\PdfController::authorize() at /Users/pauliyaji/Herd/powerhouse/app/Http/Controllers/PdfController.php:134)
[stacktrace]
#0 /Users/pauliyaji/Herd/powerhouse/vendor/laravel/framework/src/Illuminate/Routing/ControllerDispatcher.php(46): App\\Http\\Controllers\\PdfController->stream(Object(Illuminate\\Http\\Request), Object(App\\Models\\Document))
#1 /Users/pauliyaji/Herd/powerhouse/vendor/laravel/framework/src/Illuminate/Routing/Route.php(265): Illuminate\\Routing\\ControllerDispatcher->dispatch(Object(Illuminate\\Routing\\Route), Object(App\\Http\\Controllers\\PdfController), 'stream')
#2 /Users/pauliyaji/Herd/powerhouse/vendor/laravel/framework/src/Illuminate/Routing/Route.php(211): Illuminate\\Routing\\Route->runController()
#3 /Users/pauliyaji/Herd/powerhouse/vendor/laravel/framework/src/Illuminate/Routing/Router.php(822): Illuminate\\Routing\\Route->run()
#4 /Users/pauliyaji/Herd/powerhouse/vendor/laravel/framework/src/Illuminate/Pipeline/Pipeline.php(180): Illuminate\\Routing\\Router->{closure:Illuminate\\Routing\\Router::runRouteWithinStack():821}(Object(Illuminate\\Http\\Request))
#5 /Users/pauliyaji/Herd/powerhouse/vendor/laravel/framework/src/Illuminate/Routing/Middleware/SubstituteBindings.php(50): Illuminate\\Pipeline\\Pipeline->{closure:Illuminate\\Pipeline\\Pipeline::prepareDestination():178}(Object(Illuminate\\Http\\Request))
#6 /Users/pauliyaji/Herd/powerhouse/vendor/laravel/framework/src/Illuminate/Pipeline/Pipeline.php(219): Illuminate\\Routing\\Middleware\\SubstituteBindings->handle(Object(Illuminate\\Http\\Request), Object(Closure))
#7 /Users/pauliyaji/Herd/powerhouse/vendor/laravel/framework/src/Illuminate/Auth/Middleware/Authenticate.php(63): Illuminate\\Pipeline\\Pipeline->{closure:{closure:Illuminate\\Pipeline\\Pipeline::carry():194}:195}(Object(Illuminate\\Http\\Request))
#8 /Users/pauliyaji/Herd/powerhouse/vendor/laravel/framework/src/Illuminate/Pipeline/Pipeline.php(219): Illuminate\\Auth\\Middleware\\Authenticate->handle(Object(Illuminate\\Http\\Request), Object(Closure))
#9 /Users/pauliyaji/Herd/powerhouse/vendor/laravel/framework/src/Illuminate/Foundation/Http/Middleware/VerifyCsrfToken.php(87): Illuminate\\Pipeline\\Pipeline->{closure:{closure:Illuminate\\Pipeline\\Pipeline::carry():194}:195}(Object(Illuminate\\Http\\Request))
#10 /Users/pauliyaji/Herd/powerhouse/vendor/laravel/framework/src/Illuminate/Pipeline/Pipeline.php(219): Illuminate\\Foundation\\Http\\Middleware\\VerifyCsrfToken->handle(Object(Illuminate\\Http\\Request), Object(Closure))
#11 /Users/pauliyaji/Herd/powerhouse/vendor/laravel/framework/src/Illuminate/View/Middleware/ShareErrorsFromSession.php(48): Illuminate\\Pipeline\\Pipeline->{closure:{closure:Illuminate\\Pipeline\\Pipeline::carry():194}:195}(Object(Illuminate\\Http\\Request))
#12 /Users/pauliyaji/Herd/powerhouse/vendor/laravel/framework/src/Illuminate/Pipeline/Pipeline.php(219): Illuminate\\View\\Middleware\\ShareErrorsFromSession->handle(Object(Illuminate\\Http\\Request), Object(Closure))
#13 /Users/pauliyaji/Herd/powerhouse/vendor/laravel/framework/src/Illuminate/Session/Middleware/StartSession.php(120): Illuminate\\Pipeline\\Pipeline->{closure:{closure:Illuminate\\Pipeline\\Pipeline::carry():194}:195}(Object(Illuminate\\Http\\Request))
#14 /Users/pauliyaji/Herd/powerhouse/vendor/laravel/framework/src/Illuminate/Session/Middleware/StartSession.php(63): Illuminate\\Session\\Middleware\\StartSession->handleStatefulRequest(Object(Illuminate\\Http\\Request), Object(Illuminate\\Session\\Store), Object(Closure))
#15 /Users/pauliyaji/Herd/powerhouse/vendor/laravel/framework/src/Illuminate/Pipeline/Pipeline.php(219): Illuminate\\Session\\Middleware\\StartSession->handle(Object(Illuminate\\Http\\Request), Object(Closure))
#16 /Users/pauliyaji/Herd/powerhouse/vendor/laravel/framework/src/Illuminate/Cookie/Middleware/AddQueuedCookiesToResponse.php(36): Illuminate\\Pipeline\\Pipeline->{closure:{closure:Illuminate\\Pipeline\\Pipeline::carry():194}:195}(Object(Illuminate\\Http\\Request))
#17 /Users/pauliyaji/Herd/powerhouse/vendor/laravel/framework/src/Illuminate/Pipeline/Pipeline.php(219): Illuminate\\Cookie\\Middleware\\AddQueuedCookiesToResponse->handle(Object(Illuminate\\Http\\Request), Object(Closure))
#18 /Users/pauliyaji/Herd/powerhouse/vendor/laravel/framework/src/Illuminate/Cookie/Middleware/EncryptCookies.php(74): Illuminate\\Pipeline\\Pipeline->{closure:{closure:Illuminate\\Pipeline\\Pipeline::carry():194}:195}(Object(Illuminate\\Http\\Request))
#19 /Users/pauliyaji/Herd/powerhouse/vendor/laravel/framework/src/Illuminate/Pipeline/Pipeline.php(219): Illuminate\\Cookie\\Middleware\\EncryptCookies->handle(Object(Illuminate\\Http\\Request), Object(Closure))
#20 /Users/pauliyaji/Herd/powerhouse/vendor/laravel/framework/src/Illuminate/Pipeline/Pipeline.php(137): Illuminate\\Pipeline\\Pipeline->{closure:{closure:Illuminate\\Pipeline\\Pipeline::carry():194}:195}(Object(Illuminate\\Http\\Request))
#21 /Users/pauliyaji/Herd/powerhouse/vendor/laravel/framework/src/Illuminate/Routing/Router.php(821): Illuminate\\Pipeline\\Pipeline->then(Object(Closure))
#22 /Users/pauliyaji/Herd/powerhouse/vendor/laravel/framework/src/Illuminate/Routing/Router.php(800): Illuminate\\Routing\\Router->runRouteWithinStack(Object(Illuminate\\Routing\\Route), Object(Illuminate\\Http\\Request))
#23 /Users/pauliyaji/Herd/powerhouse/vendor/laravel/framework/src/Illuminate/Routing/Router.php(764): Illuminate\\Routing\\Router->runRoute(Object(Illuminate\\Http\\Request), Object(Illuminate\\Routing\\Route))
#24 /Users/pauliyaji/Herd/powerhouse/vendor/laravel/framework/src/Illuminate/Routing/Router.php(753): Illuminate\\Routing\\Router->dispatchToRoute(Object(Illuminate\\Http\\Request))
#25 /Users/pauliyaji/Herd/powerhouse/vendor/laravel/framework/src/Illuminate/Foundation/Http/Kernel.php(200): Illuminate\\Routing\\Router->dispatch(Object(Illuminate\\Http\\Request))
#26 /Users/pauliyaji/Herd/powerhouse/vendor/laravel/framework/src/Illuminate/Pipeline/Pipeline.php(180): Illuminate\\Foundation\\Http\\Kernel->{closure:Illuminate\\Foundation\\Http\\Kernel::dispatchToRouter():197}(Object(Illuminate\\Http\\Request))
#27 /Users/pauliyaji/Herd/powerhouse/vendor/livewire/livewire/src/Features/SupportDisablingBackButtonCache/DisableBackButtonCacheMiddleware.php(19): Illuminate\\Pipeline\\Pipeline->{closure:Illuminate\\Pipeline\\Pipeline::prepareDestination():178}(Object(Illuminate\\Http\\Request))
#28 /Users/pauliyaji/Herd/powerhouse/vendor/laravel/framework/src/Illuminate/Pipeline/Pipeline.php(219): Livewire\\Features\\SupportDisablingBackButtonCache\\DisableBackButtonCacheMiddleware->handle(Object(Illuminate\\Http\\Request), Object(Closure))
#29 /Users/pauliyaji/Herd/powerhouse/vendor/laravel/framework/src/Illuminate/Foundation/Http/Middleware/TransformsRequest.php(21): Illuminate\\Pipeline\\Pipeline->{closure:{closure:Illuminate\\Pipeline\\Pipeline::carry():194}:195}(Object(Illuminate\\Http\\Request))
#30 /Users/pauliyaji/Herd/powerhouse/vendor/laravel/framework/src/Illuminate/Foundation/Http/Middleware/ConvertEmptyStringsToNull.php(31): Illuminate\\Foundation\\Http\\Middleware\\TransformsRequest->handle(Object(Illuminate\\Http\\Request), Object(Closure))
#31 /Users/pauliyaji/Herd/powerhouse/vendor/laravel/framework/src/Illuminate/Pipeline/Pipeline.php(219): Illuminate\\Foundation\\Http\\Middleware\\ConvertEmptyStringsToNull->handle(Object(Illuminate\\Http\\Request), Object(Closure))
#32 /Users/pauliyaji/Herd/powerhouse/vendor/laravel/framework/src/Illuminate/Foundation/Http/Middleware/TransformsRequest.php(21): Illuminate\\Pipeline\\Pipeline->{closure:{closure:Illuminate\\Pipeline\\Pipeline::carry():194}:195}(Object(Illuminate\\Http\\Request))
#33 /Users/pauliyaji/Herd/powerhouse/vendor/laravel/framework/src/Illuminate/Foundation/Http/Middleware/TrimStrings.php(51): Illuminate\\Foundation\\Http\\Middleware\\TransformsRequest->handle(Object(Illuminate\\Http\\Request), Object(Closure))
#34 /Users/pauliyaji/Herd/powerhouse/vendor/laravel/framework/src/Illuminate/Pipeline/Pipeline.php(219): Illuminate\\Foundation\\Http\\Middleware\\TrimStrings->handle(Object(Illuminate\\Http\\Request), Object(Closure))
#35 /Users/pauliyaji/Herd/powerhouse/vendor/laravel/framework/src/Illuminate/Http/Middleware/ValidatePostSize.php(27): Illuminate\\Pipeline\\Pipeline->{closure:{closure:Illuminate\\Pipeline\\Pipeline::carry():194}:195}(Object(Illuminate\\Http\\Request))
#36 /Users/pauliyaji/Herd/powerhouse/vendor/laravel/framework/src/Illuminate/Pipeline/Pipeline.php(219): Illuminate\\Http\\Middleware\\ValidatePostSize->handle(Object(Illuminate\\Http\\Request), Object(Closure))
#37 /Users/pauliyaji/Herd/powerhouse/vendor/laravel/framework/src/Illuminate/Foundation/Http/Middleware/PreventRequestsDuringMaintenance.php(109): Illuminate\\Pipeline\\Pipeline->{closure:{closure:Illuminate\\Pipeline\\Pipeline::carry():194}:195}(Object(Illuminate\\Http\\Request))
#38 /Users/pauliyaji/Herd/powerhouse/vendor/laravel/framework/src/Illuminate/Pipeline/Pipeline.php(219): Illuminate\\Foundation\\Http\\Middleware\\PreventRequestsDuringMaintenance->handle(Object(Illuminate\\Http\\Request), Object(Closure))
#39 /Users/pauliyaji/Herd/powerhouse/vendor/laravel/framework/src/Illuminate/Http/Middleware/HandleCors.php(61): Illuminate\\Pipeline\\Pipeline->{closure:{closure:Illuminate\\Pipeline\\Pipeline::carry():194}:195}(Object(Illuminate\\Http\\Request))
#40 /Users/pauliyaji/Herd/powerhouse/vendor/laravel/framework/src/Illuminate/Pipeline/Pipeline.php(219): Illuminate\\Http\\Middleware\\HandleCors->handle(Object(Illuminate\\Http\\Request), Object(Closure))
#41 /Users/pauliyaji/Herd/powerhouse/vendor/laravel/framework/src/Illuminate/Http/Middleware/TrustProxies.php(58): Illuminate\\Pipeline\\Pipeline->{closure:{closure:Illuminate\\Pipeline\\Pipeline::carry():194}:195}(Object(Illuminate\\Http\\Request))
#42 /Users/pauliyaji/Herd/powerhouse/vendor/laravel/framework/src/Illuminate/Pipeline/Pipeline.php(219): Illuminate\\Http\\Middleware\\TrustProxies->handle(Object(Illuminate\\Http\\Request), Object(Closure))
#43 /Users/pauliyaji/Herd/powerhouse/vendor/laravel/framework/src/Illuminate/Foundation/Http/Middleware/InvokeDeferredCallbacks.php(22): Illuminate\\Pipeline\\Pipeline->{closure:{closure:Illuminate\\Pipeline\\Pipeline::carry():194}:195}(Object(Illuminate\\Http\\Request))
#44 /Users/pauliyaji/Herd/powerhouse/vendor/laravel/framework/src/Illuminate/Pipeline/Pipeline.php(219): Illuminate\\Foundation\\Http\\Middleware\\InvokeDeferredCallbacks->handle(Object(Illuminate\\Http\\Request), Object(Closure))
#45 /Users/pauliyaji/Herd/powerhouse/vendor/laravel/framework/src/Illuminate/Http/Middleware/ValidatePathEncoding.php(26): Illuminate\\Pipeline\\Pipeline->{closure:{closure:Illuminate\\Pipeline\\Pipeline::carry():194}:195}(Object(Illuminate\\Http\\Request))
#46 /Users/pauliyaji/Herd/powerhouse/vendor/laravel/framework/src/Illuminate/Pipeline/Pipeline.php(219): Illuminate\\Http\\Middleware\\ValidatePathEncoding->handle(Object(Illuminate\\Http\\Request), Object(Closure))
#47 /Users/pauliyaji/Herd/powerhouse/vendor/laravel/framework/src/Illuminate/Pipeline/Pipeline.php(137): Illuminate\\Pipeline\\Pipeline->{closure:{closure:Illuminate\\Pipeline\\Pipeline::carry():194}:195}(Object(Illuminate\\Http\\Request))
#48 /Users/pauliyaji/Herd/powerhouse/vendor/laravel/framework/src/Illuminate/Foundation/Http/Kernel.php(175): Illuminate\\Pipeline\\Pipeline->then(Object(Closure))
#49 /Users/pauliyaji/Herd/powerhouse/vendor/laravel/framework/src/Illuminate/Foundation/Http/Kernel.php(144): Illuminate\\Foundation\\Http\\Kernel->sendRequestThroughRouter(Object(Illuminate\\Http\\Request))
#50 /Users/pauliyaji/Herd/powerhouse/vendor/laravel/framework/src/Illuminate/Foundation/Testing/Concerns/MakesHttpRequests.php(607): Illuminate\\Foundation\\Http\\Kernel->handle(Object(Illuminate\\Http\\Request))
#51 /Users/pauliyaji/Herd/powerhouse/vendor/laravel/framework/src/Illuminate/Foundation/Testing/Concerns/MakesHttpRequests.php(368): Illuminate\\Foundation\\Testing\\TestCase->call('GET', 'http://powerhou...', Array, Array, Array, Array)
#52 /Users/pauliyaji/Herd/powerhouse/tests/Feature/PdfLibraryTest.php(66): Illuminate\\Foundation\\Testing\\TestCase->get('http://powerhou...')
#53 /Users/pauliyaji/Herd/powerhouse/vendor/pestphp/pest/src/Factories/TestCaseMethodFactory.php(177): P\\Tests\\Feature\\PdfLibraryTest->{closure:/Users/pauliyaji/Herd/powerhouse/tests/Feature/PdfLibraryTest.php:58}()
#54 [internal function]: P\\Tests\\Feature\\PdfLibraryTest->{closure:Pest\\Factories\\TestCaseMethodFactory::getClosure():167}()
#55 /Users/pauliyaji/Herd/powerhouse/vendor/pestphp/pest/src/Concerns/Testable.php(576): call_user_func_array(Object(Closure), Array)
#56 /Users/pauliyaji/Herd/powerhouse/vendor/pestphp/pest/src/Support/ExceptionTrace.php(26): P\\Tests\\Feature\\PdfLibraryTest->{closure:Pest\\Concerns\\Testable::__callClosure():576}()
#57 /Users/pauliyaji/Herd/powerhouse/vendor/pestphp/pest/src/Concerns/Testable.php(576): Pest\\Support\\ExceptionTrace::ensure(Object(Closure))
#58 /Users/pauliyaji/Herd/powerhouse/vendor/pestphp/pest/src/Concerns/Testable.php(403): P\\Tests\\Feature\\PdfLibraryTest->__callClosure(Object(Closure), Array)
#59 /Users/pauliyaji/Herd/powerhouse/vendor/pestphp/pest/src/Factories/TestCaseFactory.php(175) : eval()'d code(53): P\\Tests\\Feature\\PdfLibraryTest->__runTest(Object(Closure))
#60 /Users/pauliyaji/Herd/powerhouse/vendor/phpunit/phpunit/src/Framework/TestCase.php(1310): P\\Tests\\Feature\\PdfLibraryTest->__pest_evaluable_it_forbids_streaming_someone_else_s_document()
#61 /Users/pauliyaji/Herd/powerhouse/vendor/phpunit/phpunit/src/Framework/TestCase.php(1344): PHPUnit\\Framework\\TestCase->invokeTestMethod('__pest_evaluabl...', Array)
#62 /Users/pauliyaji/Herd/powerhouse/vendor/phpunit/phpunit/src/Framework/TestCase.php(520): PHPUnit\\Framework\\TestCase->runTest()
#63 /Users/pauliyaji/Herd/powerhouse/vendor/phpunit/phpunit/src/Framework/TestRunner/TestRunner.php(99): PHPUnit\\Framework\\TestCase->runBare()
#64 /Users/pauliyaji/Herd/powerhouse/vendor/phpunit/phpunit/src/Framework/TestCase.php(360): PHPUnit\\Framework\\TestRunner->run(Object(P\\Tests\\Feature\\PdfLibraryTest))
#65 /Users/pauliyaji/Herd/powerhouse/vendor/phpunit/phpunit/src/Framework/TestSuite.php(374): PHPUnit\\Framework\\TestCase->run()
#66 /Users/pauliyaji/Herd/powerhouse/vendor/phpunit/phpunit/src/Framework/TestSuite.php(374): PHPUnit\\Framework\\TestSuite->run()
#67 /Users/pauliyaji/Herd/powerhouse/vendor/phpunit/phpunit/src/Framework/TestSuite.php(374): PHPUnit\\Framework\\TestSuite->run()
#68 /Users/pauliyaji/Herd/powerhouse/vendor/phpunit/phpunit/src/TextUI/TestRunner.php(64): PHPUnit\\Framework\\TestSuite->run()
#69 /Users/pauliyaji/Herd/powerhouse/vendor/phpunit/phpunit/src/TextUI/Application.php(229): PHPUnit\\TextUI\\TestRunner->run(Object(PHPUnit\\TextUI\\Configuration\\Configuration), Object(PHPUnit\\Runner\\ResultCache\\DefaultResultCache), Object(PHPUnit\\Framework\\TestSuite))
#70 /Users/pauliyaji/Herd/powerhouse/vendor/pestphp/pest/src/Kernel.php(117): PHPUnit\\TextUI\\Application->run(Array)
#71 /Users/pauliyaji/Herd/powerhouse/vendor/pestphp/pest/bin/pest(207): Pest\\Kernel->handle(Array, Array)
#72 /Users/pauliyaji/Herd/powerhouse/vendor/pestphp/pest/bin/pest(215): {closure:/Users/pauliyaji/Herd/powerhouse/vendor/pestphp/pest/bin/pest:21}()
#73 {main}
"} 
[2026-07-30 02:55:48] testing.ERROR: Call to undefined method App\Http\Controllers\PdfController::authorize() {"userId":1,"exception":"[object] (Error(code: 0): Call to undefined method App\\Http\\Controllers\\PdfController::authorize() at /Users/pauliyaji/Herd/powerhouse/app/Http/Controllers/PdfController.php:127)
[stacktrace]
#0 /Users/pauliyaji/Herd/powerhouse/vendor/laravel/framework/src/Illuminate/Routing/ControllerDispatcher.php(46): App\\Http\\Controllers\\PdfController->show(Object(Illuminate\\Http\\Request), Object(App\\Models\\Document))
#1 /Users/pauliyaji/Herd/powerhouse/vendor/laravel/framework/src/Illuminate/Routing/Route.php(265): Illuminate\\Routing\\ControllerDispatcher->dispatch(Object(Illuminate\\Routing\\Route), Object(App\\Http\\Controllers\\PdfController), 'show')
#2 /Users/pauliyaji/Herd/powerhouse/vendor/laravel/framework/src/Illuminate/Routing/Route.php(211): Illuminate\\Routing\\Route->runController()
#3 /Users/pauliyaji/Herd/powerhouse/vendor/laravel/framework/src/Illuminate/Routing/Router.php(822): Illuminate\\Routing\\Route->run()
#4 /Users/pauliyaji/Herd/powerhouse/vendor/laravel/framework/src/Illuminate/Pipeline/Pipeline.php(180): Illuminate\\Routing\\Router->{closure:Illuminate\\Routing\\Router::runRouteWithinStack():821}(Object(Illuminate\\Http\\Request))
#5 /Users/pauliyaji/Herd/powerhouse/vendor/laravel/framework/src/Illuminate/Routing/Middleware/SubstituteBindings.php(50): Illuminate\\Pipeline\\Pipeline->{closure:Illuminate\\Pipeline\\Pipeline::prepareDestination():178}(Object(Illuminate\\Http\\Request))
#6 /Users/pauliyaji/Herd/powerhouse/vendor/laravel/framework/src/Illuminate/Pipeline/Pipeline.php(219): Illuminate\\Routing\\Middleware\\SubstituteBindings->handle(Object(Illuminate\\Http\\Request), Object(Closure))
#7 /Users/pauliyaji/Herd/powerhouse/vendor/laravel/framework/src/Illuminate/Auth/Middleware/Authenticate.php(63): Illuminate\\Pipeline\\Pipeline->{closure:{closure:Illuminate\\Pipeline\\Pipeline::carry():194}:195}(Object(Illuminate\\Http\\Request))
#8 /Users/pauliyaji/Herd/powerhouse/vendor/laravel/framework/src/Illuminate/Pipeline/Pipeline.php(219): Illuminate\\Auth\\Middleware\\Authenticate->handle(Object(Illuminate\\Http\\Request), Object(Closure))
#9 /Users/pauliyaji/Herd/powerhouse/vendor/laravel/framework/src/Illuminate/Foundation/Http/Middleware/VerifyCsrfToken.php(87): Illuminate\\Pipeline\\Pipeline->{closure:{closure:Illuminate\\Pipeline\\Pipeline::carry():194}:195}(Object(Illuminate\\Http\\Request))
#10 /Users/pauliyaji/Herd/powerhouse/vendor/laravel/framework/src/Illuminate/Pipeline/Pipeline.php(219): Illuminate\\Foundation\\Http\\Middleware\\VerifyCsrfToken->handle(Object(Illuminate\\Http\\Request), Object(Closure))
#11 /Users/pauliyaji/Herd/powerhouse/vendor/laravel/framework/src/Illuminate/View/Middleware/ShareErrorsFromSession.php(48): Illuminate\\Pipeline\\Pipeline->{closure:{closure:Illuminate\\Pipeline\\Pipeline::carry():194}:195}(Object(Illuminate\\Http\\Request))
#12 /Users/pauliyaji/Herd/powerhouse/vendor/laravel/framework/src/Illuminate/Pipeline/Pipeline.php(219): Illuminate\\View\\Middleware\\ShareErrorsFromSession->handle(Object(Illuminate\\Http\\Request), Object(Closure))
#13 /Users/pauliyaji/Herd/powerhouse/vendor/laravel/framework/src/Illuminate/Session/Middleware/StartSession.php(120): Illuminate\\Pipeline\\Pipeline->{closure:{closure:Illuminate\\Pipeline\\Pipeline::carry():194}:195}(Object(Illuminate\\Http\\Request))
#14 /Users/pauliyaji/Herd/powerhouse/vendor/laravel/framework/src/Illuminate/Session/Middleware/StartSession.php(63): Illuminate\\Session\\Middleware\\StartSession->handleStatefulRequest(Object(Illuminate\\Http\\Request), Object(Illuminate\\Session\\Store), Object(Closure))
#15 /Users/pauliyaji/Herd/powerhouse/vendor/laravel/framework/src/Illuminate/Pipeline/Pipeline.php(219): Illuminate\\Session\\Middleware\\StartSession->handle(Object(Illuminate\\Http\\Request), Object(Closure))
#16 /Users/pauliyaji/Herd/powerhouse/vendor/laravel/framework/src/Illuminate/Cookie/Middleware/AddQueuedCookiesToResponse.php(36): Illuminate\\Pipeline\\Pipeline->{closure:{closure:Illuminate\\Pipeline\\Pipeline::carry():194}:195}(Object(Illuminate\\Http\\Request))
#17 /Users/pauliyaji/Herd/powerhouse/vendor/laravel/framework/src/Illuminate/Pipeline/Pipeline.php(219): Illuminate\\Cookie\\Middleware\\AddQueuedCookiesToResponse->handle(Object(Illuminate\\Http\\Request), Object(Closure))
#18 /Users/pauliyaji/Herd/powerhouse/vendor/laravel/framework/src/Illuminate/Cookie/Middleware/EncryptCookies.php(74): Illuminate\\Pipeline\\Pipeline->{closure:{closure:Illuminate\\Pipeline\\Pipeline::carry():194}:195}(Object(Illuminate\\Http\\Request))
#19 /Users/pauliyaji/Herd/powerhouse/vendor/laravel/framework/src/Illuminate/Pipeline/Pipeline.php(219): Illuminate\\Cookie\\Middleware\\EncryptCookies->handle(Object(Illuminate\\Http\\Request), Object(Closure))
#20 /Users/pauliyaji/Herd/powerhouse/vendor/laravel/framework/src/Illuminate/Pipeline/Pipeline.php(137): Illuminate\\Pipeline\\Pipeline->{closure:{closure:Illuminate\\Pipeline\\Pipeline::carry():194}:195}(Object(Illuminate\\Http\\Request))
#21 /Users/pauliyaji/Herd/powerhouse/vendor/laravel/framework/src/Illuminate/Routing/Router.php(821): Illuminate\\Pipeline\\Pipeline->then(Object(Closure))
#22 /Users/pauliyaji/Herd/powerhouse/vendor/laravel/framework/src/Illuminate/Routing/Router.php(800): Illuminate\\Routing\\Router->runRouteWithinStack(Object(Illuminate\\Routing\\Route), Object(Illuminate\\Http\\Request))
#23 /Users/pauliyaji/Herd/powerhouse/vendor/laravel/framework/src/Illuminate/Routing/Router.php(764): Illuminate\\Routing\\Router->runRoute(Object(Illuminate\\Http\\Request), Object(Illuminate\\Routing\\Route))
#24 /Users/pauliyaji/Herd/powerhouse/vendor/laravel/framework/src/Illuminate/Routing/Router.php(753): Illuminate\\Routing\\Router->dispatchToRoute(Object(Illuminate\\Http\\Request))
#25 /Users/pauliyaji/Herd/powerhouse/vendor/laravel/framework/src/Illuminate/Foundation/Http/Kernel.php(200): Illuminate\\Routing\\Router->dispatch(Object(Illuminate\\Http\\Request))
#26 /Users/pauliyaji/Herd/powerhouse/vendor/laravel/framework/src/Illuminate/Pipeline/Pipeline.php(180): Illuminate\\Foundation\\Http\\Kernel->{closure:Illuminate\\Foundation\\Http\\Kernel::dispatchToRouter():197}(Object(Illuminate\\Http\\Request))
#27 /Users/pauliyaji/Herd/powerhouse/vendor/livewire/livewire/src/Features/SupportDisablingBackButtonCache/DisableBackButtonCacheMiddleware.php(19): Illuminate\\Pipeline\\Pipeline->{closure:Illuminate\\Pipeline\\Pipeline::prepareDestination():178}(Object(Illuminate\\Http\\Request))
#28 /Users/pauliyaji/Herd/powerhouse/vendor/laravel/framework/src/Illuminate/Pipeline/Pipeline.php(219): Livewire\\Features\\SupportDisablingBackButtonCache\\DisableBackButtonCacheMiddleware->handle(Object(Illuminate\\Http\\Request), Object(Closure))
#29 /Users/pauliyaji/Herd/powerhouse/vendor/laravel/framework/src/Illuminate/Foundation/Http/Middleware/TransformsRequest.php(21): Illuminate\\Pipeline\\Pipeline->{closure:{closure:Illuminate\\Pipeline\\Pipeline::carry():194}:195}(Object(Illuminate\\Http\\Request))
#30 /Users/pauliyaji/Herd/powerhouse/vendor/laravel/framework/src/Illuminate/Foundation/Http/Middleware/ConvertEmptyStringsToNull.php(31): Illuminate\\Foundation\\Http\\Middleware\\TransformsRequest->handle(Object(Illuminate\\Http\\Request), Object(Closure))
#31 /Users/pauliyaji/Herd/powerhouse/vendor/laravel/framework/src/Illuminate/Pipeline/Pipeline.php(219): Illuminate\\Foundation\\Http\\Middleware\\ConvertEmptyStringsToNull->handle(Object(Illuminate\\Http\\Request), Object(Closure))
#32 /Users/pauliyaji/Herd/powerhouse/vendor/laravel/framework/src/Illuminate/Foundation/Http/Middleware/TransformsRequest.php(21): Illuminate\\Pipeline\\Pipeline->{closure:{closure:Illuminate\\Pipeline\\Pipeline::carry():194}:195}(Object(Illuminate\\Http\\Request))
#33 /Users/pauliyaji/Herd/powerhouse/vendor/laravel/framework/src/Illuminate/Foundation/Http/Middleware/TrimStrings.php(51): Illuminate\\Foundation\\Http\\Middleware\\TransformsRequest->handle(Object(Illuminate\\Http\\Request), Object(Closure))
#34 /Users/pauliyaji/Herd/powerhouse/vendor/laravel/framework/src/Illuminate/Pipeline/Pipeline.php(219): Illuminate\\Foundation\\Http\\Middleware\\TrimStrings->handle(Object(Illuminate\\Http\\Request), Object(Closure))
#35 /Users/pauliyaji/Herd/powerhouse/vendor/laravel/framework/src/Illuminate/Http/Middleware/ValidatePostSize.php(27): Illuminate\\Pipeline\\Pipeline->{closure:{closure:Illuminate\\Pipeline\\Pipeline::carry():194}:195}(Object(Illuminate\\Http\\Request))
#36 /Users/pauliyaji/Herd/powerhouse/vendor/laravel/framework/src/Illuminate/Pipeline/Pipeline.php(219): Illuminate\\Http\\Middleware\\ValidatePostSize->handle(Object(Illuminate\\Http\\Request), Object(Closure))
#37 /Users/pauliyaji/Herd/powerhouse/vendor/laravel/framework/src/Illuminate/Foundation/Http/Middleware/PreventRequestsDuringMaintenance.php(109): Illuminate\\Pipeline\\Pipeline->{closure:{closure:Illuminate\\Pipeline\\Pipeline::carry():194}:195}(Object(Illuminate\\Http\\Request))
#38 /Users/pauliyaji/Herd/powerhouse/vendor/laravel/framework/src/Illuminate/Pipeline/Pipeline.php(219): Illuminate\\Foundation\\Http\\Middleware\\PreventRequestsDuringMaintenance->handle(Object(Illuminate\\Http\\Request), Object(Closure))
#39 /Users/pauliyaji/Herd/powerhouse/vendor/laravel/framework/src/Illuminate/Http/Middleware/HandleCors.php(61): Illuminate\\Pipeline\\Pipeline->{closure:{closure:Illuminate\\Pipeline\\Pipeline::carry():194}:195}(Object(Illuminate\\Http\\Request))
#40 /Users/pauliyaji/Herd/powerhouse/vendor/laravel/framework/src/Illuminate/Pipeline/Pipeline.php(219): Illuminate\\Http\\Middleware\\HandleCors->handle(Object(Illuminate\\Http\\Request), Object(Closure))
#41 /Users/pauliyaji/Herd/powerhouse/vendor/laravel/framework/src/Illuminate/Http/Middleware/TrustProxies.php(58): Illuminate\\Pipeline\\Pipeline->{closure:{closure:Illuminate\\Pipeline\\Pipeline::carry():194}:195}(Object(Illuminate\\Http\\Request))
#42 /Users/pauliyaji/Herd/powerhouse/vendor/laravel/framework/src/Illuminate/Pipeline/Pipeline.php(219): Illuminate\\Http\\Middleware\\TrustProxies->handle(Object(Illuminate\\Http\\Request), Object(Closure))
#43 /Users/pauliyaji/Herd/powerhouse/vendor/laravel/framework/src/Illuminate/Foundation/Http/Middleware/InvokeDeferredCallbacks.php(22): Illuminate\\Pipeline\\Pipeline->{closure:{closure:Illuminate\\Pipeline\\Pipeline::carry():194}:195}(Object(Illuminate\\Http\\Request))
#44 /Users/pauliyaji/Herd/powerhouse/vendor/laravel/framework/src/Illuminate/Pipeline/Pipeline.php(219): Illuminate\\Foundation\\Http\\Middleware\\InvokeDeferredCallbacks->handle(Object(Illuminate\\Http\\Request), Object(Closure))
#45 /Users/pauliyaji/Herd/powerhouse/vendor/laravel/framework/src/Illuminate/Http/Middleware/ValidatePathEncoding.php(26): Illuminate\\Pipeline\\Pipeline->{closure:{closure:Illuminate\\Pipeline\\Pipeline::carry():194}:195}(Object(Illuminate\\Http\\Request))
#46 /Users/pauliyaji/Herd/powerhouse/vendor/laravel/framework/src/Illuminate/Pipeline/Pipeline.php(219): Illuminate\\Http\\Middleware\\ValidatePathEncoding->handle(Object(Illuminate\\Http\\Request), Object(Closure))
#47 /Users/pauliyaji/Herd/powerhouse/vendor/laravel/framework/src/Illuminate/Pipeline/Pipeline.php(137): Illuminate\\Pipeline\\Pipeline->{closure:{closure:Illuminate\\Pipeline\\Pipeline::carry():194}:195}(Object(Illuminate\\Http\\Request))
#48 /Users/pauliyaji/Herd/powerhouse/vendor/laravel/framework/src/Illuminate/Foundation/Http/Kernel.php(175): Illuminate\\Pipeline\\Pipeline->then(Object(Closure))
#49 /Users/pauliyaji/Herd/powerhouse/vendor/laravel/framework/src/Illuminate/Foundation/Http/Kernel.php(144): Illuminate\\Foundation\\Http\\Kernel->sendRequestThroughRouter(Object(Illuminate\\Http\\Request))
#50 /Users/pauliyaji/Herd/powerhouse/vendor/laravel/framework/src/Illuminate/Foundation/Testing/Concerns/MakesHttpRequests.php(607): Illuminate\\Foundation\\Http\\Kernel->handle(Object(Illuminate\\Http\\Request))
#51 /Users/pauliyaji/Herd/powerhouse/vendor/laravel/framework/src/Illuminate/Foundation/Testing/Concerns/MakesHttpRequests.php(368): Illuminate\\Foundation\\Testing\\TestCase->call('GET', 'http://powerhou...', Array, Array, Array, Array)
#52 /Users/pauliyaji/Herd/powerhouse/tests/Feature/PdfLibraryTest.php(75): Illuminate\\Foundation\\Testing\\TestCase->get('http://powerhou...')
#53 /Users/pauliyaji/Herd/powerhouse/vendor/pestphp/pest/src/Factories/TestCaseMethodFactory.php(177): P\\Tests\\Feature\\PdfLibraryTest->{closure:/Users/pauliyaji/Herd/powerhouse/tests/Feature/PdfLibraryTest.php:70}()
#54 [internal function]: P\\Tests\\Feature\\PdfLibraryTest->{closure:Pest\\Factories\\TestCaseMethodFactory::getClosure():167}()
#55 /Users/pauliyaji/Herd/powerhouse/vendor/pestphp/pest/src/Concerns/Testable.php(576): call_user_func_array(Object(Closure), Array)
#56 /Users/pauliyaji/Herd/powerhouse/vendor/pestphp/pest/src/Support/ExceptionTrace.php(26): P\\Tests\\Feature\\PdfLibraryTest->{closure:Pest\\Concerns\\Testable::__callClosure():576}()
#57 /Users/pauliyaji/Herd/powerhouse/vendor/pestphp/pest/src/Concerns/Testable.php(576): Pest\\Support\\ExceptionTrace::ensure(Object(Closure))
#58 /Users/pauliyaji/Herd/powerhouse/vendor/pestphp/pest/src/Concerns/Testable.php(403): P\\Tests\\Feature\\PdfLibraryTest->__callClosure(Object(Closure), Array)
#59 /Users/pauliyaji/Herd/powerhouse/vendor/pestphp/pest/src/Factories/TestCaseFactory.php(175) : eval()'d code(62): P\\Tests\\Feature\\PdfLibraryTest->__runTest(Object(Closure))
#60 /Users/pauliyaji/Herd/powerhouse/vendor/phpunit/phpunit/src/Framework/TestCase.php(1310): P\\Tests\\Feature\\PdfLibraryTest->__pest_evaluable_it_forbids_viewing_someone_else_s_document()
#61 /Users/pauliyaji/Herd/powerhouse/vendor/phpunit/phpunit/src/Framework/TestCase.php(1344): PHPUnit\\Framework\\TestCase->invokeTestMethod('__pest_evaluabl...', Array)
#62 /Users/pauliyaji/Herd/powerhouse/vendor/phpunit/phpunit/src/Framework/TestCase.php(520): PHPUnit\\Framework\\TestCase->runTest()
#63 /Users/pauliyaji/Herd/powerhouse/vendor/phpunit/phpunit/src/Framework/TestRunner/TestRunner.php(99): PHPUnit\\Framework\\TestCase->runBare()
#64 /Users/pauliyaji/Herd/powerhouse/vendor/phpunit/phpunit/src/Framework/TestCase.php(360): PHPUnit\\Framework\\TestRunner->run(Object(P\\Tests\\Feature\\PdfLibraryTest))
#65 /Users/pauliyaji/Herd/powerhouse/vendor/phpunit/phpunit/src/Framework/TestSuite.php(374): PHPUnit\\Framework\\TestCase->run()
#66 /Users/pauliyaji/Herd/powerhouse/vendor/phpunit/phpunit/src/Framework/TestSuite.php(374): PHPUnit\\Framework\\TestSuite->run()
#67 /Users/pauliyaji/Herd/powerhouse/vendor/phpunit/phpunit/src/Framework/TestSuite.php(374): PHPUnit\\Framework\\TestSuite->run()
#68 /Users/pauliyaji/Herd/powerhouse/vendor/phpunit/phpunit/src/TextUI/TestRunner.php(64): PHPUnit\\Framework\\TestSuite->run()
#69 /Users/pauliyaji/Herd/powerhouse/vendor/phpunit/phpunit/src/TextUI/Application.php(229): PHPUnit\\TextUI\\TestRunner->run(Object(PHPUnit\\TextUI\\Configuration\\Configuration), Object(PHPUnit\\Runner\\ResultCache\\DefaultResultCache), Object(PHPUnit\\Framework\\TestSuite))
#70 /Users/pauliyaji/Herd/powerhouse/vendor/pestphp/pest/src/Kernel.php(117): PHPUnit\\TextUI\\Application->run(Array)
#71 /Users/pauliyaji/Herd/powerhouse/vendor/pestphp/pest/bin/pest(207): Pest\\Kernel->handle(Array, Array)
#72 /Users/pauliyaji/Herd/powerhouse/vendor/pestphp/pest/bin/pest(215): {closure:/Users/pauliyaji/Herd/powerhouse/vendor/pestphp/pest/bin/pest:21}()
#73 {main}
"} 
[2026-07-30 02:55:48] testing.ERROR: Call to undefined method App\Http\Controllers\PdfController::authorize() {"userId":1,"exception":"[object] (Error(code: 0): Call to undefined method App\\Http\\Controllers\\PdfController::authorize() at /Users/pauliyaji/Herd/powerhouse/app/Http/Controllers/PdfController.php:157)
[stacktrace]
#0 /Users/pauliyaji/Herd/powerhouse/vendor/laravel/framework/src/Illuminate/Routing/ControllerDispatcher.php(46): App\\Http\\Controllers\\PdfController->destroy(Object(Illuminate\\Http\\Request), Object(App\\Models\\Document))
#1 /Users/pauliyaji/Herd/powerhouse/vendor/laravel/framework/src/Illuminate/Routing/Route.php(265): Illuminate\\Routing\\ControllerDispatcher->dispatch(Object(Illuminate\\Routing\\Route), Object(App\\Http\\Controllers\\PdfController), 'destroy')
#2 /Users/pauliyaji/Herd/powerhouse/vendor/laravel/framework/src/Illuminate/Routing/Route.php(211): Illuminate\\Routing\\Route->runController()
#3 /Users/pauliyaji/Herd/powerhouse/vendor/laravel/framework/src/Illuminate/Routing/Router.php(822): Illuminate\\Routing\\Route->run()
#4 /Users/pauliyaji/Herd/powerhouse/vendor/laravel/framework/src/Illuminate/Pipeline/Pipeline.php(180): Illuminate\\Routing\\Router->{closure:Illuminate\\Routing\\Router::runRouteWithinStack():821}(Object(Illuminate\\Http\\Request))
#5 /Users/pauliyaji/Herd/powerhouse/vendor/laravel/framework/src/Illuminate/Routing/Middleware/SubstituteBindings.php(50): Illuminate\\Pipeline\\Pipeline->{closure:Illuminate\\Pipeline\\Pipeline::prepareDestination():178}(Object(Illuminate\\Http\\Request))
#6 /Users/pauliyaji/Herd/powerhouse/vendor/laravel/framework/src/Illuminate/Pipeline/Pipeline.php(219): Illuminate\\Routing\\Middleware\\SubstituteBindings->handle(Object(Illuminate\\Http\\Request), Object(Closure))
#7 /Users/pauliyaji/Herd/powerhouse/vendor/laravel/framework/src/Illuminate/Auth/Middleware/Authenticate.php(63): Illuminate\\Pipeline\\Pipeline->{closure:{closure:Illuminate\\Pipeline\\Pipeline::carry():194}:195}(Object(Illuminate\\Http\\Request))
#8 /Users/pauliyaji/Herd/powerhouse/vendor/laravel/framework/src/Illuminate/Pipeline/Pipeline.php(219): Illuminate\\Auth\\Middleware\\Authenticate->handle(Object(Illuminate\\Http\\Request), Object(Closure))
#9 /Users/pauliyaji/Herd/powerhouse/vendor/laravel/framework/src/Illuminate/Foundation/Http/Middleware/VerifyCsrfToken.php(87): Illuminate\\Pipeline\\Pipeline->{closure:{closure:Illuminate\\Pipeline\\Pipeline::carry():194}:195}(Object(Illuminate\\Http\\Request))
#10 /Users/pauliyaji/Herd/powerhouse/vendor/laravel/framework/src/Illuminate/Pipeline/Pipeline.php(219): Illuminate\\Foundation\\Http\\Middleware\\VerifyCsrfToken->handle(Object(Illuminate\\Http\\Request), Object(Closure))
#11 /Users/pauliyaji/Herd/powerhouse/vendor/laravel/framework/src/Illuminate/View/Middleware/ShareErrorsFromSession.php(48): Illuminate\\Pipeline\\Pipeline->{closure:{closure:Illuminate\\Pipeline\\Pipeline::carry():194}:195}(Object(Illuminate\\Http\\Request))
#12 /Users/pauliyaji/Herd/powerhouse/vendor/laravel/framework/src/Illuminate/Pipeline/Pipeline.php(219): Illuminate\\View\\Middleware\\ShareErrorsFromSession->handle(Object(Illuminate\\Http\\Request), Object(Closure))
#13 /Users/pauliyaji/Herd/powerhouse/vendor/laravel/framework/src/Illuminate/Session/Middleware/StartSession.php(120): Illuminate\\Pipeline\\Pipeline->{closure:{closure:Illuminate\\Pipeline\\Pipeline::carry():194}:195}(Object(Illuminate\\Http\\Request))
#14 /Users/pauliyaji/Herd/powerhouse/vendor/laravel/framework/src/Illuminate/Session/Middleware/StartSession.php(63): Illuminate\\Session\\Middleware\\StartSession->handleStatefulRequest(Object(Illuminate\\Http\\Request), Object(Illuminate\\Session\\Store), Object(Closure))
#15 /Users/pauliyaji/Herd/powerhouse/vendor/laravel/framework/src/Illuminate/Pipeline/Pipeline.php(219): Illuminate\\Session\\Middleware\\StartSession->handle(Object(Illuminate\\Http\\Request), Object(Closure))
#16 /Users/pauliyaji/Herd/powerhouse/vendor/laravel/framework/src/Illuminate/Cookie/Middleware/AddQueuedCookiesToResponse.php(36): Illuminate\\Pipeline\\Pipeline->{closure:{closure:Illuminate\\Pipeline\\Pipeline::carry():194}:195}(Object(Illuminate\\Http\\Request))
#17 /Users/pauliyaji/Herd/powerhouse/vendor/laravel/framework/src/Illuminate/Pipeline/Pipeline.php(219): Illuminate\\Cookie\\Middleware\\AddQueuedCookiesToResponse->handle(Object(Illuminate\\Http\\Request), Object(Closure))
#18 /Users/pauliyaji/Herd/powerhouse/vendor/laravel/framework/src/Illuminate/Cookie/Middleware/EncryptCookies.php(74): Illuminate\\Pipeline\\Pipeline->{closure:{closure:Illuminate\\Pipeline\\Pipeline::carry():194}:195}(Object(Illuminate\\Http\\Request))
#19 /Users/pauliyaji/Herd/powerhouse/vendor/laravel/framework/src/Illuminate/Pipeline/Pipeline.php(219): Illuminate\\Cookie\\Middleware\\EncryptCookies->handle(Object(Illuminate\\Http\\Request), Object(Closure))
#20 /Users/pauliyaji/Herd/powerhouse/vendor/laravel/framework/src/Illuminate/Pipeline/Pipeline.php(137): Illuminate\\Pipeline\\Pipeline->{closure:{closure:Illuminate\\Pipeline\\Pipeline::carry():194}:195}(Object(Illuminate\\Http\\Request))
#21 /Users/pauliyaji/Herd/powerhouse/vendor/laravel/framework/src/Illuminate/Routing/Router.php(821): Illuminate\\Pipeline\\Pipeline->then(Object(Closure))
#22 /Users/pauliyaji/Herd/powerhouse/vendor/laravel/framework/src/Illuminate/Routing/Router.php(800): Illuminate\\Routing\\Router->runRouteWithinStack(Object(Illuminate\\Routing\\Route), Object(Illuminate\\Http\\Request))
#23 /Users/pauliyaji/Herd/powerhouse/vendor/laravel/framework/src/Illuminate/Routing/Router.php(764): Illuminate\\Routing\\Router->runRoute(Object(Illuminate\\Http\\Request), Object(Illuminate\\Routing\\Route))
#24 /Users/pauliyaji/Herd/powerhouse/vendor/laravel/framework/src/Illuminate/Routing/Router.php(753): Illuminate\\Routing\\Router->dispatchToRoute(Object(Illuminate\\Http\\Request))
#25 /Users/pauliyaji/Herd/powerhouse/vendor/laravel/framework/src/Illuminate/Foundation/Http/Kernel.php(200): Illuminate\\Routing\\Router->dispatch(Object(Illuminate\\Http\\Request))
#26 /Users/pauliyaji/Herd/powerhouse/vendor/laravel/framework/src/Illuminate/Pipeline/Pipeline.php(180): Illuminate\\Foundation\\Http\\Kernel->{closure:Illuminate\\Foundation\\Http\\Kernel::dispatchToRouter():197}(Object(Illuminate\\Http\\Request))
#27 /Users/pauliyaji/Herd/powerhouse/vendor/livewire/livewire/src/Features/SupportDisablingBackButtonCache/DisableBackButtonCacheMiddleware.php(19): Illuminate\\Pipeline\\Pipeline->{closure:Illuminate\\Pipeline\\Pipeline::prepareDestination():178}(Object(Illuminate\\Http\\Request))
#28 /Users/pauliyaji/Herd/powerhouse/vendor/laravel/framework/src/Illuminate/Pipeline/Pipeline.php(219): Livewire\\Features\\SupportDisablingBackButtonCache\\DisableBackButtonCacheMiddleware->handle(Object(Illuminate\\Http\\Request), Object(Closure))
#29 /Users/pauliyaji/Herd/powerhouse/vendor/laravel/framework/src/Illuminate/Foundation/Http/Middleware/TransformsRequest.php(21): Illuminate\\Pipeline\\Pipeline->{closure:{closure:Illuminate\\Pipeline\\Pipeline::carry():194}:195}(Object(Illuminate\\Http\\Request))
#30 /Users/pauliyaji/Herd/powerhouse/vendor/laravel/framework/src/Illuminate/Foundation/Http/Middleware/ConvertEmptyStringsToNull.php(31): Illuminate\\Foundation\\Http\\Middleware\\TransformsRequest->handle(Object(Illuminate\\Http\\Request), Object(Closure))
#31 /Users/pauliyaji/Herd/powerhouse/vendor/laravel/framework/src/Illuminate/Pipeline/Pipeline.php(219): Illuminate\\Foundation\\Http\\Middleware\\ConvertEmptyStringsToNull->handle(Object(Illuminate\\Http\\Request), Object(Closure))
#32 /Users/pauliyaji/Herd/powerhouse/vendor/laravel/framework/src/Illuminate/Foundation/Http/Middleware/TransformsRequest.php(21): Illuminate\\Pipeline\\Pipeline->{closure:{closure:Illuminate\\Pipeline\\Pipeline::carry():194}:195}(Object(Illuminate\\Http\\Request))
#33 /Users/pauliyaji/Herd/powerhouse/vendor/laravel/framework/src/Illuminate/Foundation/Http/Middleware/TrimStrings.php(51): Illuminate\\Foundation\\Http\\Middleware\\TransformsRequest->handle(Object(Illuminate\\Http\\Request), Object(Closure))
#34 /Users/pauliyaji/Herd/powerhouse/vendor/laravel/framework/src/Illuminate/Pipeline/Pipeline.php(219): Illuminate\\Foundation\\Http\\Middleware\\TrimStrings->handle(Object(Illuminate\\Http\\Request), Object(Closure))
#35 /Users/pauliyaji/Herd/powerhouse/vendor/laravel/framework/src/Illuminate/Http/Middleware/ValidatePostSize.php(27): Illuminate\\Pipeline\\Pipeline->{closure:{closure:Illuminate\\Pipeline\\Pipeline::carry():194}:195}(Object(Illuminate\\Http\\Request))
#36 /Users/pauliyaji/Herd/powerhouse/vendor/laravel/framework/src/Illuminate/Pipeline/Pipeline.php(219): Illuminate\\Http\\Middleware\\ValidatePostSize->handle(Object(Illuminate\\Http\\Request), Object(Closure))
#37 /Users/pauliyaji/Herd/powerhouse/vendor/laravel/framework/src/Illuminate/Foundation/Http/Middleware/PreventRequestsDuringMaintenance.php(109): Illuminate\\Pipeline\\Pipeline->{closure:{closure:Illuminate\\Pipeline\\Pipeline::carry():194}:195}(Object(Illuminate\\Http\\Request))
#38 /Users/pauliyaji/Herd/powerhouse/vendor/laravel/framework/src/Illuminate/Pipeline/Pipeline.php(219): Illuminate\\Foundation\\Http\\Middleware\\PreventRequestsDuringMaintenance->handle(Object(Illuminate\\Http\\Request), Object(Closure))
#39 /Users/pauliyaji/Herd/powerhouse/vendor/laravel/framework/src/Illuminate/Http/Middleware/HandleCors.php(61): Illuminate\\Pipeline\\Pipeline->{closure:{closure:Illuminate\\Pipeline\\Pipeline::carry():194}:195}(Object(Illuminate\\Http\\Request))
#40 /Users/pauliyaji/Herd/powerhouse/vendor/laravel/framework/src/Illuminate/Pipeline/Pipeline.php(219): Illuminate\\Http\\Middleware\\HandleCors->handle(Object(Illuminate\\Http\\Request), Object(Closure))
#41 /Users/pauliyaji/Herd/powerhouse/vendor/laravel/framework/src/Illuminate/Http/Middleware/TrustProxies.php(58): Illuminate\\Pipeline\\Pipeline->{closure:{closure:Illuminate\\Pipeline\\Pipeline::carry():194}:195}(Object(Illuminate\\Http\\Request))
#42 /Users/pauliyaji/Herd/powerhouse/vendor/laravel/framework/src/Illuminate/Pipeline/Pipeline.php(219): Illuminate\\Http\\Middleware\\TrustProxies->handle(Object(Illuminate\\Http\\Request), Object(Closure))
#43 /Users/pauliyaji/Herd/powerhouse/vendor/laravel/framework/src/Illuminate/Foundation/Http/Middleware/InvokeDeferredCallbacks.php(22): Illuminate\\Pipeline\\Pipeline->{closure:{closure:Illuminate\\Pipeline\\Pipeline::carry():194}:195}(Object(Illuminate\\Http\\Request))
#44 /Users/pauliyaji/Herd/powerhouse/vendor/laravel/framework/src/Illuminate/Pipeline/Pipeline.php(219): Illuminate\\Foundation\\Http\\Middleware\\InvokeDeferredCallbacks->handle(Object(Illuminate\\Http\\Request), Object(Closure))
#45 /Users/pauliyaji/Herd/powerhouse/vendor/laravel/framework/src/Illuminate/Http/Middleware/ValidatePathEncoding.php(26): Illuminate\\Pipeline\\Pipeline->{closure:{closure:Illuminate\\Pipeline\\Pipeline::carry():194}:195}(Object(Illuminate\\Http\\Request))
#46 /Users/pauliyaji/Herd/powerhouse/vendor/laravel/framework/src/Illuminate/Pipeline/Pipeline.php(219): Illuminate\\Http\\Middleware\\ValidatePathEncoding->handle(Object(Illuminate\\Http\\Request), Object(Closure))
#47 /Users/pauliyaji/Herd/powerhouse/vendor/laravel/framework/src/Illuminate/Pipeline/Pipeline.php(137): Illuminate\\Pipeline\\Pipeline->{closure:{closure:Illuminate\\Pipeline\\Pipeline::carry():194}:195}(Object(Illuminate\\Http\\Request))
#48 /Users/pauliyaji/Herd/powerhouse/vendor/laravel/framework/src/Illuminate/Foundation/Http/Kernel.php(175): Illuminate\\Pipeline\\Pipeline->then(Object(Closure))
#49 /Users/pauliyaji/Herd/powerhouse/vendor/laravel/framework/src/Illuminate/Foundation/Http/Kernel.php(144): Illuminate\\Foundation\\Http\\Kernel->sendRequestThroughRouter(Object(Illuminate\\Http\\Request))
#50 /Users/pauliyaji/Herd/powerhouse/vendor/laravel/framework/src/Illuminate/Foundation/Testing/Concerns/MakesHttpRequests.php(607): Illuminate\\Foundation\\Http\\Kernel->handle(Object(Illuminate\\Http\\Request))
#51 /Users/pauliyaji/Herd/powerhouse/vendor/laravel/framework/src/Illuminate/Foundation/Testing/Concerns/MakesHttpRequests.php(487): Illuminate\\Foundation\\Testing\\TestCase->call('DELETE', 'http://powerhou...', Array, Array, Array, Array)
#52 /Users/pauliyaji/Herd/powerhouse/tests/Feature/PdfLibraryTest.php(86): Illuminate\\Foundation\\Testing\\TestCase->delete('http://powerhou...')
#53 /Users/pauliyaji/Herd/powerhouse/vendor/pestphp/pest/src/Factories/TestCaseMethodFactory.php(177): P\\Tests\\Feature\\PdfLibraryTest->{closure:/Users/pauliyaji/Herd/powerhouse/tests/Feature/PdfLibraryTest.php:79}()
#54 [internal function]: P\\Tests\\Feature\\PdfLibraryTest->{closure:Pest\\Factories\\TestCaseMethodFactory::getClosure():167}()
#55 /Users/pauliyaji/Herd/powerhouse/vendor/pestphp/pest/src/Concerns/Testable.php(576): call_user_func_array(Object(Closure), Array)
#56 /Users/pauliyaji/Herd/powerhouse/vendor/pestphp/pest/src/Support/ExceptionTrace.php(26): P\\Tests\\Feature\\PdfLibraryTest->{closure:Pest\\Concerns\\Testable::__callClosure():576}()
#57 /Users/pauliyaji/Herd/powerhouse/vendor/pestphp/pest/src/Concerns/Testable.php(576): Pest\\Support\\ExceptionTrace::ensure(Object(Closure))
#58 /Users/pauliyaji/Herd/powerhouse/vendor/pestphp/pest/src/Concerns/Testable.php(403): P\\Tests\\Feature\\PdfLibraryTest->__callClosure(Object(Closure), Array)
#59 /Users/pauliyaji/Herd/powerhouse/vendor/pestphp/pest/src/Factories/TestCaseFactory.php(175) : eval()'d code(71): P\\Tests\\Feature\\PdfLibraryTest->__runTest(Object(Closure))
#60 /Users/pauliyaji/Herd/powerhouse/vendor/phpunit/phpunit/src/Framework/TestCase.php(1310): P\\Tests\\Feature\\PdfLibraryTest->__pest_evaluable_it_deletes_a_document_and_removes_the_underlying_file()
#61 /Users/pauliyaji/Herd/powerhouse/vendor/phpunit/phpunit/src/Framework/TestCase.php(1344): PHPUnit\\Framework\\TestCase->invokeTestMethod('__pest_evaluabl...', Array)
#62 /Users/pauliyaji/Herd/powerhouse/vendor/phpunit/phpunit/src/Framework/TestCase.php(520): PHPUnit\\Framework\\TestCase->runTest()
#63 /Users/pauliyaji/Herd/powerhouse/vendor/phpunit/phpunit/src/Framework/TestRunner/TestRunner.php(99): PHPUnit\\Framework\\TestCase->runBare()
#64 /Users/pauliyaji/Herd/powerhouse/vendor/phpunit/phpunit/src/Framework/TestCase.php(360): PHPUnit\\Framework\\TestRunner->run(Object(P\\Tests\\Feature\\PdfLibraryTest))
#65 /Users/pauliyaji/Herd/powerhouse/vendor/phpunit/phpunit/src/Framework/TestSuite.php(374): PHPUnit\\Framework\\TestCase->run()
#66 /Users/pauliyaji/Herd/powerhouse/vendor/phpunit/phpunit/src/Framework/TestSuite.php(374): PHPUnit\\Framework\\TestSuite->run()
#67 /Users/pauliyaji/Herd/powerhouse/vendor/phpunit/phpunit/src/Framework/TestSuite.php(374): PHPUnit\\Framework\\TestSuite->run()
#68 /Users/pauliyaji/Herd/powerhouse/vendor/phpunit/phpunit/src/TextUI/TestRunner.php(64): PHPUnit\\Framework\\TestSuite->run()
#69 /Users/pauliyaji/Herd/powerhouse/vendor/phpunit/phpunit/src/TextUI/Application.php(229): PHPUnit\\TextUI\\TestRunner->run(Object(PHPUnit\\TextUI\\Configuration\\Configuration), Object(PHPUnit\\Runner\\ResultCache\\DefaultResultCache), Object(PHPUnit\\Framework\\TestSuite))
#70 /Users/pauliyaji/Herd/powerhouse/vendor/pestphp/pest/src/Kernel.php(117): PHPUnit\\TextUI\\Application->run(Array)
#71 /Users/pauliyaji/Herd/powerhouse/vendor/pestphp/pest/bin/pest(207): Pest\\Kernel->handle(Array, Array)
#72 /Users/pauliyaji/Herd/powerhouse/vendor/pestphp/pest/bin/pest(215): {closure:/Users/pauliyaji/Herd/powerhouse/vendor/pestphp/pest/bin/pest:21}()
#73 {main}
"} 
[2026-07-30 02:55:48] testing.WARNING: Ghostscript compression failed, falling back to FPDI {"error":"Ghostscript compression failed: GPL Ghostscript 10.07.1: Unrecoverable error, exit code 1
Error: /stackunderflow in --not--
Operand stack:

Execution stack:
   %interp_exit   .runexec2   --nostringval--   --nostringval--   --nostringval--   2   %stopped_push   --nostringval--   --nostringval--   --nostringval--   false   1   %stopped_push   1804   1   3   %oparray_pop   1803   1   3   %oparray_pop   1788   1   3   %oparray_pop   1659   1   3   %oparray_pop   --nostringval--   %errorexec_pop   .runexec2   --nostringval--   --nostringval--   --nostringval--   2   %stopped_push   --nostringval--
Dictionary stack:
   --dict:753/1123(ro)(G)--   --dict:0/20(G)--   --dict:85/200(L)--
Current allocation mode is local
Current file position is 4"} 
[2026-07-30 02:55:48] testing.ERROR: PDF compress job failed {"document_id":2,"error":"Unable to find PDF file header."} 
[2026-07-30 02:55:48] testing.ERROR: PDF compression failed {"error":"Unable to find PDF file header."} 
[2026-07-30 02:55:48] testing.ERROR: Call to undefined method App\Http\Controllers\SignatureController::authorize() {"userId":1,"exception":"[object] (Error(code: 0): Call to undefined method App\\Http\\Controllers\\SignatureController::authorize() at /Users/pauliyaji/Herd/powerhouse/app/Http/Controllers/SignatureController.php:26)
[stacktrace]
#0 /Users/pauliyaji/Herd/powerhouse/vendor/laravel/framework/src/Illuminate/Routing/ControllerDispatcher.php(46): App\\Http\\Controllers\\SignatureController->store(Object(App\\Http\\Requests\\SignPdfRequest), Object(App\\Models\\Document))
#1 /Users/pauliyaji/Herd/powerhouse/vendor/laravel/framework/src/Illuminate/Routing/Route.php(265): Illuminate\\Routing\\ControllerDispatcher->dispatch(Object(Illuminate\\Routing\\Route), Object(App\\Http\\Controllers\\SignatureController), 'store')
#2 /Users/pauliyaji/Herd/powerhouse/vendor/laravel/framework/src/Illuminate/Routing/Route.php(211): Illuminate\\Routing\\Route->runController()
#3 /Users/pauliyaji/Herd/powerhouse/vendor/laravel/framework/src/Illuminate/Routing/Router.php(822): Illuminate\\Routing\\Route->run()
#4 /Users/pauliyaji/Herd/powerhouse/vendor/laravel/framework/src/Illuminate/Pipeline/Pipeline.php(180): Illuminate\\Routing\\Router->{closure:Illuminate\\Routing\\Router::runRouteWithinStack():821}(Object(Illuminate\\Http\\Request))
#5 /Users/pauliyaji/Herd/powerhouse/vendor/laravel/framework/src/Illuminate/Routing/Middleware/SubstituteBindings.php(50): Illuminate\\Pipeline\\Pipeline->{closure:Illuminate\\Pipeline\\Pipeline::prepareDestination():178}(Object(Illuminate\\Http\\Request))
#6 /Users/pauliyaji/Herd/powerhouse/vendor/laravel/framework/src/Illuminate/Pipeline/Pipeline.php(219): Illuminate\\Routing\\Middleware\\SubstituteBindings->handle(Object(Illuminate\\Http\\Request), Object(Closure))
#7 /Users/pauliyaji/Herd/powerhouse/vendor/laravel/framework/src/Illuminate/Routing/Middleware/ThrottleRequests.php(166): Illuminate\\Pipeline\\Pipeline->{closure:{closure:Illuminate\\Pipeline\\Pipeline::carry():194}:195}(Object(Illuminate\\Http\\Request))
#8 /Users/pauliyaji/Herd/powerhouse/vendor/laravel/framework/src/Illuminate/Routing/Middleware/ThrottleRequests.php(129): Illuminate\\Routing\\Middleware\\ThrottleRequests->handleRequest(Object(Illuminate\\Http\\Request), Object(Closure), Array)
#9 /Users/pauliyaji/Herd/powerhouse/vendor/laravel/framework/src/Illuminate/Routing/Middleware/ThrottleRequests.php(90): Illuminate\\Routing\\Middleware\\ThrottleRequests->handleRequestUsingNamedLimiter(Object(Illuminate\\Http\\Request), Object(Closure), 'pdf-heavy', Object(Closure))
#10 /Users/pauliyaji/Herd/powerhouse/vendor/laravel/framework/src/Illuminate/Pipeline/Pipeline.php(219): Illuminate\\Routing\\Middleware\\ThrottleRequests->handle(Object(Illuminate\\Http\\Request), Object(Closure), 'pdf-heavy')
#11 /Users/pauliyaji/Herd/powerhouse/vendor/laravel/framework/src/Illuminate/Auth/Middleware/Authenticate.php(63): Illuminate\\Pipeline\\Pipeline->{closure:{closure:Illuminate\\Pipeline\\Pipeline::carry():194}:195}(Object(Illuminate\\Http\\Request))
#12 /Users/pauliyaji/Herd/powerhouse/vendor/laravel/framework/src/Illuminate/Pipeline/Pipeline.php(219): Illuminate\\Auth\\Middleware\\Authenticate->handle(Object(Illuminate\\Http\\Request), Object(Closure))
#13 /Users/pauliyaji/Herd/powerhouse/vendor/laravel/framework/src/Illuminate/Foundation/Http/Middleware/VerifyCsrfToken.php(87): Illuminate\\Pipeline\\Pipeline->{closure:{closure:Illuminate\\Pipeline\\Pipeline::carry():194}:195}(Object(Illuminate\\Http\\Request))
#14 /Users/pauliyaji/Herd/powerhouse/vendor/laravel/framework/src/Illuminate/Pipeline/Pipeline.php(219): Illuminate\\Foundation\\Http\\Middleware\\VerifyCsrfToken->handle(Object(Illuminate\\Http\\Request), Object(Closure))
#15 /Users/pauliyaji/Herd/powerhouse/vendor/laravel/framework/src/Illuminate/View/Middleware/ShareErrorsFromSession.php(48): Illuminate\\Pipeline\\Pipeline->{closure:{closure:Illuminate\\Pipeline\\Pipeline::carry():194}:195}(Object(Illuminate\\Http\\Request))
#16 /Users/pauliyaji/Herd/powerhouse/vendor/laravel/framework/src/Illuminate/Pipeline/Pipeline.php(219): Illuminate\\View\\Middleware\\ShareErrorsFromSession->handle(Object(Illuminate\\Http\\Request), Object(Closure))
#17 /Users/pauliyaji/Herd/powerhouse/vendor/laravel/framework/src/Illuminate/Session/Middleware/StartSession.php(120): Illuminate\\Pipeline\\Pipeline->{closure:{closure:Illuminate\\Pipeline\\Pipeline::carry():194}:195}(Object(Illuminate\\Http\\Request))
#18 /Users/pauliyaji/Herd/powerhouse/vendor/laravel/framework/src/Illuminate/Session/Middleware/StartSession.php(63): Illuminate\\Session\\Middleware\\StartSession->handleStatefulRequest(Object(Illuminate\\Http\\Request), Object(Illuminate\\Session\\Store), Object(Closure))
#19 /Users/pauliyaji/Herd/powerhouse/vendor/laravel/framework/src/Illuminate/Pipeline/Pipeline.php(219): Illuminate\\Session\\Middleware\\StartSession->handle(Object(Illuminate\\Http\\Request), Object(Closure))
#20 /Users/pauliyaji/Herd/powerhouse/vendor/laravel/framework/src/Illuminate/Cookie/Middleware/AddQueuedCookiesToResponse.php(36): Illuminate\\Pipeline\\Pipeline->{closure:{closure:Illuminate\\Pipeline\\Pipeline::carry():194}:195}(Object(Illuminate\\Http\\Request))
#21 /Users/pauliyaji/Herd/powerhouse/vendor/laravel/framework/src/Illuminate/Pipeline/Pipeline.php(219): Illuminate\\Cookie\\Middleware\\AddQueuedCookiesToResponse->handle(Object(Illuminate\\Http\\Request), Object(Closure))
#22 /Users/pauliyaji/Herd/powerhouse/vendor/laravel/framework/src/Illuminate/Cookie/Middleware/EncryptCookies.php(74): Illuminate\\Pipeline\\Pipeline->{closure:{closure:Illuminate\\Pipeline\\Pipeline::carry():194}:195}(Object(Illuminate\\Http\\Request))
#23 /Users/pauliyaji/Herd/powerhouse/vendor/laravel/framework/src/Illuminate/Pipeline/Pipeline.php(219): Illuminate\\Cookie\\Middleware\\EncryptCookies->handle(Object(Illuminate\\Http\\Request), Object(Closure))
#24 /Users/pauliyaji/Herd/powerhouse/vendor/laravel/framework/src/Illuminate/Pipeline/Pipeline.php(137): Illuminate\\Pipeline\\Pipeline->{closure:{closure:Illuminate\\Pipeline\\Pipeline::carry():194}:195}(Object(Illuminate\\Http\\Request))
#25 /Users/pauliyaji/Herd/powerhouse/vendor/laravel/framework/src/Illuminate/Routing/Router.php(821): Illuminate\\Pipeline\\Pipeline->then(Object(Closure))
#26 /Users/pauliyaji/Herd/powerhouse/vendor/laravel/framework/src/Illuminate/Routing/Router.php(800): Illuminate\\Routing\\Router->runRouteWithinStack(Object(Illuminate\\Routing\\Route), Object(Illuminate\\Http\\Request))
#27 /Users/pauliyaji/Herd/powerhouse/vendor/laravel/framework/src/Illuminate/Routing/Router.php(764): Illuminate\\Routing\\Router->runRoute(Object(Illuminate\\Http\\Request), Object(Illuminate\\Routing\\Route))
#28 /Users/pauliyaji/Herd/powerhouse/vendor/laravel/framework/src/Illuminate/Routing/Router.php(753): Illuminate\\Routing\\Router->dispatchToRoute(Object(Illuminate\\Http\\Request))
#29 /Users/pauliyaji/Herd/powerhouse/vendor/laravel/framework/src/Illuminate/Foundation/Http/Kernel.php(200): Illuminate\\Routing\\Router->dispatch(Object(Illuminate\\Http\\Request))
#30 /Users/pauliyaji/Herd/powerhouse/vendor/laravel/framework/src/Illuminate/Pipeline/Pipeline.php(180): Illuminate\\Foundation\\Http\\Kernel->{closure:Illuminate\\Foundation\\Http\\Kernel::dispatchToRouter():197}(Object(Illuminate\\Http\\Request))
#31 /Users/pauliyaji/Herd/powerhouse/vendor/livewire/livewire/src/Features/SupportDisablingBackButtonCache/DisableBackButtonCacheMiddleware.php(19): Illuminate\\Pipeline\\Pipeline->{closure:Illuminate\\Pipeline\\Pipeline::prepareDestination():178}(Object(Illuminate\\Http\\Request))
#32 /Users/pauliyaji/Herd/powerhouse/vendor/laravel/framework/src/Illuminate/Pipeline/Pipeline.php(219): Livewire\\Features\\SupportDisablingBackButtonCache\\DisableBackButtonCacheMiddleware->handle(Object(Illuminate\\Http\\Request), Object(Closure))
#33 /Users/pauliyaji/Herd/powerhouse/vendor/laravel/framework/src/Illuminate/Foundation/Http/Middleware/TransformsRequest.php(21): Illuminate\\Pipeline\\Pipeline->{closure:{closure:Illuminate\\Pipeline\\Pipeline::carry():194}:195}(Object(Illuminate\\Http\\Request))
#34 /Users/pauliyaji/Herd/powerhouse/vendor/laravel/framework/src/Illuminate/Foundation/Http/Middleware/ConvertEmptyStringsToNull.php(31): Illuminate\\Foundation\\Http\\Middleware\\TransformsRequest->handle(Object(Illuminate\\Http\\Request), Object(Closure))
#35 /Users/pauliyaji/Herd/powerhouse/vendor/laravel/framework/src/Illuminate/Pipeline/Pipeline.php(219): Illuminate\\Foundation\\Http\\Middleware\\ConvertEmptyStringsToNull->handle(Object(Illuminate\\Http\\Request), Object(Closure))
#36 /Users/pauliyaji/Herd/powerhouse/vendor/laravel/framework/src/Illuminate/Foundation/Http/Middleware/TransformsRequest.php(21): Illuminate\\Pipeline\\Pipeline->{closure:{closure:Illuminate\\Pipeline\\Pipeline::carry():194}:195}(Object(Illuminate\\Http\\Request))
#37 /Users/pauliyaji/Herd/powerhouse/vendor/laravel/framework/src/Illuminate/Foundation/Http/Middleware/TrimStrings.php(51): Illuminate\\Foundation\\Http\\Middleware\\TransformsRequest->handle(Object(Illuminate\\Http\\Request), Object(Closure))
#38 /Users/pauliyaji/Herd/powerhouse/vendor/laravel/framework/src/Illuminate/Pipeline/Pipeline.php(219): Illuminate\\Foundation\\Http\\Middleware\\TrimStrings->handle(Object(Illuminate\\Http\\Request), Object(Closure))
#39 /Users/pauliyaji/Herd/powerhouse/vendor/laravel/framework/src/Illuminate/Http/Middleware/ValidatePostSize.php(27): Illuminate\\Pipeline\\Pipeline->{closure:{closure:Illuminate\\Pipeline\\Pipeline::carry():194}:195}(Object(Illuminate\\Http\\Request))
#40 /Users/pauliyaji/Herd/powerhouse/vendor/laravel/framework/src/Illuminate/Pipeline/Pipeline.php(219): Illuminate\\Http\\Middleware\\ValidatePostSize->handle(Object(Illuminate\\Http\\Request), Object(Closure))
#41 /Users/pauliyaji/Herd/powerhouse/vendor/laravel/framework/src/Illuminate/Foundation/Http/Middleware/PreventRequestsDuringMaintenance.php(109): Illuminate\\Pipeline\\Pipeline->{closure:{closure:Illuminate\\Pipeline\\Pipeline::carry():194}:195}(Object(Illuminate\\Http\\Request))
#42 /Users/pauliyaji/Herd/powerhouse/vendor/laravel/framework/src/Illuminate/Pipeline/Pipeline.php(219): Illuminate\\Foundation\\Http\\Middleware\\PreventRequestsDuringMaintenance->handle(Object(Illuminate\\Http\\Request), Object(Closure))
#43 /Users/pauliyaji/Herd/powerhouse/vendor/laravel/framework/src/Illuminate/Http/Middleware/HandleCors.php(61): Illuminate\\Pipeline\\Pipeline->{closure:{closure:Illuminate\\Pipeline\\Pipeline::carry():194}:195}(Object(Illuminate\\Http\\Request))
#44 /Users/pauliyaji/Herd/powerhouse/vendor/laravel/framework/src/Illuminate/Pipeline/Pipeline.php(219): Illuminate\\Http\\Middleware\\HandleCors->handle(Object(Illuminate\\Http\\Request), Object(Closure))
#45 /Users/pauliyaji/Herd/powerhouse/vendor/laravel/framework/src/Illuminate/Http/Middleware/TrustProxies.php(58): Illuminate\\Pipeline\\Pipeline->{closure:{closure:Illuminate\\Pipeline\\Pipeline::carry():194}:195}(Object(Illuminate\\Http\\Request))
#46 /Users/pauliyaji/Herd/powerhouse/vendor/laravel/framework/src/Illuminate/Pipeline/Pipeline.php(219): Illuminate\\Http\\Middleware\\TrustProxies->handle(Object(Illuminate\\Http\\Request), Object(Closure))
#47 /Users/pauliyaji/Herd/powerhouse/vendor/laravel/framework/src/Illuminate/Foundation/Http/Middleware/InvokeDeferredCallbacks.php(22): Illuminate\\Pipeline\\Pipeline->{closure:{closure:Illuminate\\Pipeline\\Pipeline::carry():194}:195}(Object(Illuminate\\Http\\Request))
#48 /Users/pauliyaji/Herd/powerhouse/vendor/laravel/framework/src/Illuminate/Pipeline/Pipeline.php(219): Illuminate\\Foundation\\Http\\Middleware\\InvokeDeferredCallbacks->handle(Object(Illuminate\\Http\\Request), Object(Closure))
#49 /Users/pauliyaji/Herd/powerhouse/vendor/laravel/framework/src/Illuminate/Http/Middleware/ValidatePathEncoding.php(26): Illuminate\\Pipeline\\Pipeline->{closure:{closure:Illuminate\\Pipeline\\Pipeline::carry():194}:195}(Object(Illuminate\\Http\\Request))
#50 /Users/pauliyaji/Herd/powerhouse/vendor/laravel/framework/src/Illuminate/Pipeline/Pipeline.php(219): Illuminate\\Http\\Middleware\\ValidatePathEncoding->handle(Object(Illuminate\\Http\\Request), Object(Closure))
#51 /Users/pauliyaji/Herd/powerhouse/vendor/laravel/framework/src/Illuminate/Pipeline/Pipeline.php(137): Illuminate\\Pipeline\\Pipeline->{closure:{closure:Illuminate\\Pipeline\\Pipeline::carry():194}:195}(Object(Illuminate\\Http\\Request))
#52 /Users/pauliyaji/Herd/powerhouse/vendor/laravel/framework/src/Illuminate/Foundation/Http/Kernel.php(175): Illuminate\\Pipeline\\Pipeline->then(Object(Closure))
#53 /Users/pauliyaji/Herd/powerhouse/vendor/laravel/framework/src/Illuminate/Foundation/Http/Kernel.php(144): Illuminate\\Foundation\\Http\\Kernel->sendRequestThroughRouter(Object(Illuminate\\Http\\Request))
#54 /Users/pauliyaji/Herd/powerhouse/vendor/laravel/framework/src/Illuminate/Foundation/Testing/Concerns/MakesHttpRequests.php(607): Illuminate\\Foundation\\Http\\Kernel->handle(Object(Illuminate\\Http\\Request))
#55 /Users/pauliyaji/Herd/powerhouse/vendor/laravel/framework/src/Illuminate/Foundation/Testing/Concerns/MakesHttpRequests.php(397): Illuminate\\Foundation\\Testing\\TestCase->call('POST', 'http://powerhou...', Array, Array, Array, Array)
#56 /Users/pauliyaji/Herd/powerhouse/tests/Feature/PdfOperationsTest.php(174): Illuminate\\Foundation\\Testing\\TestCase->post('http://powerhou...', Array)
#57 /Users/pauliyaji/Herd/powerhouse/vendor/pestphp/pest/src/Factories/TestCaseMethodFactory.php(177): P\\Tests\\Feature\\PdfOperationsTest->{closure:/Users/pauliyaji/Herd/powerhouse/tests/Feature/PdfOperationsTest.php:154}()
#58 [internal function]: P\\Tests\\Feature\\PdfOperationsTest->{closure:Pest\\Factories\\TestCaseMethodFactory::getClosure():167}()
#59 /Users/pauliyaji/Herd/powerhouse/vendor/pestphp/pest/src/Concerns/Testable.php(576): call_user_func_array(Object(Closure), Array)
#60 /Users/pauliyaji/Herd/powerhouse/vendor/pestphp/pest/src/Support/ExceptionTrace.php(26): P\\Tests\\Feature\\PdfOperationsTest->{closure:Pest\\Concerns\\Testable::__callClosure():576}()
#61 /Users/pauliyaji/Herd/powerhouse/vendor/pestphp/pest/src/Concerns/Testable.php(576): Pest\\Support\\ExceptionTrace::ensure(Object(Closure))
#62 /Users/pauliyaji/Herd/powerhouse/vendor/pestphp/pest/src/Concerns/Testable.php(403): P\\Tests\\Feature\\PdfOperationsTest->__callClosure(Object(Closure), Array)
#63 /Users/pauliyaji/Herd/powerhouse/vendor/pestphp/pest/src/Factories/TestCaseFactory.php(175) : eval()'d code(62): P\\Tests\\Feature\\PdfOperationsTest->__runTest(Object(Closure))
#64 /Users/pauliyaji/Herd/powerhouse/vendor/phpunit/phpunit/src/Framework/TestCase.php(1310): P\\Tests\\Feature\\PdfOperationsTest->__pest_evaluable_it_signs_a_document_and_stores_a_SignatureRequest()
#65 /Users/pauliyaji/Herd/powerhouse/vendor/phpunit/phpunit/src/Framework/TestCase.php(1344): PHPUnit\\Framework\\TestCase->invokeTestMethod('__pest_evaluabl...', Array)
#66 /Users/pauliyaji/Herd/powerhouse/vendor/phpunit/phpunit/src/Framework/TestCase.php(520): PHPUnit\\Framework\\TestCase->runTest()
#67 /Users/pauliyaji/Herd/powerhouse/vendor/phpunit/phpunit/src/Framework/TestRunner/TestRunner.php(99): PHPUnit\\Framework\\TestCase->runBare()
#68 /Users/pauliyaji/Herd/powerhouse/vendor/phpunit/phpunit/src/Framework/TestCase.php(360): PHPUnit\\Framework\\TestRunner->run(Object(P\\Tests\\Feature\\PdfOperationsTest))
#69 /Users/pauliyaji/Herd/powerhouse/vendor/phpunit/phpunit/src/Framework/TestSuite.php(374): PHPUnit\\Framework\\TestCase->run()
#70 /Users/pauliyaji/Herd/powerhouse/vendor/phpunit/phpunit/src/Framework/TestSuite.php(374): PHPUnit\\Framework\\TestSuite->run()
#71 /Users/pauliyaji/Herd/powerhouse/vendor/phpunit/phpunit/src/Framework/TestSuite.php(374): PHPUnit\\Framework\\TestSuite->run()
#72 /Users/pauliyaji/Herd/powerhouse/vendor/phpunit/phpunit/src/TextUI/TestRunner.php(64): PHPUnit\\Framework\\TestSuite->run()
#73 /Users/pauliyaji/Herd/powerhouse/vendor/phpunit/phpunit/src/TextUI/Application.php(229): PHPUnit\\TextUI\\TestRunner->run(Object(PHPUnit\\TextUI\\Configuration\\Configuration), Object(PHPUnit\\Runner\\ResultCache\\DefaultResultCache), Object(PHPUnit\\Framework\\TestSuite))
#74 /Users/pauliyaji/Herd/powerhouse/vendor/pestphp/pest/src/Kernel.php(117): PHPUnit\\TextUI\\Application->run(Array)
#75 /Users/pauliyaji/Herd/powerhouse/vendor/pestphp/pest/bin/pest(207): Pest\\Kernel->handle(Array, Array)
#76 /Users/pauliyaji/Herd/powerhouse/vendor/pestphp/pest/bin/pest(215): {closure:/Users/pauliyaji/Herd/powerhouse/vendor/pestphp/pest/bin/pest:21}()
#77 {main}
"} 
[2026-07-30 02:55:48] testing.ERROR: Call to undefined method App\Http\Controllers\SignatureController::authorize() {"userId":1,"exception":"[object] (Error(code: 0): Call to undefined method App\\Http\\Controllers\\SignatureController::authorize() at /Users/pauliyaji/Herd/powerhouse/app/Http/Controllers/SignatureController.php:26)
[stacktrace]
#0 /Users/pauliyaji/Herd/powerhouse/vendor/laravel/framework/src/Illuminate/Routing/ControllerDispatcher.php(46): App\\Http\\Controllers\\SignatureController->store(Object(App\\Http\\Requests\\SignPdfRequest), Object(App\\Models\\Document))
#1 /Users/pauliyaji/Herd/powerhouse/vendor/laravel/framework/src/Illuminate/Routing/Route.php(265): Illuminate\\Routing\\ControllerDispatcher->dispatch(Object(Illuminate\\Routing\\Route), Object(App\\Http\\Controllers\\SignatureController), 'store')
#2 /Users/pauliyaji/Herd/powerhouse/vendor/laravel/framework/src/Illuminate/Routing/Route.php(211): Illuminate\\Routing\\Route->runController()
#3 /Users/pauliyaji/Herd/powerhouse/vendor/laravel/framework/src/Illuminate/Routing/Router.php(822): Illuminate\\Routing\\Route->run()
#4 /Users/pauliyaji/Herd/powerhouse/vendor/laravel/framework/src/Illuminate/Pipeline/Pipeline.php(180): Illuminate\\Routing\\Router->{closure:Illuminate\\Routing\\Router::runRouteWithinStack():821}(Object(Illuminate\\Http\\Request))
#5 /Users/pauliyaji/Herd/powerhouse/vendor/laravel/framework/src/Illuminate/Routing/Middleware/SubstituteBindings.php(50): Illuminate\\Pipeline\\Pipeline->{closure:Illuminate\\Pipeline\\Pipeline::prepareDestination():178}(Object(Illuminate\\Http\\Request))
#6 /Users/pauliyaji/Herd/powerhouse/vendor/laravel/framework/src/Illuminate/Pipeline/Pipeline.php(219): Illuminate\\Routing\\Middleware\\SubstituteBindings->handle(Object(Illuminate\\Http\\Request), Object(Closure))
#7 /Users/pauliyaji/Herd/powerhouse/vendor/laravel/framework/src/Illuminate/Routing/Middleware/ThrottleRequests.php(166): Illuminate\\Pipeline\\Pipeline->{closure:{closure:Illuminate\\Pipeline\\Pipeline::carry():194}:195}(Object(Illuminate\\Http\\Request))
#8 /Users/pauliyaji/Herd/powerhouse/vendor/laravel/framework/src/Illuminate/Routing/Middleware/ThrottleRequests.php(129): Illuminate\\Routing\\Middleware\\ThrottleRequests->handleRequest(Object(Illuminate\\Http\\Request), Object(Closure), Array)
#9 /Users/pauliyaji/Herd/powerhouse/vendor/laravel/framework/src/Illuminate/Routing/Middleware/ThrottleRequests.php(90): Illuminate\\Routing\\Middleware\\ThrottleRequests->handleRequestUsingNamedLimiter(Object(Illuminate\\Http\\Request), Object(Closure), 'pdf-heavy', Object(Closure))
#10 /Users/pauliyaji/Herd/powerhouse/vendor/laravel/framework/src/Illuminate/Pipeline/Pipeline.php(219): Illuminate\\Routing\\Middleware\\ThrottleRequests->handle(Object(Illuminate\\Http\\Request), Object(Closure), 'pdf-heavy')
#11 /Users/pauliyaji/Herd/powerhouse/vendor/laravel/framework/src/Illuminate/Auth/Middleware/Authenticate.php(63): Illuminate\\Pipeline\\Pipeline->{closure:{closure:Illuminate\\Pipeline\\Pipeline::carry():194}:195}(Object(Illuminate\\Http\\Request))
#12 /Users/pauliyaji/Herd/powerhouse/vendor/laravel/framework/src/Illuminate/Pipeline/Pipeline.php(219): Illuminate\\Auth\\Middleware\\Authenticate->handle(Object(Illuminate\\Http\\Request), Object(Closure))
#13 /Users/pauliyaji/Herd/powerhouse/vendor/laravel/framework/src/Illuminate/Foundation/Http/Middleware/VerifyCsrfToken.php(87): Illuminate\\Pipeline\\Pipeline->{closure:{closure:Illuminate\\Pipeline\\Pipeline::carry():194}:195}(Object(Illuminate\\Http\\Request))
#14 /Users/pauliyaji/Herd/powerhouse/vendor/laravel/framework/src/Illuminate/Pipeline/Pipeline.php(219): Illuminate\\Foundation\\Http\\Middleware\\VerifyCsrfToken->handle(Object(Illuminate\\Http\\Request), Object(Closure))
#15 /Users/pauliyaji/Herd/powerhouse/vendor/laravel/framework/src/Illuminate/View/Middleware/ShareErrorsFromSession.php(48): Illuminate\\Pipeline\\Pipeline->{closure:{closure:Illuminate\\Pipeline\\Pipeline::carry():194}:195}(Object(Illuminate\\Http\\Request))
#16 /Users/pauliyaji/Herd/powerhouse/vendor/laravel/framework/src/Illuminate/Pipeline/Pipeline.php(219): Illuminate\\View\\Middleware\\ShareErrorsFromSession->handle(Object(Illuminate\\Http\\Request), Object(Closure))
#17 /Users/pauliyaji/Herd/powerhouse/vendor/laravel/framework/src/Illuminate/Session/Middleware/StartSession.php(120): Illuminate\\Pipeline\\Pipeline->{closure:{closure:Illuminate\\Pipeline\\Pipeline::carry():194}:195}(Object(Illuminate\\Http\\Request))
#18 /Users/pauliyaji/Herd/powerhouse/vendor/laravel/framework/src/Illuminate/Session/Middleware/StartSession.php(63): Illuminate\\Session\\Middleware\\StartSession->handleStatefulRequest(Object(Illuminate\\Http\\Request), Object(Illuminate\\Session\\Store), Object(Closure))
#19 /Users/pauliyaji/Herd/powerhouse/vendor/laravel/framework/src/Illuminate/Pipeline/Pipeline.php(219): Illuminate\\Session\\Middleware\\StartSession->handle(Object(Illuminate\\Http\\Request), Object(Closure))
#20 /Users/pauliyaji/Herd/powerhouse/vendor/laravel/framework/src/Illuminate/Cookie/Middleware/AddQueuedCookiesToResponse.php(36): Illuminate\\Pipeline\\Pipeline->{closure:{closure:Illuminate\\Pipeline\\Pipeline::carry():194}:195}(Object(Illuminate\\Http\\Request))
#21 /Users/pauliyaji/Herd/powerhouse/vendor/laravel/framework/src/Illuminate/Pipeline/Pipeline.php(219): Illuminate\\Cookie\\Middleware\\AddQueuedCookiesToResponse->handle(Object(Illuminate\\Http\\Request), Object(Closure))
#22 /Users/pauliyaji/Herd/powerhouse/vendor/laravel/framework/src/Illuminate/Cookie/Middleware/EncryptCookies.php(74): Illuminate\\Pipeline\\Pipeline->{closure:{closure:Illuminate\\Pipeline\\Pipeline::carry():194}:195}(Object(Illuminate\\Http\\Request))
#23 /Users/pauliyaji/Herd/powerhouse/vendor/laravel/framework/src/Illuminate/Pipeline/Pipeline.php(219): Illuminate\\Cookie\\Middleware\\EncryptCookies->handle(Object(Illuminate\\Http\\Request), Object(Closure))
#24 /Users/pauliyaji/Herd/powerhouse/vendor/laravel/framework/src/Illuminate/Pipeline/Pipeline.php(137): Illuminate\\Pipeline\\Pipeline->{closure:{closure:Illuminate\\Pipeline\\Pipeline::carry():194}:195}(Object(Illuminate\\Http\\Request))
#25 /Users/pauliyaji/Herd/powerhouse/vendor/laravel/framework/src/Illuminate/Routing/Router.php(821): Illuminate\\Pipeline\\Pipeline->then(Object(Closure))
#26 /Users/pauliyaji/Herd/powerhouse/vendor/laravel/framework/src/Illuminate/Routing/Router.php(800): Illuminate\\Routing\\Router->runRouteWithinStack(Object(Illuminate\\Routing\\Route), Object(Illuminate\\Http\\Request))
#27 /Users/pauliyaji/Herd/powerhouse/vendor/laravel/framework/src/Illuminate/Routing/Router.php(764): Illuminate\\Routing\\Router->runRoute(Object(Illuminate\\Http\\Request), Object(Illuminate\\Routing\\Route))
#28 /Users/pauliyaji/Herd/powerhouse/vendor/laravel/framework/src/Illuminate/Routing/Router.php(753): Illuminate\\Routing\\Router->dispatchToRoute(Object(Illuminate\\Http\\Request))
#29 /Users/pauliyaji/Herd/powerhouse/vendor/laravel/framework/src/Illuminate/Foundation/Http/Kernel.php(200): Illuminate\\Routing\\Router->dispatch(Object(Illuminate\\Http\\Request))
#30 /Users/pauliyaji/Herd/powerhouse/vendor/laravel/framework/src/Illuminate/Pipeline/Pipeline.php(180): Illuminate\\Foundation\\Http\\Kernel->{closure:Illuminate\\Foundation\\Http\\Kernel::dispatchToRouter():197}(Object(Illuminate\\Http\\Request))
#31 /Users/pauliyaji/Herd/powerhouse/vendor/livewire/livewire/src/Features/SupportDisablingBackButtonCache/DisableBackButtonCacheMiddleware.php(19): Illuminate\\Pipeline\\Pipeline->{closure:Illuminate\\Pipeline\\Pipeline::prepareDestination():178}(Object(Illuminate\\Http\\Request))
#32 /Users/pauliyaji/Herd/powerhouse/vendor/laravel/framework/src/Illuminate/Pipeline/Pipeline.php(219): Livewire\\Features\\SupportDisablingBackButtonCache\\DisableBackButtonCacheMiddleware->handle(Object(Illuminate\\Http\\Request), Object(Closure))
#33 /Users/pauliyaji/Herd/powerhouse/vendor/laravel/framework/src/Illuminate/Foundation/Http/Middleware/TransformsRequest.php(21): Illuminate\\Pipeline\\Pipeline->{closure:{closure:Illuminate\\Pipeline\\Pipeline::carry():194}:195}(Object(Illuminate\\Http\\Request))
#34 /Users/pauliyaji/Herd/powerhouse/vendor/laravel/framework/src/Illuminate/Foundation/Http/Middleware/ConvertEmptyStringsToNull.php(31): Illuminate\\Foundation\\Http\\Middleware\\TransformsRequest->handle(Object(Illuminate\\Http\\Request), Object(Closure))
#35 /Users/pauliyaji/Herd/powerhouse/vendor/laravel/framework/src/Illuminate/Pipeline/Pipeline.php(219): Illuminate\\Foundation\\Http\\Middleware\\ConvertEmptyStringsToNull->handle(Object(Illuminate\\Http\\Request), Object(Closure))
#36 /Users/pauliyaji/Herd/powerhouse/vendor/laravel/framework/src/Illuminate/Foundation/Http/Middleware/TransformsRequest.php(21): Illuminate\\Pipeline\\Pipeline->{closure:{closure:Illuminate\\Pipeline\\Pipeline::carry():194}:195}(Object(Illuminate\\Http\\Request))
#37 /Users/pauliyaji/Herd/powerhouse/vendor/laravel/framework/src/Illuminate/Foundation/Http/Middleware/TrimStrings.php(51): Illuminate\\Foundation\\Http\\Middleware\\TransformsRequest->handle(Object(Illuminate\\Http\\Request), Object(Closure))
#38 /Users/pauliyaji/Herd/powerhouse/vendor/laravel/framework/src/Illuminate/Pipeline/Pipeline.php(219): Illuminate\\Foundation\\Http\\Middleware\\TrimStrings->handle(Object(Illuminate\\Http\\Request), Object(Closure))
#39 /Users/pauliyaji/Herd/powerhouse/vendor/laravel/framework/src/Illuminate/Http/Middleware/ValidatePostSize.php(27): Illuminate\\Pipeline\\Pipeline->{closure:{closure:Illuminate\\Pipeline\\Pipeline::carry():194}:195}(Object(Illuminate\\Http\\Request))
#40 /Users/pauliyaji/Herd/powerhouse/vendor/laravel/framework/src/Illuminate/Pipeline/Pipeline.php(219): Illuminate\\Http\\Middleware\\ValidatePostSize->handle(Object(Illuminate\\Http\\Request), Object(Closure))
#41 /Users/pauliyaji/Herd/powerhouse/vendor/laravel/framework/src/Illuminate/Foundation/Http/Middleware/PreventRequestsDuringMaintenance.php(109): Illuminate\\Pipeline\\Pipeline->{closure:{closure:Illuminate\\Pipeline\\Pipeline::carry():194}:195}(Object(Illuminate\\Http\\Request))
#42 /Users/pauliyaji/Herd/powerhouse/vendor/laravel/framework/src/Illuminate/Pipeline/Pipeline.php(219): Illuminate\\Foundation\\Http\\Middleware\\PreventRequestsDuringMaintenance->handle(Object(Illuminate\\Http\\Request), Object(Closure))
#43 /Users/pauliyaji/Herd/powerhouse/vendor/laravel/framework/src/Illuminate/Http/Middleware/HandleCors.php(61): Illuminate\\Pipeline\\Pipeline->{closure:{closure:Illuminate\\Pipeline\\Pipeline::carry():194}:195}(Object(Illuminate\\Http\\Request))
#44 /Users/pauliyaji/Herd/powerhouse/vendor/laravel/framework/src/Illuminate/Pipeline/Pipeline.php(219): Illuminate\\Http\\Middleware\\HandleCors->handle(Object(Illuminate\\Http\\Request), Object(Closure))
#45 /Users/pauliyaji/Herd/powerhouse/vendor/laravel/framework/src/Illuminate/Http/Middleware/TrustProxies.php(58): Illuminate\\Pipeline\\Pipeline->{closure:{closure:Illuminate\\Pipeline\\Pipeline::carry():194}:195}(Object(Illuminate\\Http\\Request))
#46 /Users/pauliyaji/Herd/powerhouse/vendor/laravel/framework/src/Illuminate/Pipeline/Pipeline.php(219): Illuminate\\Http\\Middleware\\TrustProxies->handle(Object(Illuminate\\Http\\Request), Object(Closure))
#47 /Users/pauliyaji/Herd/powerhouse/vendor/laravel/framework/src/Illuminate/Foundation/Http/Middleware/InvokeDeferredCallbacks.php(22): Illuminate\\Pipeline\\Pipeline->{closure:{closure:Illuminate\\Pipeline\\Pipeline::carry():194}:195}(Object(Illuminate\\Http\\Request))
#48 /Users/pauliyaji/Herd/powerhouse/vendor/laravel/framework/src/Illuminate/Pipeline/Pipeline.php(219): Illuminate\\Foundation\\Http\\Middleware\\InvokeDeferredCallbacks->handle(Object(Illuminate\\Http\\Request), Object(Closure))
#49 /Users/pauliyaji/Herd/powerhouse/vendor/laravel/framework/src/Illuminate/Http/Middleware/ValidatePathEncoding.php(26): Illuminate\\Pipeline\\Pipeline->{closure:{closure:Illuminate\\Pipeline\\Pipeline::carry():194}:195}(Object(Illuminate\\Http\\Request))
#50 /Users/pauliyaji/Herd/powerhouse/vendor/laravel/framework/src/Illuminate/Pipeline/Pipeline.php(219): Illuminate\\Http\\Middleware\\ValidatePathEncoding->handle(Object(Illuminate\\Http\\Request), Object(Closure))
#51 /Users/pauliyaji/Herd/powerhouse/vendor/laravel/framework/src/Illuminate/Pipeline/Pipeline.php(137): Illuminate\\Pipeline\\Pipeline->{closure:{closure:Illuminate\\Pipeline\\Pipeline::carry():194}:195}(Object(Illuminate\\Http\\Request))
#52 /Users/pauliyaji/Herd/powerhouse/vendor/laravel/framework/src/Illuminate/Foundation/Http/Kernel.php(175): Illuminate\\Pipeline\\Pipeline->then(Object(Closure))
#53 /Users/pauliyaji/Herd/powerhouse/vendor/laravel/framework/src/Illuminate/Foundation/Http/Kernel.php(144): Illuminate\\Foundation\\Http\\Kernel->sendRequestThroughRouter(Object(Illuminate\\Http\\Request))
#54 /Users/pauliyaji/Herd/powerhouse/vendor/laravel/framework/src/Illuminate/Foundation/Testing/Concerns/MakesHttpRequests.php(607): Illuminate\\Foundation\\Http\\Kernel->handle(Object(Illuminate\\Http\\Request))
#55 /Users/pauliyaji/Herd/powerhouse/vendor/laravel/framework/src/Illuminate/Foundation/Testing/Concerns/MakesHttpRequests.php(397): Illuminate\\Foundation\\Testing\\TestCase->call('POST', 'http://powerhou...', Array, Array, Array, Array)
#56 /Users/pauliyaji/Herd/powerhouse/tests/Feature/PdfOperationsTest.php(238): Illuminate\\Foundation\\Testing\\TestCase->post('http://powerhou...', Array)
#57 /Users/pauliyaji/Herd/powerhouse/vendor/pestphp/pest/src/Factories/TestCaseMethodFactory.php(177): P\\Tests\\Feature\\PdfOperationsTest->{closure:/Users/pauliyaji/Herd/powerhouse/tests/Feature/PdfOperationsTest.php:196}()
#58 [internal function]: P\\Tests\\Feature\\PdfOperationsTest->{closure:Pest\\Factories\\TestCaseMethodFactory::getClosure():167}()
#59 /Users/pauliyaji/Herd/powerhouse/vendor/pestphp/pest/src/Concerns/Testable.php(576): call_user_func_array(Object(Closure), Array)
#60 /Users/pauliyaji/Herd/powerhouse/vendor/pestphp/pest/src/Support/ExceptionTrace.php(26): P\\Tests\\Feature\\PdfOperationsTest->{closure:Pest\\Concerns\\Testable::__callClosure():576}()
#61 /Users/pauliyaji/Herd/powerhouse/vendor/pestphp/pest/src/Concerns/Testable.php(576): Pest\\Support\\ExceptionTrace::ensure(Object(Closure))
#62 /Users/pauliyaji/Herd/powerhouse/vendor/pestphp/pest/src/Concerns/Testable.php(403): P\\Tests\\Feature\\PdfOperationsTest->__callClosure(Object(Closure), Array)
#63 /Users/pauliyaji/Herd/powerhouse/vendor/pestphp/pest/src/Factories/TestCaseFactory.php(175) : eval()'d code(71): P\\Tests\\Feature\\PdfOperationsTest->__runTest(Object(Closure))
#64 /Users/pauliyaji/Herd/powerhouse/vendor/phpunit/phpunit/src/Framework/TestCase.php(1310): P\\Tests\\Feature\\PdfOperationsTest->__pest_evaluable_it_signs_a_document_with_an_optional_logo()
#65 /Users/pauliyaji/Herd/powerhouse/vendor/phpunit/phpunit/src/Framework/TestCase.php(1344): PHPUnit\\Framework\\TestCase->invokeTestMethod('__pest_evaluabl...', Array)
#66 /Users/pauliyaji/Herd/powerhouse/vendor/phpunit/phpunit/src/Framework/TestCase.php(520): PHPUnit\\Framework\\TestCase->runTest()
#67 /Users/pauliyaji/Herd/powerhouse/vendor/phpunit/phpunit/src/Framework/TestRunner/TestRunner.php(99): PHPUnit\\Framework\\TestCase->runBare()
#68 /Users/pauliyaji/Herd/powerhouse/vendor/phpunit/phpunit/src/Framework/TestCase.php(360): PHPUnit\\Framework\\TestRunner->run(Object(P\\Tests\\Feature\\PdfOperationsTest))
#69 /Users/pauliyaji/Herd/powerhouse/vendor/phpunit/phpunit/src/Framework/TestSuite.php(374): PHPUnit\\Framework\\TestCase->run()
#70 /Users/pauliyaji/Herd/powerhouse/vendor/phpunit/phpunit/src/Framework/TestSuite.php(374): PHPUnit\\Framework\\TestSuite->run()
#71 /Users/pauliyaji/Herd/powerhouse/vendor/phpunit/phpunit/src/Framework/TestSuite.php(374): PHPUnit\\Framework\\TestSuite->run()
#72 /Users/pauliyaji/Herd/powerhouse/vendor/phpunit/phpunit/src/TextUI/TestRunner.php(64): PHPUnit\\Framework\\TestSuite->run()
#73 /Users/pauliyaji/Herd/powerhouse/vendor/phpunit/phpunit/src/TextUI/Application.php(229): PHPUnit\\TextUI\\TestRunner->run(Object(PHPUnit\\TextUI\\Configuration\\Configuration), Object(PHPUnit\\Runner\\ResultCache\\DefaultResultCache), Object(PHPUnit\\Framework\\TestSuite))
#74 /Users/pauliyaji/Herd/powerhouse/vendor/pestphp/pest/src/Kernel.php(117): PHPUnit\\TextUI\\Application->run(Array)
#75 /Users/pauliyaji/Herd/powerhouse/vendor/pestphp/pest/bin/pest(207): Pest\\Kernel->handle(Array, Array)
#76 /Users/pauliyaji/Herd/powerhouse/vendor/pestphp/pest/bin/pest(215): {closure:/Users/pauliyaji/Herd/powerhouse/vendor/pestphp/pest/bin/pest:21}()
#77 {main}
"} 
[2026-07-30 02:55:49] testing.ERROR: Call to undefined method App\Http\Controllers\SignatureController::authorize() {"userId":1,"exception":"[object] (Error(code: 0): Call to undefined method App\\Http\\Controllers\\SignatureController::authorize() at /Users/pauliyaji/Herd/powerhouse/app/Http/Controllers/SignatureController.php:26)
[stacktrace]
#0 /Users/pauliyaji/Herd/powerhouse/vendor/laravel/framework/src/Illuminate/Routing/ControllerDispatcher.php(46): App\\Http\\Controllers\\SignatureController->store(Object(App\\Http\\Requests\\SignPdfRequest), Object(App\\Models\\Document))
#1 /Users/pauliyaji/Herd/powerhouse/vendor/laravel/framework/src/Illuminate/Routing/Route.php(265): Illuminate\\Routing\\ControllerDispatcher->dispatch(Object(Illuminate\\Routing\\Route), Object(App\\Http\\Controllers\\SignatureController), 'store')
#2 /Users/pauliyaji/Herd/powerhouse/vendor/laravel/framework/src/Illuminate/Routing/Route.php(211): Illuminate\\Routing\\Route->runController()
#3 /Users/pauliyaji/Herd/powerhouse/vendor/laravel/framework/src/Illuminate/Routing/Router.php(822): Illuminate\\Routing\\Route->run()
#4 /Users/pauliyaji/Herd/powerhouse/vendor/laravel/framework/src/Illuminate/Pipeline/Pipeline.php(180): Illuminate\\Routing\\Router->{closure:Illuminate\\Routing\\Router::runRouteWithinStack():821}(Object(Illuminate\\Http\\Request))
#5 /Users/pauliyaji/Herd/powerhouse/vendor/laravel/framework/src/Illuminate/Routing/Middleware/SubstituteBindings.php(50): Illuminate\\Pipeline\\Pipeline->{closure:Illuminate\\Pipeline\\Pipeline::prepareDestination():178}(Object(Illuminate\\Http\\Request))
#6 /Users/pauliyaji/Herd/powerhouse/vendor/laravel/framework/src/Illuminate/Pipeline/Pipeline.php(219): Illuminate\\Routing\\Middleware\\SubstituteBindings->handle(Object(Illuminate\\Http\\Request), Object(Closure))
#7 /Users/pauliyaji/Herd/powerhouse/vendor/laravel/framework/src/Illuminate/Routing/Middleware/ThrottleRequests.php(166): Illuminate\\Pipeline\\Pipeline->{closure:{closure:Illuminate\\Pipeline\\Pipeline::carry():194}:195}(Object(Illuminate\\Http\\Request))
#8 /Users/pauliyaji/Herd/powerhouse/vendor/laravel/framework/src/Illuminate/Routing/Middleware/ThrottleRequests.php(129): Illuminate\\Routing\\Middleware\\ThrottleRequests->handleRequest(Object(Illuminate\\Http\\Request), Object(Closure), Array)
#9 /Users/pauliyaji/Herd/powerhouse/vendor/laravel/framework/src/Illuminate/Routing/Middleware/ThrottleRequests.php(90): Illuminate\\Routing\\Middleware\\ThrottleRequests->handleRequestUsingNamedLimiter(Object(Illuminate\\Http\\Request), Object(Closure), 'pdf-heavy', Object(Closure))
#10 /Users/pauliyaji/Herd/powerhouse/vendor/laravel/framework/src/Illuminate/Pipeline/Pipeline.php(219): Illuminate\\Routing\\Middleware\\ThrottleRequests->handle(Object(Illuminate\\Http\\Request), Object(Closure), 'pdf-heavy')
#11 /Users/pauliyaji/Herd/powerhouse/vendor/laravel/framework/src/Illuminate/Auth/Middleware/Authenticate.php(63): Illuminate\\Pipeline\\Pipeline->{closure:{closure:Illuminate\\Pipeline\\Pipeline::carry():194}:195}(Object(Illuminate\\Http\\Request))
#12 /Users/pauliyaji/Herd/powerhouse/vendor/laravel/framework/src/Illuminate/Pipeline/Pipeline.php(219): Illuminate\\Auth\\Middleware\\Authenticate->handle(Object(Illuminate\\Http\\Request), Object(Closure))
#13 /Users/pauliyaji/Herd/powerhouse/vendor/laravel/framework/src/Illuminate/Foundation/Http/Middleware/VerifyCsrfToken.php(87): Illuminate\\Pipeline\\Pipeline->{closure:{closure:Illuminate\\Pipeline\\Pipeline::carry():194}:195}(Object(Illuminate\\Http\\Request))
#14 /Users/pauliyaji/Herd/powerhouse/vendor/laravel/framework/src/Illuminate/Pipeline/Pipeline.php(219): Illuminate\\Foundation\\Http\\Middleware\\VerifyCsrfToken->handle(Object(Illuminate\\Http\\Request), Object(Closure))
#15 /Users/pauliyaji/Herd/powerhouse/vendor/laravel/framework/src/Illuminate/View/Middleware/ShareErrorsFromSession.php(48): Illuminate\\Pipeline\\Pipeline->{closure:{closure:Illuminate\\Pipeline\\Pipeline::carry():194}:195}(Object(Illuminate\\Http\\Request))
#16 /Users/pauliyaji/Herd/powerhouse/vendor/laravel/framework/src/Illuminate/Pipeline/Pipeline.php(219): Illuminate\\View\\Middleware\\ShareErrorsFromSession->handle(Object(Illuminate\\Http\\Request), Object(Closure))
#17 /Users/pauliyaji/Herd/powerhouse/vendor/laravel/framework/src/Illuminate/Session/Middleware/StartSession.php(120): Illuminate\\Pipeline\\Pipeline->{closure:{closure:Illuminate\\Pipeline\\Pipeline::carry():194}:195}(Object(Illuminate\\Http\\Request))
#18 /Users/pauliyaji/Herd/powerhouse/vendor/laravel/framework/src/Illuminate/Session/Middleware/StartSession.php(63): Illuminate\\Session\\Middleware\\StartSession->handleStatefulRequest(Object(Illuminate\\Http\\Request), Object(Illuminate\\Session\\Store), Object(Closure))
#19 /Users/pauliyaji/Herd/powerhouse/vendor/laravel/framework/src/Illuminate/Pipeline/Pipeline.php(219): Illuminate\\Session\\Middleware\\StartSession->handle(Object(Illuminate\\Http\\Request), Object(Closure))
#20 /Users/pauliyaji/Herd/powerhouse/vendor/laravel/framework/src/Illuminate/Cookie/Middleware/AddQueuedCookiesToResponse.php(36): Illuminate\\Pipeline\\Pipeline->{closure:{closure:Illuminate\\Pipeline\\Pipeline::carry():194}:195}(Object(Illuminate\\Http\\Request))
#21 /Users/pauliyaji/Herd/powerhouse/vendor/laravel/framework/src/Illuminate/Pipeline/Pipeline.php(219): Illuminate\\Cookie\\Middleware\\AddQueuedCookiesToResponse->handle(Object(Illuminate\\Http\\Request), Object(Closure))
#22 /Users/pauliyaji/Herd/powerhouse/vendor/laravel/framework/src/Illuminate/Cookie/Middleware/EncryptCookies.php(74): Illuminate\\Pipeline\\Pipeline->{closure:{closure:Illuminate\\Pipeline\\Pipeline::carry():194}:195}(Object(Illuminate\\Http\\Request))
#23 /Users/pauliyaji/Herd/powerhouse/vendor/laravel/framework/src/Illuminate/Pipeline/Pipeline.php(219): Illuminate\\Cookie\\Middleware\\EncryptCookies->handle(Object(Illuminate\\Http\\Request), Object(Closure))
#24 /Users/pauliyaji/Herd/powerhouse/vendor/laravel/framework/src/Illuminate/Pipeline/Pipeline.php(137): Illuminate\\Pipeline\\Pipeline->{closure:{closure:Illuminate\\Pipeline\\Pipeline::carry():194}:195}(Object(Illuminate\\Http\\Request))
#25 /Users/pauliyaji/Herd/powerhouse/vendor/laravel/framework/src/Illuminate/Routing/Router.php(821): Illuminate\\Pipeline\\Pipeline->then(Object(Closure))
#26 /Users/pauliyaji/Herd/powerhouse/vendor/laravel/framework/src/Illuminate/Routing/Router.php(800): Illuminate\\Routing\\Router->runRouteWithinStack(Object(Illuminate\\Routing\\Route), Object(Illuminate\\Http\\Request))
#27 /Users/pauliyaji/Herd/powerhouse/vendor/laravel/framework/src/Illuminate/Routing/Router.php(764): Illuminate\\Routing\\Router->runRoute(Object(Illuminate\\Http\\Request), Object(Illuminate\\Routing\\Route))
#28 /Users/pauliyaji/Herd/powerhouse/vendor/laravel/framework/src/Illuminate/Routing/Router.php(753): Illuminate\\Routing\\Router->dispatchToRoute(Object(Illuminate\\Http\\Request))
#29 /Users/pauliyaji/Herd/powerhouse/vendor/laravel/framework/src/Illuminate/Foundation/Http/Kernel.php(200): Illuminate\\Routing\\Router->dispatch(Object(Illuminate\\Http\\Request))
#30 /Users/pauliyaji/Herd/powerhouse/vendor/laravel/framework/src/Illuminate/Pipeline/Pipeline.php(180): Illuminate\\Foundation\\Http\\Kernel->{closure:Illuminate\\Foundation\\Http\\Kernel::dispatchToRouter():197}(Object(Illuminate\\Http\\Request))
#31 /Users/pauliyaji/Herd/powerhouse/vendor/livewire/livewire/src/Features/SupportDisablingBackButtonCache/DisableBackButtonCacheMiddleware.php(19): Illuminate\\Pipeline\\Pipeline->{closure:Illuminate\\Pipeline\\Pipeline::prepareDestination():178}(Object(Illuminate\\Http\\Request))
#32 /Users/pauliyaji/Herd/powerhouse/vendor/laravel/framework/src/Illuminate/Pipeline/Pipeline.php(219): Livewire\\Features\\SupportDisablingBackButtonCache\\DisableBackButtonCacheMiddleware->handle(Object(Illuminate\\Http\\Request), Object(Closure))
#33 /Users/pauliyaji/Herd/powerhouse/vendor/laravel/framework/src/Illuminate/Foundation/Http/Middleware/TransformsRequest.php(21): Illuminate\\Pipeline\\Pipeline->{closure:{closure:Illuminate\\Pipeline\\Pipeline::carry():194}:195}(Object(Illuminate\\Http\\Request))
#34 /Users/pauliyaji/Herd/powerhouse/vendor/laravel/framework/src/Illuminate/Foundation/Http/Middleware/ConvertEmptyStringsToNull.php(31): Illuminate\\Foundation\\Http\\Middleware\\TransformsRequest->handle(Object(Illuminate\\Http\\Request), Object(Closure))
#35 /Users/pauliyaji/Herd/powerhouse/vendor/laravel/framework/src/Illuminate/Pipeline/Pipeline.php(219): Illuminate\\Foundation\\Http\\Middleware\\ConvertEmptyStringsToNull->handle(Object(Illuminate\\Http\\Request), Object(Closure))
#36 /Users/pauliyaji/Herd/powerhouse/vendor/laravel/framework/src/Illuminate/Foundation/Http/Middleware/TransformsRequest.php(21): Illuminate\\Pipeline\\Pipeline->{closure:{closure:Illuminate\\Pipeline\\Pipeline::carry():194}:195}(Object(Illuminate\\Http\\Request))
#37 /Users/pauliyaji/Herd/powerhouse/vendor/laravel/framework/src/Illuminate/Foundation/Http/Middleware/TrimStrings.php(51): Illuminate\\Foundation\\Http\\Middleware\\TransformsRequest->handle(Object(Illuminate\\Http\\Request), Object(Closure))
#38 /Users/pauliyaji/Herd/powerhouse/vendor/laravel/framework/src/Illuminate/Pipeline/Pipeline.php(219): Illuminate\\Foundation\\Http\\Middleware\\TrimStrings->handle(Object(Illuminate\\Http\\Request), Object(Closure))
#39 /Users/pauliyaji/Herd/powerhouse/vendor/laravel/framework/src/Illuminate/Http/Middleware/ValidatePostSize.php(27): Illuminate\\Pipeline\\Pipeline->{closure:{closure:Illuminate\\Pipeline\\Pipeline::carry():194}:195}(Object(Illuminate\\Http\\Request))
#40 /Users/pauliyaji/Herd/powerhouse/vendor/laravel/framework/src/Illuminate/Pipeline/Pipeline.php(219): Illuminate\\Http\\Middleware\\ValidatePostSize->handle(Object(Illuminate\\Http\\Request), Object(Closure))
#41 /Users/pauliyaji/Herd/powerhouse/vendor/laravel/framework/src/Illuminate/Foundation/Http/Middleware/PreventRequestsDuringMaintenance.php(109): Illuminate\\Pipeline\\Pipeline->{closure:{closure:Illuminate\\Pipeline\\Pipeline::carry():194}:195}(Object(Illuminate\\Http\\Request))
#42 /Users/pauliyaji/Herd/powerhouse/vendor/laravel/framework/src/Illuminate/Pipeline/Pipeline.php(219): Illuminate\\Foundation\\Http\\Middleware\\PreventRequestsDuringMaintenance->handle(Object(Illuminate\\Http\\Request), Object(Closure))
#43 /Users/pauliyaji/Herd/powerhouse/vendor/laravel/framework/src/Illuminate/Http/Middleware/HandleCors.php(61): Illuminate\\Pipeline\\Pipeline->{closure:{closure:Illuminate\\Pipeline\\Pipeline::carry():194}:195}(Object(Illuminate\\Http\\Request))
#44 /Users/pauliyaji/Herd/powerhouse/vendor/laravel/framework/src/Illuminate/Pipeline/Pipeline.php(219): Illuminate\\Http\\Middleware\\HandleCors->handle(Object(Illuminate\\Http\\Request), Object(Closure))
#45 /Users/pauliyaji/Herd/powerhouse/vendor/laravel/framework/src/Illuminate/Http/Middleware/TrustProxies.php(58): Illuminate\\Pipeline\\Pipeline->{closure:{closure:Illuminate\\Pipeline\\Pipeline::carry():194}:195}(Object(Illuminate\\Http\\Request))
#46 /Users/pauliyaji/Herd/powerhouse/vendor/laravel/framework/src/Illuminate/Pipeline/Pipeline.php(219): Illuminate\\Http\\Middleware\\TrustProxies->handle(Object(Illuminate\\Http\\Request), Object(Closure))
#47 /Users/pauliyaji/Herd/powerhouse/vendor/laravel/framework/src/Illuminate/Foundation/Http/Middleware/InvokeDeferredCallbacks.php(22): Illuminate\\Pipeline\\Pipeline->{closure:{closure:Illuminate\\Pipeline\\Pipeline::carry():194}:195}(Object(Illuminate\\Http\\Request))
#48 /Users/pauliyaji/Herd/powerhouse/vendor/laravel/framework/src/Illuminate/Pipeline/Pipeline.php(219): Illuminate\\Foundation\\Http\\Middleware\\InvokeDeferredCallbacks->handle(Object(Illuminate\\Http\\Request), Object(Closure))
#49 /Users/pauliyaji/Herd/powerhouse/vendor/laravel/framework/src/Illuminate/Http/Middleware/ValidatePathEncoding.php(26): Illuminate\\Pipeline\\Pipeline->{closure:{closure:Illuminate\\Pipeline\\Pipeline::carry():194}:195}(Object(Illuminate\\Http\\Request))
#50 /Users/pauliyaji/Herd/powerhouse/vendor/laravel/framework/src/Illuminate/Pipeline/Pipeline.php(219): Illuminate\\Http\\Middleware\\ValidatePathEncoding->handle(Object(Illuminate\\Http\\Request), Object(Closure))
#51 /Users/pauliyaji/Herd/powerhouse/vendor/laravel/framework/src/Illuminate/Pipeline/Pipeline.php(137): Illuminate\\Pipeline\\Pipeline->{closure:{closure:Illuminate\\Pipeline\\Pipeline::carry():194}:195}(Object(Illuminate\\Http\\Request))
#52 /Users/pauliyaji/Herd/powerhouse/vendor/laravel/framework/src/Illuminate/Foundation/Http/Kernel.php(175): Illuminate\\Pipeline\\Pipeline->then(Object(Closure))
#53 /Users/pauliyaji/Herd/powerhouse/vendor/laravel/framework/src/Illuminate/Foundation/Http/Kernel.php(144): Illuminate\\Foundation\\Http\\Kernel->sendRequestThroughRouter(Object(Illuminate\\Http\\Request))
#54 /Users/pauliyaji/Herd/powerhouse/vendor/laravel/framework/src/Illuminate/Foundation/Testing/Concerns/MakesHttpRequests.php(607): Illuminate\\Foundation\\Http\\Kernel->handle(Object(Illuminate\\Http\\Request))
#55 /Users/pauliyaji/Herd/powerhouse/vendor/laravel/framework/src/Illuminate/Foundation/Testing/Concerns/MakesHttpRequests.php(397): Illuminate\\Foundation\\Testing\\TestCase->call('POST', 'http://powerhou...', Array, Array, Array, Array)
#56 /Users/pauliyaji/Herd/powerhouse/tests/Feature/PdfOperationsTest.php(293): Illuminate\\Foundation\\Testing\\TestCase->post('http://powerhou...', Array)
#57 /Users/pauliyaji/Herd/powerhouse/vendor/pestphp/pest/src/Factories/TestCaseMethodFactory.php(177): P\\Tests\\Feature\\PdfOperationsTest->{closure:/Users/pauliyaji/Herd/powerhouse/tests/Feature/PdfOperationsTest.php:261}()
#58 [internal function]: P\\Tests\\Feature\\PdfOperationsTest->{closure:Pest\\Factories\\TestCaseMethodFactory::getClosure():167}()
#59 /Users/pauliyaji/Herd/powerhouse/vendor/pestphp/pest/src/Concerns/Testable.php(576): call_user_func_array(Object(Closure), Array)
#60 /Users/pauliyaji/Herd/powerhouse/vendor/pestphp/pest/src/Support/ExceptionTrace.php(26): P\\Tests\\Feature\\PdfOperationsTest->{closure:Pest\\Concerns\\Testable::__callClosure():576}()
#61 /Users/pauliyaji/Herd/powerhouse/vendor/pestphp/pest/src/Concerns/Testable.php(576): Pest\\Support\\ExceptionTrace::ensure(Object(Closure))
#62 /Users/pauliyaji/Herd/powerhouse/vendor/pestphp/pest/src/Concerns/Testable.php(403): P\\Tests\\Feature\\PdfOperationsTest->__callClosure(Object(Closure), Array)
#63 /Users/pauliyaji/Herd/powerhouse/vendor/pestphp/pest/src/Factories/TestCaseFactory.php(175) : eval()'d code(80): P\\Tests\\Feature\\PdfOperationsTest->__runTest(Object(Closure))
#64 /Users/pauliyaji/Herd/powerhouse/vendor/phpunit/phpunit/src/Framework/TestCase.php(1310): P\\Tests\\Feature\\PdfOperationsTest->__pest_evaluable_it_signs_with_typed_text_only()
#65 /Users/pauliyaji/Herd/powerhouse/vendor/phpunit/phpunit/src/Framework/TestCase.php(1344): PHPUnit\\Framework\\TestCase->invokeTestMethod('__pest_evaluabl...', Array)
#66 /Users/pauliyaji/Herd/powerhouse/vendor/phpunit/phpunit/src/Framework/TestCase.php(520): PHPUnit\\Framework\\TestCase->runTest()
#67 /Users/pauliyaji/Herd/powerhouse/vendor/phpunit/phpunit/src/Framework/TestRunner/TestRunner.php(99): PHPUnit\\Framework\\TestCase->runBare()
#68 /Users/pauliyaji/Herd/powerhouse/vendor/phpunit/phpunit/src/Framework/TestCase.php(360): PHPUnit\\Framework\\TestRunner->run(Object(P\\Tests\\Feature\\PdfOperationsTest))
#69 /Users/pauliyaji/Herd/powerhouse/vendor/phpunit/phpunit/src/Framework/TestSuite.php(374): PHPUnit\\Framework\\TestCase->run()
#70 /Users/pauliyaji/Herd/powerhouse/vendor/phpunit/phpunit/src/Framework/TestSuite.php(374): PHPUnit\\Framework\\TestSuite->run()
#71 /Users/pauliyaji/Herd/powerhouse/vendor/phpunit/phpunit/src/Framework/TestSuite.php(374): PHPUnit\\Framework\\TestSuite->run()
#72 /Users/pauliyaji/Herd/powerhouse/vendor/phpunit/phpunit/src/TextUI/TestRunner.php(64): PHPUnit\\Framework\\TestSuite->run()
#73 /Users/pauliyaji/Herd/powerhouse/vendor/phpunit/phpunit/src/TextUI/Application.php(229): PHPUnit\\TextUI\\TestRunner->run(Object(PHPUnit\\TextUI\\Configuration\\Configuration), Object(PHPUnit\\Runner\\ResultCache\\DefaultResultCache), Object(PHPUnit\\Framework\\TestSuite))
#74 /Users/pauliyaji/Herd/powerhouse/vendor/pestphp/pest/src/Kernel.php(117): PHPUnit\\TextUI\\Application->run(Array)
#75 /Users/pauliyaji/Herd/powerhouse/vendor/pestphp/pest/bin/pest(207): Pest\\Kernel->handle(Array, Array)
#76 /Users/pauliyaji/Herd/powerhouse/vendor/pestphp/pest/bin/pest(215): {closure:/Users/pauliyaji/Herd/powerhouse/vendor/pestphp/pest/bin/pest:21}()
#77 {main}
"} 
[2026-07-30 02:55:49] testing.ERROR: Call to undefined method App\Http\Controllers\SignatureController::authorize() {"userId":1,"exception":"[object] (Error(code: 0): Call to undefined method App\\Http\\Controllers\\SignatureController::authorize() at /Users/pauliyaji/Herd/powerhouse/app/Http/Controllers/SignatureController.php:26)
[stacktrace]
#0 /Users/pauliyaji/Herd/powerhouse/vendor/laravel/framework/src/Illuminate/Routing/ControllerDispatcher.php(46): App\\Http\\Controllers\\SignatureController->store(Object(App\\Http\\Requests\\SignPdfRequest), Object(App\\Models\\Document))
#1 /Users/pauliyaji/Herd/powerhouse/vendor/laravel/framework/src/Illuminate/Routing/Route.php(265): Illuminate\\Routing\\ControllerDispatcher->dispatch(Object(Illuminate\\Routing\\Route), Object(App\\Http\\Controllers\\SignatureController), 'store')
#2 /Users/pauliyaji/Herd/powerhouse/vendor/laravel/framework/src/Illuminate/Routing/Route.php(211): Illuminate\\Routing\\Route->runController()
#3 /Users/pauliyaji/Herd/powerhouse/vendor/laravel/framework/src/Illuminate/Routing/Router.php(822): Illuminate\\Routing\\Route->run()
#4 /Users/pauliyaji/Herd/powerhouse/vendor/laravel/framework/src/Illuminate/Pipeline/Pipeline.php(180): Illuminate\\Routing\\Router->{closure:Illuminate\\Routing\\Router::runRouteWithinStack():821}(Object(Illuminate\\Http\\Request))
#5 /Users/pauliyaji/Herd/powerhouse/vendor/laravel/framework/src/Illuminate/Routing/Middleware/SubstituteBindings.php(50): Illuminate\\Pipeline\\Pipeline->{closure:Illuminate\\Pipeline\\Pipeline::prepareDestination():178}(Object(Illuminate\\Http\\Request))
#6 /Users/pauliyaji/Herd/powerhouse/vendor/laravel/framework/src/Illuminate/Pipeline/Pipeline.php(219): Illuminate\\Routing\\Middleware\\SubstituteBindings->handle(Object(Illuminate\\Http\\Request), Object(Closure))
#7 /Users/pauliyaji/Herd/powerhouse/vendor/laravel/framework/src/Illuminate/Routing/Middleware/ThrottleRequests.php(166): Illuminate\\Pipeline\\Pipeline->{closure:{closure:Illuminate\\Pipeline\\Pipeline::carry():194}:195}(Object(Illuminate\\Http\\Request))
#8 /Users/pauliyaji/Herd/powerhouse/vendor/laravel/framework/src/Illuminate/Routing/Middleware/ThrottleRequests.php(129): Illuminate\\Routing\\Middleware\\ThrottleRequests->handleRequest(Object(Illuminate\\Http\\Request), Object(Closure), Array)
#9 /Users/pauliyaji/Herd/powerhouse/vendor/laravel/framework/src/Illuminate/Routing/Middleware/ThrottleRequests.php(90): Illuminate\\Routing\\Middleware\\ThrottleRequests->handleRequestUsingNamedLimiter(Object(Illuminate\\Http\\Request), Object(Closure), 'pdf-heavy', Object(Closure))
#10 /Users/pauliyaji/Herd/powerhouse/vendor/laravel/framework/src/Illuminate/Pipeline/Pipeline.php(219): Illuminate\\Routing\\Middleware\\ThrottleRequests->handle(Object(Illuminate\\Http\\Request), Object(Closure), 'pdf-heavy')
#11 /Users/pauliyaji/Herd/powerhouse/vendor/laravel/framework/src/Illuminate/Auth/Middleware/Authenticate.php(63): Illuminate\\Pipeline\\Pipeline->{closure:{closure:Illuminate\\Pipeline\\Pipeline::carry():194}:195}(Object(Illuminate\\Http\\Request))
#12 /Users/pauliyaji/Herd/powerhouse/vendor/laravel/framework/src/Illuminate/Pipeline/Pipeline.php(219): Illuminate\\Auth\\Middleware\\Authenticate->handle(Object(Illuminate\\Http\\Request), Object(Closure))
#13 /Users/pauliyaji/Herd/powerhouse/vendor/laravel/framework/src/Illuminate/Foundation/Http/Middleware/VerifyCsrfToken.php(87): Illuminate\\Pipeline\\Pipeline->{closure:{closure:Illuminate\\Pipeline\\Pipeline::carry():194}:195}(Object(Illuminate\\Http\\Request))
#14 /Users/pauliyaji/Herd/powerhouse/vendor/laravel/framework/src/Illuminate/Pipeline/Pipeline.php(219): Illuminate\\Foundation\\Http\\Middleware\\VerifyCsrfToken->handle(Object(Illuminate\\Http\\Request), Object(Closure))
#15 /Users/pauliyaji/Herd/powerhouse/vendor/laravel/framework/src/Illuminate/View/Middleware/ShareErrorsFromSession.php(48): Illuminate\\Pipeline\\Pipeline->{closure:{closure:Illuminate\\Pipeline\\Pipeline::carry():194}:195}(Object(Illuminate\\Http\\Request))
#16 /Users/pauliyaji/Herd/powerhouse/vendor/laravel/framework/src/Illuminate/Pipeline/Pipeline.php(219): Illuminate\\View\\Middleware\\ShareErrorsFromSession->handle(Object(Illuminate\\Http\\Request), Object(Closure))
#17 /Users/pauliyaji/Herd/powerhouse/vendor/laravel/framework/src/Illuminate/Session/Middleware/StartSession.php(120): Illuminate\\Pipeline\\Pipeline->{closure:{closure:Illuminate\\Pipeline\\Pipeline::carry():194}:195}(Object(Illuminate\\Http\\Request))
#18 /Users/pauliyaji/Herd/powerhouse/vendor/laravel/framework/src/Illuminate/Session/Middleware/StartSession.php(63): Illuminate\\Session\\Middleware\\StartSession->handleStatefulRequest(Object(Illuminate\\Http\\Request), Object(Illuminate\\Session\\Store), Object(Closure))
#19 /Users/pauliyaji/Herd/powerhouse/vendor/laravel/framework/src/Illuminate/Pipeline/Pipeline.php(219): Illuminate\\Session\\Middleware\\StartSession->handle(Object(Illuminate\\Http\\Request), Object(Closure))
#20 /Users/pauliyaji/Herd/powerhouse/vendor/laravel/framework/src/Illuminate/Cookie/Middleware/AddQueuedCookiesToResponse.php(36): Illuminate\\Pipeline\\Pipeline->{closure:{closure:Illuminate\\Pipeline\\Pipeline::carry():194}:195}(Object(Illuminate\\Http\\Request))
#21 /Users/pauliyaji/Herd/powerhouse/vendor/laravel/framework/src/Illuminate/Pipeline/Pipeline.php(219): Illuminate\\Cookie\\Middleware\\AddQueuedCookiesToResponse->handle(Object(Illuminate\\Http\\Request), Object(Closure))
#22 /Users/pauliyaji/Herd/powerhouse/vendor/laravel/framework/src/Illuminate/Cookie/Middleware/EncryptCookies.php(74): Illuminate\\Pipeline\\Pipeline->{closure:{closure:Illuminate\\Pipeline\\Pipeline::carry():194}:195}(Object(Illuminate\\Http\\Request))
#23 /Users/pauliyaji/Herd/powerhouse/vendor/laravel/framework/src/Illuminate/Pipeline/Pipeline.php(219): Illuminate\\Cookie\\Middleware\\EncryptCookies->handle(Object(Illuminate\\Http\\Request), Object(Closure))
#24 /Users/pauliyaji/Herd/powerhouse/vendor/laravel/framework/src/Illuminate/Pipeline/Pipeline.php(137): Illuminate\\Pipeline\\Pipeline->{closure:{closure:Illuminate\\Pipeline\\Pipeline::carry():194}:195}(Object(Illuminate\\Http\\Request))
#25 /Users/pauliyaji/Herd/powerhouse/vendor/laravel/framework/src/Illuminate/Routing/Router.php(821): Illuminate\\Pipeline\\Pipeline->then(Object(Closure))
#26 /Users/pauliyaji/Herd/powerhouse/vendor/laravel/framework/src/Illuminate/Routing/Router.php(800): Illuminate\\Routing\\Router->runRouteWithinStack(Object(Illuminate\\Routing\\Route), Object(Illuminate\\Http\\Request))
#27 /Users/pauliyaji/Herd/powerhouse/vendor/laravel/framework/src/Illuminate/Routing/Router.php(764): Illuminate\\Routing\\Router->runRoute(Object(Illuminate\\Http\\Request), Object(Illuminate\\Routing\\Route))
#28 /Users/pauliyaji/Herd/powerhouse/vendor/laravel/framework/src/Illuminate/Routing/Router.php(753): Illuminate\\Routing\\Router->dispatchToRoute(Object(Illuminate\\Http\\Request))
#29 /Users/pauliyaji/Herd/powerhouse/vendor/laravel/framework/src/Illuminate/Foundation/Http/Kernel.php(200): Illuminate\\Routing\\Router->dispatch(Object(Illuminate\\Http\\Request))
#30 /Users/pauliyaji/Herd/powerhouse/vendor/laravel/framework/src/Illuminate/Pipeline/Pipeline.php(180): Illuminate\\Foundation\\Http\\Kernel->{closure:Illuminate\\Foundation\\Http\\Kernel::dispatchToRouter():197}(Object(Illuminate\\Http\\Request))
#31 /Users/pauliyaji/Herd/powerhouse/vendor/livewire/livewire/src/Features/SupportDisablingBackButtonCache/DisableBackButtonCacheMiddleware.php(19): Illuminate\\Pipeline\\Pipeline->{closure:Illuminate\\Pipeline\\Pipeline::prepareDestination():178}(Object(Illuminate\\Http\\Request))
#32 /Users/pauliyaji/Herd/powerhouse/vendor/laravel/framework/src/Illuminate/Pipeline/Pipeline.php(219): Livewire\\Features\\SupportDisablingBackButtonCache\\DisableBackButtonCacheMiddleware->handle(Object(Illuminate\\Http\\Request), Object(Closure))
#33 /Users/pauliyaji/Herd/powerhouse/vendor/laravel/framework/src/Illuminate/Foundation/Http/Middleware/TransformsRequest.php(21): Illuminate\\Pipeline\\Pipeline->{closure:{closure:Illuminate\\Pipeline\\Pipeline::carry():194}:195}(Object(Illuminate\\Http\\Request))
#34 /Users/pauliyaji/Herd/powerhouse/vendor/laravel/framework/src/Illuminate/Foundation/Http/Middleware/ConvertEmptyStringsToNull.php(31): Illuminate\\Foundation\\Http\\Middleware\\TransformsRequest->handle(Object(Illuminate\\Http\\Request), Object(Closure))
#35 /Users/pauliyaji/Herd/powerhouse/vendor/laravel/framework/src/Illuminate/Pipeline/Pipeline.php(219): Illuminate\\Foundation\\Http\\Middleware\\ConvertEmptyStringsToNull->handle(Object(Illuminate\\Http\\Request), Object(Closure))
#36 /Users/pauliyaji/Herd/powerhouse/vendor/laravel/framework/src/Illuminate/Foundation/Http/Middleware/TransformsRequest.php(21): Illuminate\\Pipeline\\Pipeline->{closure:{closure:Illuminate\\Pipeline\\Pipeline::carry():194}:195}(Object(Illuminate\\Http\\Request))
#37 /Users/pauliyaji/Herd/powerhouse/vendor/laravel/framework/src/Illuminate/Foundation/Http/Middleware/TrimStrings.php(51): Illuminate\\Foundation\\Http\\Middleware\\TransformsRequest->handle(Object(Illuminate\\Http\\Request), Object(Closure))
#38 /Users/pauliyaji/Herd/powerhouse/vendor/laravel/framework/src/Illuminate/Pipeline/Pipeline.php(219): Illuminate\\Foundation\\Http\\Middleware\\TrimStrings->handle(Object(Illuminate\\Http\\Request), Object(Closure))
#39 /Users/pauliyaji/Herd/powerhouse/vendor/laravel/framework/src/Illuminate/Http/Middleware/ValidatePostSize.php(27): Illuminate\\Pipeline\\Pipeline->{closure:{closure:Illuminate\\Pipeline\\Pipeline::carry():194}:195}(Object(Illuminate\\Http\\Request))
#40 /Users/pauliyaji/Herd/powerhouse/vendor/laravel/framework/src/Illuminate/Pipeline/Pipeline.php(219): Illuminate\\Http\\Middleware\\ValidatePostSize->handle(Object(Illuminate\\Http\\Request), Object(Closure))
#41 /Users/pauliyaji/Herd/powerhouse/vendor/laravel/framework/src/Illuminate/Foundation/Http/Middleware/PreventRequestsDuringMaintenance.php(109): Illuminate\\Pipeline\\Pipeline->{closure:{closure:Illuminate\\Pipeline\\Pipeline::carry():194}:195}(Object(Illuminate\\Http\\Request))
#42 /Users/pauliyaji/Herd/powerhouse/vendor/laravel/framework/src/Illuminate/Pipeline/Pipeline.php(219): Illuminate\\Foundation\\Http\\Middleware\\PreventRequestsDuringMaintenance->handle(Object(Illuminate\\Http\\Request), Object(Closure))
#43 /Users/pauliyaji/Herd/powerhouse/vendor/laravel/framework/src/Illuminate/Http/Middleware/HandleCors.php(61): Illuminate\\Pipeline\\Pipeline->{closure:{closure:Illuminate\\Pipeline\\Pipeline::carry():194}:195}(Object(Illuminate\\Http\\Request))
#44 /Users/pauliyaji/Herd/powerhouse/vendor/laravel/framework/src/Illuminate/Pipeline/Pipeline.php(219): Illuminate\\Http\\Middleware\\HandleCors->handle(Object(Illuminate\\Http\\Request), Object(Closure))
#45 /Users/pauliyaji/Herd/powerhouse/vendor/laravel/framework/src/Illuminate/Http/Middleware/TrustProxies.php(58): Illuminate\\Pipeline\\Pipeline->{closure:{closure:Illuminate\\Pipeline\\Pipeline::carry():194}:195}(Object(Illuminate\\Http\\Request))
#46 /Users/pauliyaji/Herd/powerhouse/vendor/laravel/framework/src/Illuminate/Pipeline/Pipeline.php(219): Illuminate\\Http\\Middleware\\TrustProxies->handle(Object(Illuminate\\Http\\Request), Object(Closure))
#47 /Users/pauliyaji/Herd/powerhouse/vendor/laravel/framework/src/Illuminate/Foundation/Http/Middleware/InvokeDeferredCallbacks.php(22): Illuminate\\Pipeline\\Pipeline->{closure:{closure:Illuminate\\Pipeline\\Pipeline::carry():194}:195}(Object(Illuminate\\Http\\Request))
#48 /Users/pauliyaji/Herd/powerhouse/vendor/laravel/framework/src/Illuminate/Pipeline/Pipeline.php(219): Illuminate\\Foundation\\Http\\Middleware\\InvokeDeferredCallbacks->handle(Object(Illuminate\\Http\\Request), Object(Closure))
#49 /Users/pauliyaji/Herd/powerhouse/vendor/laravel/framework/src/Illuminate/Http/Middleware/ValidatePathEncoding.php(26): Illuminate\\Pipeline\\Pipeline->{closure:{closure:Illuminate\\Pipeline\\Pipeline::carry():194}:195}(Object(Illuminate\\Http\\Request))
#50 /Users/pauliyaji/Herd/powerhouse/vendor/laravel/framework/src/Illuminate/Pipeline/Pipeline.php(219): Illuminate\\Http\\Middleware\\ValidatePathEncoding->handle(Object(Illuminate\\Http\\Request), Object(Closure))
#51 /Users/pauliyaji/Herd/powerhouse/vendor/laravel/framework/src/Illuminate/Pipeline/Pipeline.php(137): Illuminate\\Pipeline\\Pipeline->{closure:{closure:Illuminate\\Pipeline\\Pipeline::carry():194}:195}(Object(Illuminate\\Http\\Request))
#52 /Users/pauliyaji/Herd/powerhouse/vendor/laravel/framework/src/Illuminate/Foundation/Http/Kernel.php(175): Illuminate\\Pipeline\\Pipeline->then(Object(Closure))
#53 /Users/pauliyaji/Herd/powerhouse/vendor/laravel/framework/src/Illuminate/Foundation/Http/Kernel.php(144): Illuminate\\Foundation\\Http\\Kernel->sendRequestThroughRouter(Object(Illuminate\\Http\\Request))
#54 /Users/pauliyaji/Herd/powerhouse/vendor/laravel/framework/src/Illuminate/Foundation/Testing/Concerns/MakesHttpRequests.php(607): Illuminate\\Foundation\\Http\\Kernel->handle(Object(Illuminate\\Http\\Request))
#55 /Users/pauliyaji/Herd/powerhouse/vendor/laravel/framework/src/Illuminate/Foundation/Testing/Concerns/MakesHttpRequests.php(397): Illuminate\\Foundation\\Testing\\TestCase->call('POST', 'http://powerhou...', Array, Array, Array, Array)
#56 /Users/pauliyaji/Herd/powerhouse/tests/Feature/PdfOperationsTest.php(366): Illuminate\\Foundation\\Testing\\TestCase->post('http://powerhou...', Array)
#57 /Users/pauliyaji/Herd/powerhouse/vendor/pestphp/pest/src/Factories/TestCaseMethodFactory.php(177): P\\Tests\\Feature\\PdfOperationsTest->{closure:/Users/pauliyaji/Herd/powerhouse/tests/Feature/PdfOperationsTest.php:334}()
#58 [internal function]: P\\Tests\\Feature\\PdfOperationsTest->{closure:Pest\\Factories\\TestCaseMethodFactory::getClosure():167}()
#59 /Users/pauliyaji/Herd/powerhouse/vendor/pestphp/pest/src/Concerns/Testable.php(576): call_user_func_array(Object(Closure), Array)
#60 /Users/pauliyaji/Herd/powerhouse/vendor/pestphp/pest/src/Support/ExceptionTrace.php(26): P\\Tests\\Feature\\PdfOperationsTest->{closure:Pest\\Concerns\\Testable::__callClosure():576}()
#61 /Users/pauliyaji/Herd/powerhouse/vendor/pestphp/pest/src/Concerns/Testable.php(576): Pest\\Support\\ExceptionTrace::ensure(Object(Closure))
#62 /Users/pauliyaji/Herd/powerhouse/vendor/pestphp/pest/src/Concerns/Testable.php(403): P\\Tests\\Feature\\PdfOperationsTest->__callClosure(Object(Closure), Array)
#63 /Users/pauliyaji/Herd/powerhouse/vendor/pestphp/pest/src/Factories/TestCaseFactory.php(175) : eval()'d code(98): P\\Tests\\Feature\\PdfOperationsTest->__runTest(Object(Closure))
#64 /Users/pauliyaji/Herd/powerhouse/vendor/phpunit/phpunit/src/Framework/TestCase.php(1310): P\\Tests\\Feature\\PdfOperationsTest->__pest_evaluable_it_signs_with_logo_only_when_no_signature_is_sent()
#65 /Users/pauliyaji/Herd/powerhouse/vendor/phpunit/phpunit/src/Framework/TestCase.php(1344): PHPUnit\\Framework\\TestCase->invokeTestMethod('__pest_evaluabl...', Array)
#66 /Users/pauliyaji/Herd/powerhouse/vendor/phpunit/phpunit/src/Framework/TestCase.php(520): PHPUnit\\Framework\\TestCase->runTest()
#67 /Users/pauliyaji/Herd/powerhouse/vendor/phpunit/phpunit/src/Framework/TestRunner/TestRunner.php(99): PHPUnit\\Framework\\TestCase->runBare()
#68 /Users/pauliyaji/Herd/powerhouse/vendor/phpunit/phpunit/src/Framework/TestCase.php(360): PHPUnit\\Framework\\TestRunner->run(Object(P\\Tests\\Feature\\PdfOperationsTest))
#69 /Users/pauliyaji/Herd/powerhouse/vendor/phpunit/phpunit/src/Framework/TestSuite.php(374): PHPUnit\\Framework\\TestCase->run()
#70 /Users/pauliyaji/Herd/powerhouse/vendor/phpunit/phpunit/src/Framework/TestSuite.php(374): PHPUnit\\Framework\\TestSuite->run()
#71 /Users/pauliyaji/Herd/powerhouse/vendor/phpunit/phpunit/src/Framework/TestSuite.php(374): PHPUnit\\Framework\\TestSuite->run()
#72 /Users/pauliyaji/Herd/powerhouse/vendor/phpunit/phpunit/src/TextUI/TestRunner.php(64): PHPUnit\\Framework\\TestSuite->run()
#73 /Users/pauliyaji/Herd/powerhouse/vendor/phpunit/phpunit/src/TextUI/Application.php(229): PHPUnit\\TextUI\\TestRunner->run(Object(PHPUnit\\TextUI\\Configuration\\Configuration), Object(PHPUnit\\Runner\\ResultCache\\DefaultResultCache), Object(PHPUnit\\Framework\\TestSuite))
#74 /Users/pauliyaji/Herd/powerhouse/vendor/pestphp/pest/src/Kernel.php(117): PHPUnit\\TextUI\\Application->run(Array)
#75 /Users/pauliyaji/Herd/powerhouse/vendor/pestphp/pest/bin/pest(207): Pest\\Kernel->handle(Array, Array)
#76 /Users/pauliyaji/Herd/powerhouse/vendor/pestphp/pest/bin/pest(215): {closure:/Users/pauliyaji/Herd/powerhouse/vendor/pestphp/pest/bin/pest:21}()
#77 {main}
"} 
[2026-07-30 02:55:56] testing.ERROR: PDF convert job failed {"document_id":2,"target":"docx","error":"The PDF password is incorrect."} 
[2026-07-30 02:55:56] testing.ERROR: PDF conversion failed {"document_id":1,"target":"docx","exception":"App\\Services\\PdfConversionException","error":"The PDF password is incorrect."} 
[2026-07-30 02:55:56] testing.ERROR: Call to undefined method App\Http\Controllers\PdfController::authorize() {"userId":2,"exception":"[object] (Error(code: 0): Call to undefined method App\\Http\\Controllers\\PdfController::authorize() at /Users/pauliyaji/Herd/powerhouse/app/Http/Controllers/PdfController.php:150)
[stacktrace]
#0 /Users/pauliyaji/Herd/powerhouse/vendor/laravel/framework/src/Illuminate/Routing/ControllerDispatcher.php(46): App\\Http\\Controllers\\PdfController->download(Object(Illuminate\\Http\\Request), Object(App\\Models\\Document))
#1 /Users/pauliyaji/Herd/powerhouse/vendor/laravel/framework/src/Illuminate/Routing/Route.php(265): Illuminate\\Routing\\ControllerDispatcher->dispatch(Object(Illuminate\\Routing\\Route), Object(App\\Http\\Controllers\\PdfController), 'download')
#2 /Users/pauliyaji/Herd/powerhouse/vendor/laravel/framework/src/Illuminate/Routing/Route.php(211): Illuminate\\Routing\\Route->runController()
#3 /Users/pauliyaji/Herd/powerhouse/vendor/laravel/framework/src/Illuminate/Routing/Router.php(822): Illuminate\\Routing\\Route->run()
#4 /Users/pauliyaji/Herd/powerhouse/vendor/laravel/framework/src/Illuminate/Pipeline/Pipeline.php(180): Illuminate\\Routing\\Router->{closure:Illuminate\\Routing\\Router::runRouteWithinStack():821}(Object(Illuminate\\Http\\Request))
#5 /Users/pauliyaji/Herd/powerhouse/vendor/laravel/framework/src/Illuminate/Routing/Middleware/SubstituteBindings.php(50): Illuminate\\Pipeline\\Pipeline->{closure:Illuminate\\Pipeline\\Pipeline::prepareDestination():178}(Object(Illuminate\\Http\\Request))
#6 /Users/pauliyaji/Herd/powerhouse/vendor/laravel/framework/src/Illuminate/Pipeline/Pipeline.php(219): Illuminate\\Routing\\Middleware\\SubstituteBindings->handle(Object(Illuminate\\Http\\Request), Object(Closure))
#7 /Users/pauliyaji/Herd/powerhouse/vendor/laravel/framework/src/Illuminate/Auth/Middleware/Authenticate.php(63): Illuminate\\Pipeline\\Pipeline->{closure:{closure:Illuminate\\Pipeline\\Pipeline::carry():194}:195}(Object(Illuminate\\Http\\Request))
#8 /Users/pauliyaji/Herd/powerhouse/vendor/laravel/framework/src/Illuminate/Pipeline/Pipeline.php(219): Illuminate\\Auth\\Middleware\\Authenticate->handle(Object(Illuminate\\Http\\Request), Object(Closure))
#9 /Users/pauliyaji/Herd/powerhouse/vendor/laravel/framework/src/Illuminate/Foundation/Http/Middleware/VerifyCsrfToken.php(87): Illuminate\\Pipeline\\Pipeline->{closure:{closure:Illuminate\\Pipeline\\Pipeline::carry():194}:195}(Object(Illuminate\\Http\\Request))
#10 /Users/pauliyaji/Herd/powerhouse/vendor/laravel/framework/src/Illuminate/Pipeline/Pipeline.php(219): Illuminate\\Foundation\\Http\\Middleware\\VerifyCsrfToken->handle(Object(Illuminate\\Http\\Request), Object(Closure))
#11 /Users/pauliyaji/Herd/powerhouse/vendor/laravel/framework/src/Illuminate/View/Middleware/ShareErrorsFromSession.php(48): Illuminate\\Pipeline\\Pipeline->{closure:{closure:Illuminate\\Pipeline\\Pipeline::carry():194}:195}(Object(Illuminate\\Http\\Request))
#12 /Users/pauliyaji/Herd/powerhouse/vendor/laravel/framework/src/Illuminate/Pipeline/Pipeline.php(219): Illuminate\\View\\Middleware\\ShareErrorsFromSession->handle(Object(Illuminate\\Http\\Request), Object(Closure))
#13 /Users/pauliyaji/Herd/powerhouse/vendor/laravel/framework/src/Illuminate/Session/Middleware/StartSession.php(120): Illuminate\\Pipeline\\Pipeline->{closure:{closure:Illuminate\\Pipeline\\Pipeline::carry():194}:195}(Object(Illuminate\\Http\\Request))
#14 /Users/pauliyaji/Herd/powerhouse/vendor/laravel/framework/src/Illuminate/Session/Middleware/StartSession.php(63): Illuminate\\Session\\Middleware\\StartSession->handleStatefulRequest(Object(Illuminate\\Http\\Request), Object(Illuminate\\Session\\Store), Object(Closure))
#15 /Users/pauliyaji/Herd/powerhouse/vendor/laravel/framework/src/Illuminate/Pipeline/Pipeline.php(219): Illuminate\\Session\\Middleware\\StartSession->handle(Object(Illuminate\\Http\\Request), Object(Closure))
#16 /Users/pauliyaji/Herd/powerhouse/vendor/laravel/framework/src/Illuminate/Cookie/Middleware/AddQueuedCookiesToResponse.php(36): Illuminate\\Pipeline\\Pipeline->{closure:{closure:Illuminate\\Pipeline\\Pipeline::carry():194}:195}(Object(Illuminate\\Http\\Request))
#17 /Users/pauliyaji/Herd/powerhouse/vendor/laravel/framework/src/Illuminate/Pipeline/Pipeline.php(219): Illuminate\\Cookie\\Middleware\\AddQueuedCookiesToResponse->handle(Object(Illuminate\\Http\\Request), Object(Closure))
#18 /Users/pauliyaji/Herd/powerhouse/vendor/laravel/framework/src/Illuminate/Cookie/Middleware/EncryptCookies.php(74): Illuminate\\Pipeline\\Pipeline->{closure:{closure:Illuminate\\Pipeline\\Pipeline::carry():194}:195}(Object(Illuminate\\Http\\Request))
#19 /Users/pauliyaji/Herd/powerhouse/vendor/laravel/framework/src/Illuminate/Pipeline/Pipeline.php(219): Illuminate\\Cookie\\Middleware\\EncryptCookies->handle(Object(Illuminate\\Http\\Request), Object(Closure))
#20 /Users/pauliyaji/Herd/powerhouse/vendor/laravel/framework/src/Illuminate/Pipeline/Pipeline.php(137): Illuminate\\Pipeline\\Pipeline->{closure:{closure:Illuminate\\Pipeline\\Pipeline::carry():194}:195}(Object(Illuminate\\Http\\Request))
#21 /Users/pauliyaji/Herd/powerhouse/vendor/laravel/framework/src/Illuminate/Routing/Router.php(821): Illuminate\\Pipeline\\Pipeline->then(Object(Closure))
#22 /Users/pauliyaji/Herd/powerhouse/vendor/laravel/framework/src/Illuminate/Routing/Router.php(800): Illuminate\\Routing\\Router->runRouteWithinStack(Object(Illuminate\\Routing\\Route), Object(Illuminate\\Http\\Request))
#23 /Users/pauliyaji/Herd/powerhouse/vendor/laravel/framework/src/Illuminate/Routing/Router.php(764): Illuminate\\Routing\\Router->runRoute(Object(Illuminate\\Http\\Request), Object(Illuminate\\Routing\\Route))
#24 /Users/pauliyaji/Herd/powerhouse/vendor/laravel/framework/src/Illuminate/Routing/Router.php(753): Illuminate\\Routing\\Router->dispatchToRoute(Object(Illuminate\\Http\\Request))
#25 /Users/pauliyaji/Herd/powerhouse/vendor/laravel/framework/src/Illuminate/Foundation/Http/Kernel.php(200): Illuminate\\Routing\\Router->dispatch(Object(Illuminate\\Http\\Request))
#26 /Users/pauliyaji/Herd/powerhouse/vendor/laravel/framework/src/Illuminate/Pipeline/Pipeline.php(180): Illuminate\\Foundation\\Http\\Kernel->{closure:Illuminate\\Foundation\\Http\\Kernel::dispatchToRouter():197}(Object(Illuminate\\Http\\Request))
#27 /Users/pauliyaji/Herd/powerhouse/vendor/livewire/livewire/src/Features/SupportDisablingBackButtonCache/DisableBackButtonCacheMiddleware.php(19): Illuminate\\Pipeline\\Pipeline->{closure:Illuminate\\Pipeline\\Pipeline::prepareDestination():178}(Object(Illuminate\\Http\\Request))
#28 /Users/pauliyaji/Herd/powerhouse/vendor/laravel/framework/src/Illuminate/Pipeline/Pipeline.php(219): Livewire\\Features\\SupportDisablingBackButtonCache\\DisableBackButtonCacheMiddleware->handle(Object(Illuminate\\Http\\Request), Object(Closure))
#29 /Users/pauliyaji/Herd/powerhouse/vendor/laravel/framework/src/Illuminate/Foundation/Http/Middleware/TransformsRequest.php(21): Illuminate\\Pipeline\\Pipeline->{closure:{closure:Illuminate\\Pipeline\\Pipeline::carry():194}:195}(Object(Illuminate\\Http\\Request))
#30 /Users/pauliyaji/Herd/powerhouse/vendor/laravel/framework/src/Illuminate/Foundation/Http/Middleware/ConvertEmptyStringsToNull.php(31): Illuminate\\Foundation\\Http\\Middleware\\TransformsRequest->handle(Object(Illuminate\\Http\\Request), Object(Closure))
#31 /Users/pauliyaji/Herd/powerhouse/vendor/laravel/framework/src/Illuminate/Pipeline/Pipeline.php(219): Illuminate\\Foundation\\Http\\Middleware\\ConvertEmptyStringsToNull->handle(Object(Illuminate\\Http\\Request), Object(Closure))
#32 /Users/pauliyaji/Herd/powerhouse/vendor/laravel/framework/src/Illuminate/Foundation/Http/Middleware/TransformsRequest.php(21): Illuminate\\Pipeline\\Pipeline->{closure:{closure:Illuminate\\Pipeline\\Pipeline::carry():194}:195}(Object(Illuminate\\Http\\Request))
#33 /Users/pauliyaji/Herd/powerhouse/vendor/laravel/framework/src/Illuminate/Foundation/Http/Middleware/TrimStrings.php(51): Illuminate\\Foundation\\Http\\Middleware\\TransformsRequest->handle(Object(Illuminate\\Http\\Request), Object(Closure))
#34 /Users/pauliyaji/Herd/powerhouse/vendor/laravel/framework/src/Illuminate/Pipeline/Pipeline.php(219): Illuminate\\Foundation\\Http\\Middleware\\TrimStrings->handle(Object(Illuminate\\Http\\Request), Object(Closure))
#35 /Users/pauliyaji/Herd/powerhouse/vendor/laravel/framework/src/Illuminate/Http/Middleware/ValidatePostSize.php(27): Illuminate\\Pipeline\\Pipeline->{closure:{closure:Illuminate\\Pipeline\\Pipeline::carry():194}:195}(Object(Illuminate\\Http\\Request))
#36 /Users/pauliyaji/Herd/powerhouse/vendor/laravel/framework/src/Illuminate/Pipeline/Pipeline.php(219): Illuminate\\Http\\Middleware\\ValidatePostSize->handle(Object(Illuminate\\Http\\Request), Object(Closure))
#37 /Users/pauliyaji/Herd/powerhouse/vendor/laravel/framework/src/Illuminate/Foundation/Http/Middleware/PreventRequestsDuringMaintenance.php(109): Illuminate\\Pipeline\\Pipeline->{closure:{closure:Illuminate\\Pipeline\\Pipeline::carry():194}:195}(Object(Illuminate\\Http\\Request))
#38 /Users/pauliyaji/Herd/powerhouse/vendor/laravel/framework/src/Illuminate/Pipeline/Pipeline.php(219): Illuminate\\Foundation\\Http\\Middleware\\PreventRequestsDuringMaintenance->handle(Object(Illuminate\\Http\\Request), Object(Closure))
#39 /Users/pauliyaji/Herd/powerhouse/vendor/laravel/framework/src/Illuminate/Http/Middleware/HandleCors.php(61): Illuminate\\Pipeline\\Pipeline->{closure:{closure:Illuminate\\Pipeline\\Pipeline::carry():194}:195}(Object(Illuminate\\Http\\Request))
#40 /Users/pauliyaji/Herd/powerhouse/vendor/laravel/framework/src/Illuminate/Pipeline/Pipeline.php(219): Illuminate\\Http\\Middleware\\HandleCors->handle(Object(Illuminate\\Http\\Request), Object(Closure))
#41 /Users/pauliyaji/Herd/powerhouse/vendor/laravel/framework/src/Illuminate/Http/Middleware/TrustProxies.php(58): Illuminate\\Pipeline\\Pipeline->{closure:{closure:Illuminate\\Pipeline\\Pipeline::carry():194}:195}(Object(Illuminate\\Http\\Request))
#42 /Users/pauliyaji/Herd/powerhouse/vendor/laravel/framework/src/Illuminate/Pipeline/Pipeline.php(219): Illuminate\\Http\\Middleware\\TrustProxies->handle(Object(Illuminate\\Http\\Request), Object(Closure))
#43 /Users/pauliyaji/Herd/powerhouse/vendor/laravel/framework/src/Illuminate/Foundation/Http/Middleware/InvokeDeferredCallbacks.php(22): Illuminate\\Pipeline\\Pipeline->{closure:{closure:Illuminate\\Pipeline\\Pipeline::carry():194}:195}(Object(Illuminate\\Http\\Request))
#44 /Users/pauliyaji/Herd/powerhouse/vendor/laravel/framework/src/Illuminate/Pipeline/Pipeline.php(219): Illuminate\\Foundation\\Http\\Middleware\\InvokeDeferredCallbacks->handle(Object(Illuminate\\Http\\Request), Object(Closure))
#45 /Users/pauliyaji/Herd/powerhouse/vendor/laravel/framework/src/Illuminate/Http/Middleware/ValidatePathEncoding.php(26): Illuminate\\Pipeline\\Pipeline->{closure:{closure:Illuminate\\Pipeline\\Pipeline::carry():194}:195}(Object(Illuminate\\Http\\Request))
#46 /Users/pauliyaji/Herd/powerhouse/vendor/laravel/framework/src/Illuminate/Pipeline/Pipeline.php(219): Illuminate\\Http\\Middleware\\ValidatePathEncoding->handle(Object(Illuminate\\Http\\Request), Object(Closure))
#47 /Users/pauliyaji/Herd/powerhouse/vendor/laravel/framework/src/Illuminate/Pipeline/Pipeline.php(137): Illuminate\\Pipeline\\Pipeline->{closure:{closure:Illuminate\\Pipeline\\Pipeline::carry():194}:195}(Object(Illuminate\\Http\\Request))
#48 /Users/pauliyaji/Herd/powerhouse/vendor/laravel/framework/src/Illuminate/Foundation/Http/Kernel.php(175): Illuminate\\Pipeline\\Pipeline->then(Object(Closure))
#49 /Users/pauliyaji/Herd/powerhouse/vendor/laravel/framework/src/Illuminate/Foundation/Http/Kernel.php(144): Illuminate\\Foundation\\Http\\Kernel->sendRequestThroughRouter(Object(Illuminate\\Http\\Request))
#50 /Users/pauliyaji/Herd/powerhouse/vendor/laravel/framework/src/Illuminate/Foundation/Testing/Concerns/MakesHttpRequests.php(607): Illuminate\\Foundation\\Http\\Kernel->handle(Object(Illuminate\\Http\\Request))
#51 /Users/pauliyaji/Herd/powerhouse/vendor/laravel/framework/src/Illuminate/Foundation/Testing/Concerns/MakesHttpRequests.php(368): Illuminate\\Foundation\\Testing\\TestCase->call('GET', 'http://powerhou...', Array, Array, Array, Array)
#52 /Users/pauliyaji/Herd/powerhouse/tests/Feature/DocumentAuthorizationTest.php(18): Illuminate\\Foundation\\Testing\\TestCase->get('http://powerhou...')
#53 /Users/pauliyaji/Herd/powerhouse/vendor/pestphp/pest/src/Factories/TestCaseMethodFactory.php(177): P\\Tests\\Feature\\DocumentAuthorizationTest->{closure:/Users/pauliyaji/Herd/powerhouse/tests/Feature/DocumentAuthorizationTest.php:11}()
#54 [internal function]: P\\Tests\\Feature\\DocumentAuthorizationTest->{closure:Pest\\Factories\\TestCaseMethodFactory::getClosure():167}()
#55 /Users/pauliyaji/Herd/powerhouse/vendor/pestphp/pest/src/Concerns/Testable.php(576): call_user_func_array(Object(Closure), Array)
#56 /Users/pauliyaji/Herd/powerhouse/vendor/pestphp/pest/src/Support/ExceptionTrace.php(26): P\\Tests\\Feature\\DocumentAuthorizationTest->{closure:Pest\\Concerns\\Testable::__callClosure():576}()
#57 /Users/pauliyaji/Herd/powerhouse/vendor/pestphp/pest/src/Concerns/Testable.php(576): Pest\\Support\\ExceptionTrace::ensure(Object(Closure))
#58 /Users/pauliyaji/Herd/powerhouse/vendor/pestphp/pest/src/Concerns/Testable.php(403): P\\Tests\\Feature\\DocumentAuthorizationTest->__callClosure(Object(Closure), Array)
#59 /Users/pauliyaji/Herd/powerhouse/vendor/pestphp/pest/src/Factories/TestCaseFactory.php(175) : eval()'d code(17): P\\Tests\\Feature\\DocumentAuthorizationTest->__runTest(Object(Closure))
#60 /Users/pauliyaji/Herd/powerhouse/vendor/phpunit/phpunit/src/Framework/TestCase.php(1310): P\\Tests\\Feature\\DocumentAuthorizationTest->__pest_evaluable_it_forbids_downloading_another_users_document()
#61 /Users/pauliyaji/Herd/powerhouse/vendor/phpunit/phpunit/src/Framework/TestCase.php(1344): PHPUnit\\Framework\\TestCase->invokeTestMethod('__pest_evaluabl...', Array)
#62 /Users/pauliyaji/Herd/powerhouse/vendor/phpunit/phpunit/src/Framework/TestCase.php(520): PHPUnit\\Framework\\TestCase->runTest()
#63 /Users/pauliyaji/Herd/powerhouse/vendor/phpunit/phpunit/src/Framework/TestRunner/TestRunner.php(99): PHPUnit\\Framework\\TestCase->runBare()
#64 /Users/pauliyaji/Herd/powerhouse/vendor/phpunit/phpunit/src/Framework/TestCase.php(360): PHPUnit\\Framework\\TestRunner->run(Object(P\\Tests\\Feature\\DocumentAuthorizationTest))
#65 /Users/pauliyaji/Herd/powerhouse/vendor/phpunit/phpunit/src/Framework/TestSuite.php(374): PHPUnit\\Framework\\TestCase->run()
#66 /Users/pauliyaji/Herd/powerhouse/vendor/phpunit/phpunit/src/Framework/TestSuite.php(374): PHPUnit\\Framework\\TestSuite->run()
#67 /Users/pauliyaji/Herd/powerhouse/vendor/phpunit/phpunit/src/Framework/TestSuite.php(374): PHPUnit\\Framework\\TestSuite->run()
#68 /Users/pauliyaji/Herd/powerhouse/vendor/phpunit/phpunit/src/TextUI/TestRunner.php(64): PHPUnit\\Framework\\TestSuite->run()
#69 /Users/pauliyaji/Herd/powerhouse/vendor/phpunit/phpunit/src/TextUI/Application.php(229): PHPUnit\\TextUI\\TestRunner->run(Object(PHPUnit\\TextUI\\Configuration\\Configuration), Object(PHPUnit\\Runner\\ResultCache\\DefaultResultCache), Object(PHPUnit\\Framework\\TestSuite))
#70 /Users/pauliyaji/Herd/powerhouse/vendor/pestphp/pest/src/Kernel.php(117): PHPUnit\\TextUI\\Application->run(Array)
#71 /Users/pauliyaji/Herd/powerhouse/vendor/pestphp/pest/bin/pest(207): Pest\\Kernel->handle(Array, Array)
#72 /Users/pauliyaji/Herd/powerhouse/vendor/pestphp/pest/bin/pest(215): {closure:/Users/pauliyaji/Herd/powerhouse/vendor/pestphp/pest/bin/pest:21}()
#73 {main}
"} 
[2026-07-30 02:55:57] testing.ERROR: Call to undefined method App\Http\Controllers\PdfController::authorize() {"userId":2,"exception":"[object] (Error(code: 0): Call to undefined method App\\Http\\Controllers\\PdfController::authorize() at /Users/pauliyaji/Herd/powerhouse/app/Http/Controllers/PdfController.php:157)
[stacktrace]
#0 /Users/pauliyaji/Herd/powerhouse/vendor/laravel/framework/src/Illuminate/Routing/ControllerDispatcher.php(46): App\\Http\\Controllers\\PdfController->destroy(Object(Illuminate\\Http\\Request), Object(App\\Models\\Document))
#1 /Users/pauliyaji/Herd/powerhouse/vendor/laravel/framework/src/Illuminate/Routing/Route.php(265): Illuminate\\Routing\\ControllerDispatcher->dispatch(Object(Illuminate\\Routing\\Route), Object(App\\Http\\Controllers\\PdfController), 'destroy')
#2 /Users/pauliyaji/Herd/powerhouse/vendor/laravel/framework/src/Illuminate/Routing/Route.php(211): Illuminate\\Routing\\Route->runController()
#3 /Users/pauliyaji/Herd/powerhouse/vendor/laravel/framework/src/Illuminate/Routing/Router.php(822): Illuminate\\Routing\\Route->run()
#4 /Users/pauliyaji/Herd/powerhouse/vendor/laravel/framework/src/Illuminate/Pipeline/Pipeline.php(180): Illuminate\\Routing\\Router->{closure:Illuminate\\Routing\\Router::runRouteWithinStack():821}(Object(Illuminate\\Http\\Request))
#5 /Users/pauliyaji/Herd/powerhouse/vendor/laravel/framework/src/Illuminate/Routing/Middleware/SubstituteBindings.php(50): Illuminate\\Pipeline\\Pipeline->{closure:Illuminate\\Pipeline\\Pipeline::prepareDestination():178}(Object(Illuminate\\Http\\Request))
#6 /Users/pauliyaji/Herd/powerhouse/vendor/laravel/framework/src/Illuminate/Pipeline/Pipeline.php(219): Illuminate\\Routing\\Middleware\\SubstituteBindings->handle(Object(Illuminate\\Http\\Request), Object(Closure))
#7 /Users/pauliyaji/Herd/powerhouse/vendor/laravel/framework/src/Illuminate/Auth/Middleware/Authenticate.php(63): Illuminate\\Pipeline\\Pipeline->{closure:{closure:Illuminate\\Pipeline\\Pipeline::carry():194}:195}(Object(Illuminate\\Http\\Request))
#8 /Users/pauliyaji/Herd/powerhouse/vendor/laravel/framework/src/Illuminate/Pipeline/Pipeline.php(219): Illuminate\\Auth\\Middleware\\Authenticate->handle(Object(Illuminate\\Http\\Request), Object(Closure))
#9 /Users/pauliyaji/Herd/powerhouse/vendor/laravel/framework/src/Illuminate/Foundation/Http/Middleware/VerifyCsrfToken.php(87): Illuminate\\Pipeline\\Pipeline->{closure:{closure:Illuminate\\Pipeline\\Pipeline::carry():194}:195}(Object(Illuminate\\Http\\Request))
#10 /Users/pauliyaji/Herd/powerhouse/vendor/laravel/framework/src/Illuminate/Pipeline/Pipeline.php(219): Illuminate\\Foundation\\Http\\Middleware\\VerifyCsrfToken->handle(Object(Illuminate\\Http\\Request), Object(Closure))
#11 /Users/pauliyaji/Herd/powerhouse/vendor/laravel/framework/src/Illuminate/View/Middleware/ShareErrorsFromSession.php(48): Illuminate\\Pipeline\\Pipeline->{closure:{closure:Illuminate\\Pipeline\\Pipeline::carry():194}:195}(Object(Illuminate\\Http\\Request))
#12 /Users/pauliyaji/Herd/powerhouse/vendor/laravel/framework/src/Illuminate/Pipeline/Pipeline.php(219): Illuminate\\View\\Middleware\\ShareErrorsFromSession->handle(Object(Illuminate\\Http\\Request), Object(Closure))
#13 /Users/pauliyaji/Herd/powerhouse/vendor/laravel/framework/src/Illuminate/Session/Middleware/StartSession.php(120): Illuminate\\Pipeline\\Pipeline->{closure:{closure:Illuminate\\Pipeline\\Pipeline::carry():194}:195}(Object(Illuminate\\Http\\Request))
#14 /Users/pauliyaji/Herd/powerhouse/vendor/laravel/framework/src/Illuminate/Session/Middleware/StartSession.php(63): Illuminate\\Session\\Middleware\\StartSession->handleStatefulRequest(Object(Illuminate\\Http\\Request), Object(Illuminate\\Session\\Store), Object(Closure))
#15 /Users/pauliyaji/Herd/powerhouse/vendor/laravel/framework/src/Illuminate/Pipeline/Pipeline.php(219): Illuminate\\Session\\Middleware\\StartSession->handle(Object(Illuminate\\Http\\Request), Object(Closure))
#16 /Users/pauliyaji/Herd/powerhouse/vendor/laravel/framework/src/Illuminate/Cookie/Middleware/AddQueuedCookiesToResponse.php(36): Illuminate\\Pipeline\\Pipeline->{closure:{closure:Illuminate\\Pipeline\\Pipeline::carry():194}:195}(Object(Illuminate\\Http\\Request))
#17 /Users/pauliyaji/Herd/powerhouse/vendor/laravel/framework/src/Illuminate/Pipeline/Pipeline.php(219): Illuminate\\Cookie\\Middleware\\AddQueuedCookiesToResponse->handle(Object(Illuminate\\Http\\Request), Object(Closure))
#18 /Users/pauliyaji/Herd/powerhouse/vendor/laravel/framework/src/Illuminate/Cookie/Middleware/EncryptCookies.php(74): Illuminate\\Pipeline\\Pipeline->{closure:{closure:Illuminate\\Pipeline\\Pipeline::carry():194}:195}(Object(Illuminate\\Http\\Request))
#19 /Users/pauliyaji/Herd/powerhouse/vendor/laravel/framework/src/Illuminate/Pipeline/Pipeline.php(219): Illuminate\\Cookie\\Middleware\\EncryptCookies->handle(Object(Illuminate\\Http\\Request), Object(Closure))
#20 /Users/pauliyaji/Herd/powerhouse/vendor/laravel/framework/src/Illuminate/Pipeline/Pipeline.php(137): Illuminate\\Pipeline\\Pipeline->{closure:{closure:Illuminate\\Pipeline\\Pipeline::carry():194}:195}(Object(Illuminate\\Http\\Request))
#21 /Users/pauliyaji/Herd/powerhouse/vendor/laravel/framework/src/Illuminate/Routing/Router.php(821): Illuminate\\Pipeline\\Pipeline->then(Object(Closure))
#22 /Users/pauliyaji/Herd/powerhouse/vendor/laravel/framework/src/Illuminate/Routing/Router.php(800): Illuminate\\Routing\\Router->runRouteWithinStack(Object(Illuminate\\Routing\\Route), Object(Illuminate\\Http\\Request))
#23 /Users/pauliyaji/Herd/powerhouse/vendor/laravel/framework/src/Illuminate/Routing/Router.php(764): Illuminate\\Routing\\Router->runRoute(Object(Illuminate\\Http\\Request), Object(Illuminate\\Routing\\Route))
#24 /Users/pauliyaji/Herd/powerhouse/vendor/laravel/framework/src/Illuminate/Routing/Router.php(753): Illuminate\\Routing\\Router->dispatchToRoute(Object(Illuminate\\Http\\Request))
#25 /Users/pauliyaji/Herd/powerhouse/vendor/laravel/framework/src/Illuminate/Foundation/Http/Kernel.php(200): Illuminate\\Routing\\Router->dispatch(Object(Illuminate\\Http\\Request))
#26 /Users/pauliyaji/Herd/powerhouse/vendor/laravel/framework/src/Illuminate/Pipeline/Pipeline.php(180): Illuminate\\Foundation\\Http\\Kernel->{closure:Illuminate\\Foundation\\Http\\Kernel::dispatchToRouter():197}(Object(Illuminate\\Http\\Request))
#27 /Users/pauliyaji/Herd/powerhouse/vendor/livewire/livewire/src/Features/SupportDisablingBackButtonCache/DisableBackButtonCacheMiddleware.php(19): Illuminate\\Pipeline\\Pipeline->{closure:Illuminate\\Pipeline\\Pipeline::prepareDestination():178}(Object(Illuminate\\Http\\Request))
#28 /Users/pauliyaji/Herd/powerhouse/vendor/laravel/framework/src/Illuminate/Pipeline/Pipeline.php(219): Livewire\\Features\\SupportDisablingBackButtonCache\\DisableBackButtonCacheMiddleware->handle(Object(Illuminate\\Http\\Request), Object(Closure))
#29 /Users/pauliyaji/Herd/powerhouse/vendor/laravel/framework/src/Illuminate/Foundation/Http/Middleware/TransformsRequest.php(21): Illuminate\\Pipeline\\Pipeline->{closure:{closure:Illuminate\\Pipeline\\Pipeline::carry():194}:195}(Object(Illuminate\\Http\\Request))
#30 /Users/pauliyaji/Herd/powerhouse/vendor/laravel/framework/src/Illuminate/Foundation/Http/Middleware/ConvertEmptyStringsToNull.php(31): Illuminate\\Foundation\\Http\\Middleware\\TransformsRequest->handle(Object(Illuminate\\Http\\Request), Object(Closure))
#31 /Users/pauliyaji/Herd/powerhouse/vendor/laravel/framework/src/Illuminate/Pipeline/Pipeline.php(219): Illuminate\\Foundation\\Http\\Middleware\\ConvertEmptyStringsToNull->handle(Object(Illuminate\\Http\\Request), Object(Closure))
#32 /Users/pauliyaji/Herd/powerhouse/vendor/laravel/framework/src/Illuminate/Foundation/Http/Middleware/TransformsRequest.php(21): Illuminate\\Pipeline\\Pipeline->{closure:{closure:Illuminate\\Pipeline\\Pipeline::carry():194}:195}(Object(Illuminate\\Http\\Request))
#33 /Users/pauliyaji/Herd/powerhouse/vendor/laravel/framework/src/Illuminate/Foundation/Http/Middleware/TrimStrings.php(51): Illuminate\\Foundation\\Http\\Middleware\\TransformsRequest->handle(Object(Illuminate\\Http\\Request), Object(Closure))
#34 /Users/pauliyaji/Herd/powerhouse/vendor/laravel/framework/src/Illuminate/Pipeline/Pipeline.php(219): Illuminate\\Foundation\\Http\\Middleware\\TrimStrings->handle(Object(Illuminate\\Http\\Request), Object(Closure))
#35 /Users/pauliyaji/Herd/powerhouse/vendor/laravel/framework/src/Illuminate/Http/Middleware/ValidatePostSize.php(27): Illuminate\\Pipeline\\Pipeline->{closure:{closure:Illuminate\\Pipeline\\Pipeline::carry():194}:195}(Object(Illuminate\\Http\\Request))
#36 /Users/pauliyaji/Herd/powerhouse/vendor/laravel/framework/src/Illuminate/Pipeline/Pipeline.php(219): Illuminate\\Http\\Middleware\\ValidatePostSize->handle(Object(Illuminate\\Http\\Request), Object(Closure))
#37 /Users/pauliyaji/Herd/powerhouse/vendor/laravel/framework/src/Illuminate/Foundation/Http/Middleware/PreventRequestsDuringMaintenance.php(109): Illuminate\\Pipeline\\Pipeline->{closure:{closure:Illuminate\\Pipeline\\Pipeline::carry():194}:195}(Object(Illuminate\\Http\\Request))
#38 /Users/pauliyaji/Herd/powerhouse/vendor/laravel/framework/src/Illuminate/Pipeline/Pipeline.php(219): Illuminate\\Foundation\\Http\\Middleware\\PreventRequestsDuringMaintenance->handle(Object(Illuminate\\Http\\Request), Object(Closure))
#39 /Users/pauliyaji/Herd/powerhouse/vendor/laravel/framework/src/Illuminate/Http/Middleware/HandleCors.php(61): Illuminate\\Pipeline\\Pipeline->{closure:{closure:Illuminate\\Pipeline\\Pipeline::carry():194}:195}(Object(Illuminate\\Http\\Request))
#40 /Users/pauliyaji/Herd/powerhouse/vendor/laravel/framework/src/Illuminate/Pipeline/Pipeline.php(219): Illuminate\\Http\\Middleware\\HandleCors->handle(Object(Illuminate\\Http\\Request), Object(Closure))
#41 /Users/pauliyaji/Herd/powerhouse/vendor/laravel/framework/src/Illuminate/Http/Middleware/TrustProxies.php(58): Illuminate\\Pipeline\\Pipeline->{closure:{closure:Illuminate\\Pipeline\\Pipeline::carry():194}:195}(Object(Illuminate\\Http\\Request))
#42 /Users/pauliyaji/Herd/powerhouse/vendor/laravel/framework/src/Illuminate/Pipeline/Pipeline.php(219): Illuminate\\Http\\Middleware\\TrustProxies->handle(Object(Illuminate\\Http\\Request), Object(Closure))
#43 /Users/pauliyaji/Herd/powerhouse/vendor/laravel/framework/src/Illuminate/Foundation/Http/Middleware/InvokeDeferredCallbacks.php(22): Illuminate\\Pipeline\\Pipeline->{closure:{closure:Illuminate\\Pipeline\\Pipeline::carry():194}:195}(Object(Illuminate\\Http\\Request))
#44 /Users/pauliyaji/Herd/powerhouse/vendor/laravel/framework/src/Illuminate/Pipeline/Pipeline.php(219): Illuminate\\Foundation\\Http\\Middleware\\InvokeDeferredCallbacks->handle(Object(Illuminate\\Http\\Request), Object(Closure))
#45 /Users/pauliyaji/Herd/powerhouse/vendor/laravel/framework/src/Illuminate/Http/Middleware/ValidatePathEncoding.php(26): Illuminate\\Pipeline\\Pipeline->{closure:{closure:Illuminate\\Pipeline\\Pipeline::carry():194}:195}(Object(Illuminate\\Http\\Request))
#46 /Users/pauliyaji/Herd/powerhouse/vendor/laravel/framework/src/Illuminate/Pipeline/Pipeline.php(219): Illuminate\\Http\\Middleware\\ValidatePathEncoding->handle(Object(Illuminate\\Http\\Request), Object(Closure))
#47 /Users/pauliyaji/Herd/powerhouse/vendor/laravel/framework/src/Illuminate/Pipeline/Pipeline.php(137): Illuminate\\Pipeline\\Pipeline->{closure:{closure:Illuminate\\Pipeline\\Pipeline::carry():194}:195}(Object(Illuminate\\Http\\Request))
#48 /Users/pauliyaji/Herd/powerhouse/vendor/laravel/framework/src/Illuminate/Foundation/Http/Kernel.php(175): Illuminate\\Pipeline\\Pipeline->then(Object(Closure))
#49 /Users/pauliyaji/Herd/powerhouse/vendor/laravel/framework/src/Illuminate/Foundation/Http/Kernel.php(144): Illuminate\\Foundation\\Http\\Kernel->sendRequestThroughRouter(Object(Illuminate\\Http\\Request))
#50 /Users/pauliyaji/Herd/powerhouse/vendor/laravel/framework/src/Illuminate/Foundation/Testing/Concerns/MakesHttpRequests.php(607): Illuminate\\Foundation\\Http\\Kernel->handle(Object(Illuminate\\Http\\Request))
#51 /Users/pauliyaji/Herd/powerhouse/vendor/laravel/framework/src/Illuminate/Foundation/Testing/Concerns/MakesHttpRequests.php(487): Illuminate\\Foundation\\Testing\\TestCase->call('DELETE', 'http://powerhou...', Array, Array, Array, Array)
#52 /Users/pauliyaji/Herd/powerhouse/tests/Feature/DocumentAuthorizationTest.php(29): Illuminate\\Foundation\\Testing\\TestCase->delete('http://powerhou...')
#53 /Users/pauliyaji/Herd/powerhouse/vendor/pestphp/pest/src/Factories/TestCaseMethodFactory.php(177): P\\Tests\\Feature\\DocumentAuthorizationTest->{closure:/Users/pauliyaji/Herd/powerhouse/tests/Feature/DocumentAuthorizationTest.php:22}()
#54 [internal function]: P\\Tests\\Feature\\DocumentAuthorizationTest->{closure:Pest\\Factories\\TestCaseMethodFactory::getClosure():167}()
#55 /Users/pauliyaji/Herd/powerhouse/vendor/pestphp/pest/src/Concerns/Testable.php(576): call_user_func_array(Object(Closure), Array)
#56 /Users/pauliyaji/Herd/powerhouse/vendor/pestphp/pest/src/Support/ExceptionTrace.php(26): P\\Tests\\Feature\\DocumentAuthorizationTest->{closure:Pest\\Concerns\\Testable::__callClosure():576}()
#57 /Users/pauliyaji/Herd/powerhouse/vendor/pestphp/pest/src/Concerns/Testable.php(576): Pest\\Support\\ExceptionTrace::ensure(Object(Closure))
#58 /Users/pauliyaji/Herd/powerhouse/vendor/pestphp/pest/src/Concerns/Testable.php(403): P\\Tests\\Feature\\DocumentAuthorizationTest->__callClosure(Object(Closure), Array)
#59 /Users/pauliyaji/Herd/powerhouse/vendor/pestphp/pest/src/Factories/TestCaseFactory.php(175) : eval()'d code(26): P\\Tests\\Feature\\DocumentAuthorizationTest->__runTest(Object(Closure))
#60 /Users/pauliyaji/Herd/powerhouse/vendor/phpunit/phpunit/src/Framework/TestCase.php(1310): P\\Tests\\Feature\\DocumentAuthorizationTest->__pest_evaluable_it_forbids_deleting_another_users_document()
#61 /Users/pauliyaji/Herd/powerhouse/vendor/phpunit/phpunit/src/Framework/TestCase.php(1344): PHPUnit\\Framework\\TestCase->invokeTestMethod('__pest_evaluabl...', Array)
#62 /Users/pauliyaji/Herd/powerhouse/vendor/phpunit/phpunit/src/Framework/TestCase.php(520): PHPUnit\\Framework\\TestCase->runTest()
#63 /Users/pauliyaji/Herd/powerhouse/vendor/phpunit/phpunit/src/Framework/TestRunner/TestRunner.php(99): PHPUnit\\Framework\\TestCase->runBare()
#64 /Users/pauliyaji/Herd/powerhouse/vendor/phpunit/phpunit/src/Framework/TestCase.php(360): PHPUnit\\Framework\\TestRunner->run(Object(P\\Tests\\Feature\\DocumentAuthorizationTest))
#65 /Users/pauliyaji/Herd/powerhouse/vendor/phpunit/phpunit/src/Framework/TestSuite.php(374): PHPUnit\\Framework\\TestCase->run()
#66 /Users/pauliyaji/Herd/powerhouse/vendor/phpunit/phpunit/src/Framework/TestSuite.php(374): PHPUnit\\Framework\\TestSuite->run()
#67 /Users/pauliyaji/Herd/powerhouse/vendor/phpunit/phpunit/src/Framework/TestSuite.php(374): PHPUnit\\Framework\\TestSuite->run()
#68 /Users/pauliyaji/Herd/powerhouse/vendor/phpunit/phpunit/src/TextUI/TestRunner.php(64): PHPUnit\\Framework\\TestSuite->run()
#69 /Users/pauliyaji/Herd/powerhouse/vendor/phpunit/phpunit/src/TextUI/Application.php(229): PHPUnit\\TextUI\\TestRunner->run(Object(PHPUnit\\TextUI\\Configuration\\Configuration), Object(PHPUnit\\Runner\\ResultCache\\DefaultResultCache), Object(PHPUnit\\Framework\\TestSuite))
#70 /Users/pauliyaji/Herd/powerhouse/vendor/pestphp/pest/src/Kernel.php(117): PHPUnit\\TextUI\\Application->run(Array)
#71 /Users/pauliyaji/Herd/powerhouse/vendor/pestphp/pest/bin/pest(207): Pest\\Kernel->handle(Array, Array)
#72 /Users/pauliyaji/Herd/powerhouse/vendor/pestphp/pest/bin/pest(215): {closure:/Users/pauliyaji/Herd/powerhouse/vendor/pestphp/pest/bin/pest:21}()
#73 {main}
"} 
[2026-07-30 02:55:57] testing.ERROR: Call to undefined method App\Http\Controllers\SignatureController::authorize() {"userId":2,"exception":"[object] (Error(code: 0): Call to undefined method App\\Http\\Controllers\\SignatureController::authorize() at /Users/pauliyaji/Herd/powerhouse/app/Http/Controllers/SignatureController.php:19)
[stacktrace]
#0 /Users/pauliyaji/Herd/powerhouse/vendor/laravel/framework/src/Illuminate/Routing/ControllerDispatcher.php(46): App\\Http\\Controllers\\SignatureController->create(Object(Illuminate\\Http\\Request), Object(App\\Models\\Document))
#1 /Users/pauliyaji/Herd/powerhouse/vendor/laravel/framework/src/Illuminate/Routing/Route.php(265): Illuminate\\Routing\\ControllerDispatcher->dispatch(Object(Illuminate\\Routing\\Route), Object(App\\Http\\Controllers\\SignatureController), 'create')
#2 /Users/pauliyaji/Herd/powerhouse/vendor/laravel/framework/src/Illuminate/Routing/Route.php(211): Illuminate\\Routing\\Route->runController()
#3 /Users/pauliyaji/Herd/powerhouse/vendor/laravel/framework/src/Illuminate/Routing/Router.php(822): Illuminate\\Routing\\Route->run()
#4 /Users/pauliyaji/Herd/powerhouse/vendor/laravel/framework/src/Illuminate/Pipeline/Pipeline.php(180): Illuminate\\Routing\\Router->{closure:Illuminate\\Routing\\Router::runRouteWithinStack():821}(Object(Illuminate\\Http\\Request))
#5 /Users/pauliyaji/Herd/powerhouse/vendor/laravel/framework/src/Illuminate/Routing/Middleware/SubstituteBindings.php(50): Illuminate\\Pipeline\\Pipeline->{closure:Illuminate\\Pipeline\\Pipeline::prepareDestination():178}(Object(Illuminate\\Http\\Request))
#6 /Users/pauliyaji/Herd/powerhouse/vendor/laravel/framework/src/Illuminate/Pipeline/Pipeline.php(219): Illuminate\\Routing\\Middleware\\SubstituteBindings->handle(Object(Illuminate\\Http\\Request), Object(Closure))
#7 /Users/pauliyaji/Herd/powerhouse/vendor/laravel/framework/src/Illuminate/Auth/Middleware/Authenticate.php(63): Illuminate\\Pipeline\\Pipeline->{closure:{closure:Illuminate\\Pipeline\\Pipeline::carry():194}:195}(Object(Illuminate\\Http\\Request))
#8 /Users/pauliyaji/Herd/powerhouse/vendor/laravel/framework/src/Illuminate/Pipeline/Pipeline.php(219): Illuminate\\Auth\\Middleware\\Authenticate->handle(Object(Illuminate\\Http\\Request), Object(Closure))
#9 /Users/pauliyaji/Herd/powerhouse/vendor/laravel/framework/src/Illuminate/Foundation/Http/Middleware/VerifyCsrfToken.php(87): Illuminate\\Pipeline\\Pipeline->{closure:{closure:Illuminate\\Pipeline\\Pipeline::carry():194}:195}(Object(Illuminate\\Http\\Request))
#10 /Users/pauliyaji/Herd/powerhouse/vendor/laravel/framework/src/Illuminate/Pipeline/Pipeline.php(219): Illuminate\\Foundation\\Http\\Middleware\\VerifyCsrfToken->handle(Object(Illuminate\\Http\\Request), Object(Closure))
#11 /Users/pauliyaji/Herd/powerhouse/vendor/laravel/framework/src/Illuminate/View/Middleware/ShareErrorsFromSession.php(48): Illuminate\\Pipeline\\Pipeline->{closure:{closure:Illuminate\\Pipeline\\Pipeline::carry():194}:195}(Object(Illuminate\\Http\\Request))
#12 /Users/pauliyaji/Herd/powerhouse/vendor/laravel/framework/src/Illuminate/Pipeline/Pipeline.php(219): Illuminate\\View\\Middleware\\ShareErrorsFromSession->handle(Object(Illuminate\\Http\\Request), Object(Closure))
#13 /Users/pauliyaji/Herd/powerhouse/vendor/laravel/framework/src/Illuminate/Session/Middleware/StartSession.php(120): Illuminate\\Pipeline\\Pipeline->{closure:{closure:Illuminate\\Pipeline\\Pipeline::carry():194}:195}(Object(Illuminate\\Http\\Request))
#14 /Users/pauliyaji/Herd/powerhouse/vendor/laravel/framework/src/Illuminate/Session/Middleware/StartSession.php(63): Illuminate\\Session\\Middleware\\StartSession->handleStatefulRequest(Object(Illuminate\\Http\\Request), Object(Illuminate\\Session\\Store), Object(Closure))
#15 /Users/pauliyaji/Herd/powerhouse/vendor/laravel/framework/src/Illuminate/Pipeline/Pipeline.php(219): Illuminate\\Session\\Middleware\\StartSession->handle(Object(Illuminate\\Http\\Request), Object(Closure))
#16 /Users/pauliyaji/Herd/powerhouse/vendor/laravel/framework/src/Illuminate/Cookie/Middleware/AddQueuedCookiesToResponse.php(36): Illuminate\\Pipeline\\Pipeline->{closure:{closure:Illuminate\\Pipeline\\Pipeline::carry():194}:195}(Object(Illuminate\\Http\\Request))
#17 /Users/pauliyaji/Herd/powerhouse/vendor/laravel/framework/src/Illuminate/Pipeline/Pipeline.php(219): Illuminate\\Cookie\\Middleware\\AddQueuedCookiesToResponse->handle(Object(Illuminate\\Http\\Request), Object(Closure))
#18 /Users/pauliyaji/Herd/powerhouse/vendor/laravel/framework/src/Illuminate/Cookie/Middleware/EncryptCookies.php(74): Illuminate\\Pipeline\\Pipeline->{closure:{closure:Illuminate\\Pipeline\\Pipeline::carry():194}:195}(Object(Illuminate\\Http\\Request))
#19 /Users/pauliyaji/Herd/powerhouse/vendor/laravel/framework/src/Illuminate/Pipeline/Pipeline.php(219): Illuminate\\Cookie\\Middleware\\EncryptCookies->handle(Object(Illuminate\\Http\\Request), Object(Closure))
#20 /Users/pauliyaji/Herd/powerhouse/vendor/laravel/framework/src/Illuminate/Pipeline/Pipeline.php(137): Illuminate\\Pipeline\\Pipeline->{closure:{closure:Illuminate\\Pipeline\\Pipeline::carry():194}:195}(Object(Illuminate\\Http\\Request))
#21 /Users/pauliyaji/Herd/powerhouse/vendor/laravel/framework/src/Illuminate/Routing/Router.php(821): Illuminate\\Pipeline\\Pipeline->then(Object(Closure))
#22 /Users/pauliyaji/Herd/powerhouse/vendor/laravel/framework/src/Illuminate/Routing/Router.php(800): Illuminate\\Routing\\Router->runRouteWithinStack(Object(Illuminate\\Routing\\Route), Object(Illuminate\\Http\\Request))
#23 /Users/pauliyaji/Herd/powerhouse/vendor/laravel/framework/src/Illuminate/Routing/Router.php(764): Illuminate\\Routing\\Router->runRoute(Object(Illuminate\\Http\\Request), Object(Illuminate\\Routing\\Route))
#24 /Users/pauliyaji/Herd/powerhouse/vendor/laravel/framework/src/Illuminate/Routing/Router.php(753): Illuminate\\Routing\\Router->dispatchToRoute(Object(Illuminate\\Http\\Request))
#25 /Users/pauliyaji/Herd/powerhouse/vendor/laravel/framework/src/Illuminate/Foundation/Http/Kernel.php(200): Illuminate\\Routing\\Router->dispatch(Object(Illuminate\\Http\\Request))
#26 /Users/pauliyaji/Herd/powerhouse/vendor/laravel/framework/src/Illuminate/Pipeline/Pipeline.php(180): Illuminate\\Foundation\\Http\\Kernel->{closure:Illuminate\\Foundation\\Http\\Kernel::dispatchToRouter():197}(Object(Illuminate\\Http\\Request))
#27 /Users/pauliyaji/Herd/powerhouse/vendor/livewire/livewire/src/Features/SupportDisablingBackButtonCache/DisableBackButtonCacheMiddleware.php(19): Illuminate\\Pipeline\\Pipeline->{closure:Illuminate\\Pipeline\\Pipeline::prepareDestination():178}(Object(Illuminate\\Http\\Request))
#28 /Users/pauliyaji/Herd/powerhouse/vendor/laravel/framework/src/Illuminate/Pipeline/Pipeline.php(219): Livewire\\Features\\SupportDisablingBackButtonCache\\DisableBackButtonCacheMiddleware->handle(Object(Illuminate\\Http\\Request), Object(Closure))
#29 /Users/pauliyaji/Herd/powerhouse/vendor/laravel/framework/src/Illuminate/Foundation/Http/Middleware/TransformsRequest.php(21): Illuminate\\Pipeline\\Pipeline->{closure:{closure:Illuminate\\Pipeline\\Pipeline::carry():194}:195}(Object(Illuminate\\Http\\Request))
#30 /Users/pauliyaji/Herd/powerhouse/vendor/laravel/framework/src/Illuminate/Foundation/Http/Middleware/ConvertEmptyStringsToNull.php(31): Illuminate\\Foundation\\Http\\Middleware\\TransformsRequest->handle(Object(Illuminate\\Http\\Request), Object(Closure))
#31 /Users/pauliyaji/Herd/powerhouse/vendor/laravel/framework/src/Illuminate/Pipeline/Pipeline.php(219): Illuminate\\Foundation\\Http\\Middleware\\ConvertEmptyStringsToNull->handle(Object(Illuminate\\Http\\Request), Object(Closure))
#32 /Users/pauliyaji/Herd/powerhouse/vendor/laravel/framework/src/Illuminate/Foundation/Http/Middleware/TransformsRequest.php(21): Illuminate\\Pipeline\\Pipeline->{closure:{closure:Illuminate\\Pipeline\\Pipeline::carry():194}:195}(Object(Illuminate\\Http\\Request))
#33 /Users/pauliyaji/Herd/powerhouse/vendor/laravel/framework/src/Illuminate/Foundation/Http/Middleware/TrimStrings.php(51): Illuminate\\Foundation\\Http\\Middleware\\TransformsRequest->handle(Object(Illuminate\\Http\\Request), Object(Closure))
#34 /Users/pauliyaji/Herd/powerhouse/vendor/laravel/framework/src/Illuminate/Pipeline/Pipeline.php(219): Illuminate\\Foundation\\Http\\Middleware\\TrimStrings->handle(Object(Illuminate\\Http\\Request), Object(Closure))
#35 /Users/pauliyaji/Herd/powerhouse/vendor/laravel/framework/src/Illuminate/Http/Middleware/ValidatePostSize.php(27): Illuminate\\Pipeline\\Pipeline->{closure:{closure:Illuminate\\Pipeline\\Pipeline::carry():194}:195}(Object(Illuminate\\Http\\Request))
#36 /Users/pauliyaji/Herd/powerhouse/vendor/laravel/framework/src/Illuminate/Pipeline/Pipeline.php(219): Illuminate\\Http\\Middleware\\ValidatePostSize->handle(Object(Illuminate\\Http\\Request), Object(Closure))
#37 /Users/pauliyaji/Herd/powerhouse/vendor/laravel/framework/src/Illuminate/Foundation/Http/Middleware/PreventRequestsDuringMaintenance.php(109): Illuminate\\Pipeline\\Pipeline->{closure:{closure:Illuminate\\Pipeline\\Pipeline::carry():194}:195}(Object(Illuminate\\Http\\Request))
#38 /Users/pauliyaji/Herd/powerhouse/vendor/laravel/framework/src/Illuminate/Pipeline/Pipeline.php(219): Illuminate\\Foundation\\Http\\Middleware\\PreventRequestsDuringMaintenance->handle(Object(Illuminate\\Http\\Request), Object(Closure))
#39 /Users/pauliyaji/Herd/powerhouse/vendor/laravel/framework/src/Illuminate/Http/Middleware/HandleCors.php(61): Illuminate\\Pipeline\\Pipeline->{closure:{closure:Illuminate\\Pipeline\\Pipeline::carry():194}:195}(Object(Illuminate\\Http\\Request))
#40 /Users/pauliyaji/Herd/powerhouse/vendor/laravel/framework/src/Illuminate/Pipeline/Pipeline.php(219): Illuminate\\Http\\Middleware\\HandleCors->handle(Object(Illuminate\\Http\\Request), Object(Closure))
#41 /Users/pauliyaji/Herd/powerhouse/vendor/laravel/framework/src/Illuminate/Http/Middleware/TrustProxies.php(58): Illuminate\\Pipeline\\Pipeline->{closure:{closure:Illuminate\\Pipeline\\Pipeline::carry():194}:195}(Object(Illuminate\\Http\\Request))
#42 /Users/pauliyaji/Herd/powerhouse/vendor/laravel/framework/src/Illuminate/Pipeline/Pipeline.php(219): Illuminate\\Http\\Middleware\\TrustProxies->handle(Object(Illuminate\\Http\\Request), Object(Closure))
#43 /Users/pauliyaji/Herd/powerhouse/vendor/laravel/framework/src/Illuminate/Foundation/Http/Middleware/InvokeDeferredCallbacks.php(22): Illuminate\\Pipeline\\Pipeline->{closure:{closure:Illuminate\\Pipeline\\Pipeline::carry():194}:195}(Object(Illuminate\\Http\\Request))
#44 /Users/pauliyaji/Herd/powerhouse/vendor/laravel/framework/src/Illuminate/Pipeline/Pipeline.php(219): Illuminate\\Foundation\\Http\\Middleware\\InvokeDeferredCallbacks->handle(Object(Illuminate\\Http\\Request), Object(Closure))
#45 /Users/pauliyaji/Herd/powerhouse/vendor/laravel/framework/src/Illuminate/Http/Middleware/ValidatePathEncoding.php(26): Illuminate\\Pipeline\\Pipeline->{closure:{closure:Illuminate\\Pipeline\\Pipeline::carry():194}:195}(Object(Illuminate\\Http\\Request))
#46 /Users/pauliyaji/Herd/powerhouse/vendor/laravel/framework/src/Illuminate/Pipeline/Pipeline.php(219): Illuminate\\Http\\Middleware\\ValidatePathEncoding->handle(Object(Illuminate\\Http\\Request), Object(Closure))
#47 /Users/pauliyaji/Herd/powerhouse/vendor/laravel/framework/src/Illuminate/Pipeline/Pipeline.php(137): Illuminate\\Pipeline\\Pipeline->{closure:{closure:Illuminate\\Pipeline\\Pipeline::carry():194}:195}(Object(Illuminate\\Http\\Request))
#48 /Users/pauliyaji/Herd/powerhouse/vendor/laravel/framework/src/Illuminate/Foundation/Http/Kernel.php(175): Illuminate\\Pipeline\\Pipeline->then(Object(Closure))
#49 /Users/pauliyaji/Herd/powerhouse/vendor/laravel/framework/src/Illuminate/Foundation/Http/Kernel.php(144): Illuminate\\Foundation\\Http\\Kernel->sendRequestThroughRouter(Object(Illuminate\\Http\\Request))
#50 /Users/pauliyaji/Herd/powerhouse/vendor/laravel/framework/src/Illuminate/Foundation/Testing/Concerns/MakesHttpRequests.php(607): Illuminate\\Foundation\\Http\\Kernel->handle(Object(Illuminate\\Http\\Request))
#51 /Users/pauliyaji/Herd/powerhouse/vendor/laravel/framework/src/Illuminate/Foundation/Testing/Concerns/MakesHttpRequests.php(368): Illuminate\\Foundation\\Testing\\TestCase->call('GET', 'http://powerhou...', Array, Array, Array, Array)
#52 /Users/pauliyaji/Herd/powerhouse/tests/Feature/DocumentAuthorizationTest.php(40): Illuminate\\Foundation\\Testing\\TestCase->get('http://powerhou...')
#53 /Users/pauliyaji/Herd/powerhouse/vendor/pestphp/pest/src/Factories/TestCaseMethodFactory.php(177): P\\Tests\\Feature\\DocumentAuthorizationTest->{closure:/Users/pauliyaji/Herd/powerhouse/tests/Feature/DocumentAuthorizationTest.php:33}()
#54 [internal function]: P\\Tests\\Feature\\DocumentAuthorizationTest->{closure:Pest\\Factories\\TestCaseMethodFactory::getClosure():167}()
#55 /Users/pauliyaji/Herd/powerhouse/vendor/pestphp/pest/src/Concerns/Testable.php(576): call_user_func_array(Object(Closure), Array)
#56 /Users/pauliyaji/Herd/powerhouse/vendor/pestphp/pest/src/Support/ExceptionTrace.php(26): P\\Tests\\Feature\\DocumentAuthorizationTest->{closure:Pest\\Concerns\\Testable::__callClosure():576}()
#57 /Users/pauliyaji/Herd/powerhouse/vendor/pestphp/pest/src/Concerns/Testable.php(576): Pest\\Support\\ExceptionTrace::ensure(Object(Closure))
#58 /Users/pauliyaji/Herd/powerhouse/vendor/pestphp/pest/src/Concerns/Testable.php(403): P\\Tests\\Feature\\DocumentAuthorizationTest->__callClosure(Object(Closure), Array)
#59 /Users/pauliyaji/Herd/powerhouse/vendor/pestphp/pest/src/Factories/TestCaseFactory.php(175) : eval()'d code(35): P\\Tests\\Feature\\DocumentAuthorizationTest->__runTest(Object(Closure))
#60 /Users/pauliyaji/Herd/powerhouse/vendor/phpunit/phpunit/src/Framework/TestCase.php(1310): P\\Tests\\Feature\\DocumentAuthorizationTest->__pest_evaluable_it_forbids_signing_another_users_document()
#61 /Users/pauliyaji/Herd/powerhouse/vendor/phpunit/phpunit/src/Framework/TestCase.php(1344): PHPUnit\\Framework\\TestCase->invokeTestMethod('__pest_evaluabl...', Array)
#62 /Users/pauliyaji/Herd/powerhouse/vendor/phpunit/phpunit/src/Framework/TestCase.php(520): PHPUnit\\Framework\\TestCase->runTest()
#63 /Users/pauliyaji/Herd/powerhouse/vendor/phpunit/phpunit/src/Framework/TestRunner/TestRunner.php(99): PHPUnit\\Framework\\TestCase->runBare()
#64 /Users/pauliyaji/Herd/powerhouse/vendor/phpunit/phpunit/src/Framework/TestCase.php(360): PHPUnit\\Framework\\TestRunner->run(Object(P\\Tests\\Feature\\DocumentAuthorizationTest))
#65 /Users/pauliyaji/Herd/powerhouse/vendor/phpunit/phpunit/src/Framework/TestSuite.php(374): PHPUnit\\Framework\\TestCase->run()
#66 /Users/pauliyaji/Herd/powerhouse/vendor/phpunit/phpunit/src/Framework/TestSuite.php(374): PHPUnit\\Framework\\TestSuite->run()
#67 /Users/pauliyaji/Herd/powerhouse/vendor/phpunit/phpunit/src/Framework/TestSuite.php(374): PHPUnit\\Framework\\TestSuite->run()
#68 /Users/pauliyaji/Herd/powerhouse/vendor/phpunit/phpunit/src/TextUI/TestRunner.php(64): PHPUnit\\Framework\\TestSuite->run()
#69 /Users/pauliyaji/Herd/powerhouse/vendor/phpunit/phpunit/src/TextUI/Application.php(229): PHPUnit\\TextUI\\TestRunner->run(Object(PHPUnit\\TextUI\\Configuration\\Configuration), Object(PHPUnit\\Runner\\ResultCache\\DefaultResultCache), Object(PHPUnit\\Framework\\TestSuite))
#70 /Users/pauliyaji/Herd/powerhouse/vendor/pestphp/pest/src/Kernel.php(117): PHPUnit\\TextUI\\Application->run(Array)
#71 /Users/pauliyaji/Herd/powerhouse/vendor/pestphp/pest/bin/pest(207): Pest\\Kernel->handle(Array, Array)
#72 /Users/pauliyaji/Herd/powerhouse/vendor/pestphp/pest/bin/pest(215): {closure:/Users/pauliyaji/Herd/powerhouse/vendor/pestphp/pest/bin/pest:21}()
#73 {main}
"} 
[2026-07-30 02:55:57] testing.ERROR: Call to undefined method App\Http\Controllers\PdfController::authorize() {"userId":1,"exception":"[object] (Error(code: 0): Call to undefined method App\\Http\\Controllers\\PdfController::authorize() at /Users/pauliyaji/Herd/powerhouse/app/Http/Controllers/PdfController.php:134)
[stacktrace]
#0 /Users/pauliyaji/Herd/powerhouse/vendor/laravel/framework/src/Illuminate/Routing/ControllerDispatcher.php(46): App\\Http\\Controllers\\PdfController->stream(Object(Illuminate\\Http\\Request), Object(App\\Models\\Document))
#1 /Users/pauliyaji/Herd/powerhouse/vendor/laravel/framework/src/Illuminate/Routing/Route.php(265): Illuminate\\Routing\\ControllerDispatcher->dispatch(Object(Illuminate\\Routing\\Route), Object(App\\Http\\Controllers\\PdfController), 'stream')
#2 /Users/pauliyaji/Herd/powerhouse/vendor/laravel/framework/src/Illuminate/Routing/Route.php(211): Illuminate\\Routing\\Route->runController()
#3 /Users/pauliyaji/Herd/powerhouse/vendor/laravel/framework/src/Illuminate/Routing/Router.php(822): Illuminate\\Routing\\Route->run()
#4 /Users/pauliyaji/Herd/powerhouse/vendor/laravel/framework/src/Illuminate/Pipeline/Pipeline.php(180): Illuminate\\Routing\\Router->{closure:Illuminate\\Routing\\Router::runRouteWithinStack():821}(Object(Illuminate\\Http\\Request))
#5 /Users/pauliyaji/Herd/powerhouse/vendor/laravel/framework/src/Illuminate/Routing/Middleware/SubstituteBindings.php(50): Illuminate\\Pipeline\\Pipeline->{closure:Illuminate\\Pipeline\\Pipeline::prepareDestination():178}(Object(Illuminate\\Http\\Request))
#6 /Users/pauliyaji/Herd/powerhouse/vendor/laravel/framework/src/Illuminate/Pipeline/Pipeline.php(219): Illuminate\\Routing\\Middleware\\SubstituteBindings->handle(Object(Illuminate\\Http\\Request), Object(Closure))
#7 /Users/pauliyaji/Herd/powerhouse/vendor/laravel/framework/src/Illuminate/Auth/Middleware/Authenticate.php(63): Illuminate\\Pipeline\\Pipeline->{closure:{closure:Illuminate\\Pipeline\\Pipeline::carry():194}:195}(Object(Illuminate\\Http\\Request))
#8 /Users/pauliyaji/Herd/powerhouse/vendor/laravel/framework/src/Illuminate/Pipeline/Pipeline.php(219): Illuminate\\Auth\\Middleware\\Authenticate->handle(Object(Illuminate\\Http\\Request), Object(Closure))
#9 /Users/pauliyaji/Herd/powerhouse/vendor/laravel/framework/src/Illuminate/Foundation/Http/Middleware/VerifyCsrfToken.php(87): Illuminate\\Pipeline\\Pipeline->{closure:{closure:Illuminate\\Pipeline\\Pipeline::carry():194}:195}(Object(Illuminate\\Http\\Request))
#10 /Users/pauliyaji/Herd/powerhouse/vendor/laravel/framework/src/Illuminate/Pipeline/Pipeline.php(219): Illuminate\\Foundation\\Http\\Middleware\\VerifyCsrfToken->handle(Object(Illuminate\\Http\\Request), Object(Closure))
#11 /Users/pauliyaji/Herd/powerhouse/vendor/laravel/framework/src/Illuminate/View/Middleware/ShareErrorsFromSession.php(48): Illuminate\\Pipeline\\Pipeline->{closure:{closure:Illuminate\\Pipeline\\Pipeline::carry():194}:195}(Object(Illuminate\\Http\\Request))
#12 /Users/pauliyaji/Herd/powerhouse/vendor/laravel/framework/src/Illuminate/Pipeline/Pipeline.php(219): Illuminate\\View\\Middleware\\ShareErrorsFromSession->handle(Object(Illuminate\\Http\\Request), Object(Closure))
#13 /Users/pauliyaji/Herd/powerhouse/vendor/laravel/framework/src/Illuminate/Session/Middleware/StartSession.php(120): Illuminate\\Pipeline\\Pipeline->{closure:{closure:Illuminate\\Pipeline\\Pipeline::carry():194}:195}(Object(Illuminate\\Http\\Request))
#14 /Users/pauliyaji/Herd/powerhouse/vendor/laravel/framework/src/Illuminate/Session/Middleware/StartSession.php(63): Illuminate\\Session\\Middleware\\StartSession->handleStatefulRequest(Object(Illuminate\\Http\\Request), Object(Illuminate\\Session\\Store), Object(Closure))
#15 /Users/pauliyaji/Herd/powerhouse/vendor/laravel/framework/src/Illuminate/Pipeline/Pipeline.php(219): Illuminate\\Session\\Middleware\\StartSession->handle(Object(Illuminate\\Http\\Request), Object(Closure))
#16 /Users/pauliyaji/Herd/powerhouse/vendor/laravel/framework/src/Illuminate/Cookie/Middleware/AddQueuedCookiesToResponse.php(36): Illuminate\\Pipeline\\Pipeline->{closure:{closure:Illuminate\\Pipeline\\Pipeline::carry():194}:195}(Object(Illuminate\\Http\\Request))
#17 /Users/pauliyaji/Herd/powerhouse/vendor/laravel/framework/src/Illuminate/Pipeline/Pipeline.php(219): Illuminate\\Cookie\\Middleware\\AddQueuedCookiesToResponse->handle(Object(Illuminate\\Http\\Request), Object(Closure))
#18 /Users/pauliyaji/Herd/powerhouse/vendor/laravel/framework/src/Illuminate/Cookie/Middleware/EncryptCookies.php(74): Illuminate\\Pipeline\\Pipeline->{closure:{closure:Illuminate\\Pipeline\\Pipeline::carry():194}:195}(Object(Illuminate\\Http\\Request))
#19 /Users/pauliyaji/Herd/powerhouse/vendor/laravel/framework/src/Illuminate/Pipeline/Pipeline.php(219): Illuminate\\Cookie\\Middleware\\EncryptCookies->handle(Object(Illuminate\\Http\\Request), Object(Closure))
#20 /Users/pauliyaji/Herd/powerhouse/vendor/laravel/framework/src/Illuminate/Pipeline/Pipeline.php(137): Illuminate\\Pipeline\\Pipeline->{closure:{closure:Illuminate\\Pipeline\\Pipeline::carry():194}:195}(Object(Illuminate\\Http\\Request))
#21 /Users/pauliyaji/Herd/powerhouse/vendor/laravel/framework/src/Illuminate/Routing/Router.php(821): Illuminate\\Pipeline\\Pipeline->then(Object(Closure))
#22 /Users/pauliyaji/Herd/powerhouse/vendor/laravel/framework/src/Illuminate/Routing/Router.php(800): Illuminate\\Routing\\Router->runRouteWithinStack(Object(Illuminate\\Routing\\Route), Object(Illuminate\\Http\\Request))
#23 /Users/pauliyaji/Herd/powerhouse/vendor/laravel/framework/src/Illuminate/Routing/Router.php(764): Illuminate\\Routing\\Router->runRoute(Object(Illuminate\\Http\\Request), Object(Illuminate\\Routing\\Route))
#24 /Users/pauliyaji/Herd/powerhouse/vendor/laravel/framework/src/Illuminate/Routing/Router.php(753): Illuminate\\Routing\\Router->dispatchToRoute(Object(Illuminate\\Http\\Request))
#25 /Users/pauliyaji/Herd/powerhouse/vendor/laravel/framework/src/Illuminate/Foundation/Http/Kernel.php(200): Illuminate\\Routing\\Router->dispatch(Object(Illuminate\\Http\\Request))
#26 /Users/pauliyaji/Herd/powerhouse/vendor/laravel/framework/src/Illuminate/Pipeline/Pipeline.php(180): Illuminate\\Foundation\\Http\\Kernel->{closure:Illuminate\\Foundation\\Http\\Kernel::dispatchToRouter():197}(Object(Illuminate\\Http\\Request))
#27 /Users/pauliyaji/Herd/powerhouse/vendor/livewire/livewire/src/Features/SupportDisablingBackButtonCache/DisableBackButtonCacheMiddleware.php(19): Illuminate\\Pipeline\\Pipeline->{closure:Illuminate\\Pipeline\\Pipeline::prepareDestination():178}(Object(Illuminate\\Http\\Request))
#28 /Users/pauliyaji/Herd/powerhouse/vendor/laravel/framework/src/Illuminate/Pipeline/Pipeline.php(219): Livewire\\Features\\SupportDisablingBackButtonCache\\DisableBackButtonCacheMiddleware->handle(Object(Illuminate\\Http\\Request), Object(Closure))
#29 /Users/pauliyaji/Herd/powerhouse/vendor/laravel/framework/src/Illuminate/Foundation/Http/Middleware/TransformsRequest.php(21): Illuminate\\Pipeline\\Pipeline->{closure:{closure:Illuminate\\Pipeline\\Pipeline::carry():194}:195}(Object(Illuminate\\Http\\Request))
#30 /Users/pauliyaji/Herd/powerhouse/vendor/laravel/framework/src/Illuminate/Foundation/Http/Middleware/ConvertEmptyStringsToNull.php(31): Illuminate\\Foundation\\Http\\Middleware\\TransformsRequest->handle(Object(Illuminate\\Http\\Request), Object(Closure))
#31 /Users/pauliyaji/Herd/powerhouse/vendor/laravel/framework/src/Illuminate/Pipeline/Pipeline.php(219): Illuminate\\Foundation\\Http\\Middleware\\ConvertEmptyStringsToNull->handle(Object(Illuminate\\Http\\Request), Object(Closure))
#32 /Users/pauliyaji/Herd/powerhouse/vendor/laravel/framework/src/Illuminate/Foundation/Http/Middleware/TransformsRequest.php(21): Illuminate\\Pipeline\\Pipeline->{closure:{closure:Illuminate\\Pipeline\\Pipeline::carry():194}:195}(Object(Illuminate\\Http\\Request))
#33 /Users/pauliyaji/Herd/powerhouse/vendor/laravel/framework/src/Illuminate/Foundation/Http/Middleware/TrimStrings.php(51): Illuminate\\Foundation\\Http\\Middleware\\TransformsRequest->handle(Object(Illuminate\\Http\\Request), Object(Closure))
#34 /Users/pauliyaji/Herd/powerhouse/vendor/laravel/framework/src/Illuminate/Pipeline/Pipeline.php(219): Illuminate\\Foundation\\Http\\Middleware\\TrimStrings->handle(Object(Illuminate\\Http\\Request), Object(Closure))
#35 /Users/pauliyaji/Herd/powerhouse/vendor/laravel/framework/src/Illuminate/Http/Middleware/ValidatePostSize.php(27): Illuminate\\Pipeline\\Pipeline->{closure:{closure:Illuminate\\Pipeline\\Pipeline::carry():194}:195}(Object(Illuminate\\Http\\Request))
#36 /Users/pauliyaji/Herd/powerhouse/vendor/laravel/framework/src/Illuminate/Pipeline/Pipeline.php(219): Illuminate\\Http\\Middleware\\ValidatePostSize->handle(Object(Illuminate\\Http\\Request), Object(Closure))
#37 /Users/pauliyaji/Herd/powerhouse/vendor/laravel/framework/src/Illuminate/Foundation/Http/Middleware/PreventRequestsDuringMaintenance.php(109): Illuminate\\Pipeline\\Pipeline->{closure:{closure:Illuminate\\Pipeline\\Pipeline::carry():194}:195}(Object(Illuminate\\Http\\Request))
#38 /Users/pauliyaji/Herd/powerhouse/vendor/laravel/framework/src/Illuminate/Pipeline/Pipeline.php(219): Illuminate\\Foundation\\Http\\Middleware\\PreventRequestsDuringMaintenance->handle(Object(Illuminate\\Http\\Request), Object(Closure))
#39 /Users/pauliyaji/Herd/powerhouse/vendor/laravel/framework/src/Illuminate/Http/Middleware/HandleCors.php(61): Illuminate\\Pipeline\\Pipeline->{closure:{closure:Illuminate\\Pipeline\\Pipeline::carry():194}:195}(Object(Illuminate\\Http\\Request))
#40 /Users/pauliyaji/Herd/powerhouse/vendor/laravel/framework/src/Illuminate/Pipeline/Pipeline.php(219): Illuminate\\Http\\Middleware\\HandleCors->handle(Object(Illuminate\\Http\\Request), Object(Closure))
#41 /Users/pauliyaji/Herd/powerhouse/vendor/laravel/framework/src/Illuminate/Http/Middleware/TrustProxies.php(58): Illuminate\\Pipeline\\Pipeline->{closure:{closure:Illuminate\\Pipeline\\Pipeline::carry():194}:195}(Object(Illuminate\\Http\\Request))
#42 /Users/pauliyaji/Herd/powerhouse/vendor/laravel/framework/src/Illuminate/Pipeline/Pipeline.php(219): Illuminate\\Http\\Middleware\\TrustProxies->handle(Object(Illuminate\\Http\\Request), Object(Closure))
#43 /Users/pauliyaji/Herd/powerhouse/vendor/laravel/framework/src/Illuminate/Foundation/Http/Middleware/InvokeDeferredCallbacks.php(22): Illuminate\\Pipeline\\Pipeline->{closure:{closure:Illuminate\\Pipeline\\Pipeline::carry():194}:195}(Object(Illuminate\\Http\\Request))
#44 /Users/pauliyaji/Herd/powerhouse/vendor/laravel/framework/src/Illuminate/Pipeline/Pipeline.php(219): Illuminate\\Foundation\\Http\\Middleware\\InvokeDeferredCallbacks->handle(Object(Illuminate\\Http\\Request), Object(Closure))
#45 /Users/pauliyaji/Herd/powerhouse/vendor/laravel/framework/src/Illuminate/Http/Middleware/ValidatePathEncoding.php(26): Illuminate\\Pipeline\\Pipeline->{closure:{closure:Illuminate\\Pipeline\\Pipeline::carry():194}:195}(Object(Illuminate\\Http\\Request))
#46 /Users/pauliyaji/Herd/powerhouse/vendor/laravel/framework/src/Illuminate/Pipeline/Pipeline.php(219): Illuminate\\Http\\Middleware\\ValidatePathEncoding->handle(Object(Illuminate\\Http\\Request), Object(Closure))
#47 /Users/pauliyaji/Herd/powerhouse/vendor/laravel/framework/src/Illuminate/Pipeline/Pipeline.php(137): Illuminate\\Pipeline\\Pipeline->{closure:{closure:Illuminate\\Pipeline\\Pipeline::carry():194}:195}(Object(Illuminate\\Http\\Request))
#48 /Users/pauliyaji/Herd/powerhouse/vendor/laravel/framework/src/Illuminate/Foundation/Http/Kernel.php(175): Illuminate\\Pipeline\\Pipeline->then(Object(Closure))
#49 /Users/pauliyaji/Herd/powerhouse/vendor/laravel/framework/src/Illuminate/Foundation/Http/Kernel.php(144): Illuminate\\Foundation\\Http\\Kernel->sendRequestThroughRouter(Object(Illuminate\\Http\\Request))
#50 /Users/pauliyaji/Herd/powerhouse/vendor/laravel/framework/src/Illuminate/Foundation/Testing/Concerns/MakesHttpRequests.php(607): Illuminate\\Foundation\\Http\\Kernel->handle(Object(Illuminate\\Http\\Request))
#51 /Users/pauliyaji/Herd/powerhouse/vendor/laravel/framework/src/Illuminate/Foundation/Testing/Concerns/MakesHttpRequests.php(368): Illuminate\\Foundation\\Testing\\TestCase->call('GET', 'http://powerhou...', Array, Array, Array, Array)
#52 /Users/pauliyaji/Herd/powerhouse/tests/Feature/PdfLibraryTest.php(53): Illuminate\\Foundation\\Testing\\TestCase->get('http://powerhou...')
#53 /Users/pauliyaji/Herd/powerhouse/vendor/pestphp/pest/src/Factories/TestCaseMethodFactory.php(177): P\\Tests\\Feature\\PdfLibraryTest->{closure:/Users/pauliyaji/Herd/powerhouse/tests/Feature/PdfLibraryTest.php:46}()
#54 [internal function]: P\\Tests\\Feature\\PdfLibraryTest->{closure:Pest\\Factories\\TestCaseMethodFactory::getClosure():167}()
#55 /Users/pauliyaji/Herd/powerhouse/vendor/pestphp/pest/src/Concerns/Testable.php(576): call_user_func_array(Object(Closure), Array)
#56 /Users/pauliyaji/Herd/powerhouse/vendor/pestphp/pest/src/Support/ExceptionTrace.php(26): P\\Tests\\Feature\\PdfLibraryTest->{closure:Pest\\Concerns\\Testable::__callClosure():576}()
#57 /Users/pauliyaji/Herd/powerhouse/vendor/pestphp/pest/src/Concerns/Testable.php(576): Pest\\Support\\ExceptionTrace::ensure(Object(Closure))
#58 /Users/pauliyaji/Herd/powerhouse/vendor/pestphp/pest/src/Concerns/Testable.php(403): P\\Tests\\Feature\\PdfLibraryTest->__callClosure(Object(Closure), Array)
#59 /Users/pauliyaji/Herd/powerhouse/vendor/pestphp/pest/src/Factories/TestCaseFactory.php(175) : eval()'d code(44): P\\Tests\\Feature\\PdfLibraryTest->__runTest(Object(Closure))
#60 /Users/pauliyaji/Herd/powerhouse/vendor/phpunit/phpunit/src/Framework/TestCase.php(1310): P\\Tests\\Feature\\PdfLibraryTest->__pest_evaluable_it_streams_the_PDF_for_the_authenticated_owner()
#61 /Users/pauliyaji/Herd/powerhouse/vendor/phpunit/phpunit/src/Framework/TestCase.php(1344): PHPUnit\\Framework\\TestCase->invokeTestMethod('__pest_evaluabl...', Array)
#62 /Users/pauliyaji/Herd/powerhouse/vendor/phpunit/phpunit/src/Framework/TestCase.php(520): PHPUnit\\Framework\\TestCase->runTest()
#63 /Users/pauliyaji/Herd/powerhouse/vendor/phpunit/phpunit/src/Framework/TestRunner/TestRunner.php(99): PHPUnit\\Framework\\TestCase->runBare()
#64 /Users/pauliyaji/Herd/powerhouse/vendor/phpunit/phpunit/src/Framework/TestCase.php(360): PHPUnit\\Framework\\TestRunner->run(Object(P\\Tests\\Feature\\PdfLibraryTest))
#65 /Users/pauliyaji/Herd/powerhouse/vendor/phpunit/phpunit/src/Framework/TestSuite.php(374): PHPUnit\\Framework\\TestCase->run()
#66 /Users/pauliyaji/Herd/powerhouse/vendor/phpunit/phpunit/src/Framework/TestSuite.php(374): PHPUnit\\Framework\\TestSuite->run()
#67 /Users/pauliyaji/Herd/powerhouse/vendor/phpunit/phpunit/src/Framework/TestSuite.php(374): PHPUnit\\Framework\\TestSuite->run()
#68 /Users/pauliyaji/Herd/powerhouse/vendor/phpunit/phpunit/src/TextUI/TestRunner.php(64): PHPUnit\\Framework\\TestSuite->run()
#69 /Users/pauliyaji/Herd/powerhouse/vendor/phpunit/phpunit/src/TextUI/Application.php(229): PHPUnit\\TextUI\\TestRunner->run(Object(PHPUnit\\TextUI\\Configuration\\Configuration), Object(PHPUnit\\Runner\\ResultCache\\DefaultResultCache), Object(PHPUnit\\Framework\\TestSuite))
#70 /Users/pauliyaji/Herd/powerhouse/vendor/pestphp/pest/src/Kernel.php(117): PHPUnit\\TextUI\\Application->run(Array)
#71 /Users/pauliyaji/Herd/powerhouse/vendor/pestphp/pest/bin/pest(207): Pest\\Kernel->handle(Array, Array)
#72 /Users/pauliyaji/Herd/powerhouse/vendor/pestphp/pest/bin/pest(215): {closure:/Users/pauliyaji/Herd/powerhouse/vendor/pestphp/pest/bin/pest:21}()
#73 {main}
"} 
[2026-07-30 02:55:57] testing.ERROR: Call to undefined method App\Http\Controllers\PdfController::authorize() {"userId":1,"exception":"[object] (Error(code: 0): Call to undefined method App\\Http\\Controllers\\PdfController::authorize() at /Users/pauliyaji/Herd/powerhouse/app/Http/Controllers/PdfController.php:134)
[stacktrace]
#0 /Users/pauliyaji/Herd/powerhouse/vendor/laravel/framework/src/Illuminate/Routing/ControllerDispatcher.php(46): App\\Http\\Controllers\\PdfController->stream(Object(Illuminate\\Http\\Request), Object(App\\Models\\Document))
#1 /Users/pauliyaji/Herd/powerhouse/vendor/laravel/framework/src/Illuminate/Routing/Route.php(265): Illuminate\\Routing\\ControllerDispatcher->dispatch(Object(Illuminate\\Routing\\Route), Object(App\\Http\\Controllers\\PdfController), 'stream')
#2 /Users/pauliyaji/Herd/powerhouse/vendor/laravel/framework/src/Illuminate/Routing/Route.php(211): Illuminate\\Routing\\Route->runController()
#3 /Users/pauliyaji/Herd/powerhouse/vendor/laravel/framework/src/Illuminate/Routing/Router.php(822): Illuminate\\Routing\\Route->run()
#4 /Users/pauliyaji/Herd/powerhouse/vendor/laravel/framework/src/Illuminate/Pipeline/Pipeline.php(180): Illuminate\\Routing\\Router->{closure:Illuminate\\Routing\\Router::runRouteWithinStack():821}(Object(Illuminate\\Http\\Request))
#5 /Users/pauliyaji/Herd/powerhouse/vendor/laravel/framework/src/Illuminate/Routing/Middleware/SubstituteBindings.php(50): Illuminate\\Pipeline\\Pipeline->{closure:Illuminate\\Pipeline\\Pipeline::prepareDestination():178}(Object(Illuminate\\Http\\Request))
#6 /Users/pauliyaji/Herd/powerhouse/vendor/laravel/framework/src/Illuminate/Pipeline/Pipeline.php(219): Illuminate\\Routing\\Middleware\\SubstituteBindings->handle(Object(Illuminate\\Http\\Request), Object(Closure))
#7 /Users/pauliyaji/Herd/powerhouse/vendor/laravel/framework/src/Illuminate/Auth/Middleware/Authenticate.php(63): Illuminate\\Pipeline\\Pipeline->{closure:{closure:Illuminate\\Pipeline\\Pipeline::carry():194}:195}(Object(Illuminate\\Http\\Request))
#8 /Users/pauliyaji/Herd/powerhouse/vendor/laravel/framework/src/Illuminate/Pipeline/Pipeline.php(219): Illuminate\\Auth\\Middleware\\Authenticate->handle(Object(Illuminate\\Http\\Request), Object(Closure))
#9 /Users/pauliyaji/Herd/powerhouse/vendor/laravel/framework/src/Illuminate/Foundation/Http/Middleware/VerifyCsrfToken.php(87): Illuminate\\Pipeline\\Pipeline->{closure:{closure:Illuminate\\Pipeline\\Pipeline::carry():194}:195}(Object(Illuminate\\Http\\Request))
#10 /Users/pauliyaji/Herd/powerhouse/vendor/laravel/framework/src/Illuminate/Pipeline/Pipeline.php(219): Illuminate\\Foundation\\Http\\Middleware\\VerifyCsrfToken->handle(Object(Illuminate\\Http\\Request), Object(Closure))
#11 /Users/pauliyaji/Herd/powerhouse/vendor/laravel/framework/src/Illuminate/View/Middleware/ShareErrorsFromSession.php(48): Illuminate\\Pipeline\\Pipeline->{closure:{closure:Illuminate\\Pipeline\\Pipeline::carry():194}:195}(Object(Illuminate\\Http\\Request))
#12 /Users/pauliyaji/Herd/powerhouse/vendor/laravel/framework/src/Illuminate/Pipeline/Pipeline.php(219): Illuminate\\View\\Middleware\\ShareErrorsFromSession->handle(Object(Illuminate\\Http\\Request), Object(Closure))
#13 /Users/pauliyaji/Herd/powerhouse/vendor/laravel/framework/src/Illuminate/Session/Middleware/StartSession.php(120): Illuminate\\Pipeline\\Pipeline->{closure:{closure:Illuminate\\Pipeline\\Pipeline::carry():194}:195}(Object(Illuminate\\Http\\Request))
#14 /Users/pauliyaji/Herd/powerhouse/vendor/laravel/framework/src/Illuminate/Session/Middleware/StartSession.php(63): Illuminate\\Session\\Middleware\\StartSession->handleStatefulRequest(Object(Illuminate\\Http\\Request), Object(Illuminate\\Session\\Store), Object(Closure))
#15 /Users/pauliyaji/Herd/powerhouse/vendor/laravel/framework/src/Illuminate/Pipeline/Pipeline.php(219): Illuminate\\Session\\Middleware\\StartSession->handle(Object(Illuminate\\Http\\Request), Object(Closure))
#16 /Users/pauliyaji/Herd/powerhouse/vendor/laravel/framework/src/Illuminate/Cookie/Middleware/AddQueuedCookiesToResponse.php(36): Illuminate\\Pipeline\\Pipeline->{closure:{closure:Illuminate\\Pipeline\\Pipeline::carry():194}:195}(Object(Illuminate\\Http\\Request))
#17 /Users/pauliyaji/Herd/powerhouse/vendor/laravel/framework/src/Illuminate/Pipeline/Pipeline.php(219): Illuminate\\Cookie\\Middleware\\AddQueuedCookiesToResponse->handle(Object(Illuminate\\Http\\Request), Object(Closure))
#18 /Users/pauliyaji/Herd/powerhouse/vendor/laravel/framework/src/Illuminate/Cookie/Middleware/EncryptCookies.php(74): Illuminate\\Pipeline\\Pipeline->{closure:{closure:Illuminate\\Pipeline\\Pipeline::carry():194}:195}(Object(Illuminate\\Http\\Request))
#19 /Users/pauliyaji/Herd/powerhouse/vendor/laravel/framework/src/Illuminate/Pipeline/Pipeline.php(219): Illuminate\\Cookie\\Middleware\\EncryptCookies->handle(Object(Illuminate\\Http\\Request), Object(Closure))
#20 /Users/pauliyaji/Herd/powerhouse/vendor/laravel/framework/src/Illuminate/Pipeline/Pipeline.php(137): Illuminate\\Pipeline\\Pipeline->{closure:{closure:Illuminate\\Pipeline\\Pipeline::carry():194}:195}(Object(Illuminate\\Http\\Request))
#21 /Users/pauliyaji/Herd/powerhouse/vendor/laravel/framework/src/Illuminate/Routing/Router.php(821): Illuminate\\Pipeline\\Pipeline->then(Object(Closure))
#22 /Users/pauliyaji/Herd/powerhouse/vendor/laravel/framework/src/Illuminate/Routing/Router.php(800): Illuminate\\Routing\\Router->runRouteWithinStack(Object(Illuminate\\Routing\\Route), Object(Illuminate\\Http\\Request))
#23 /Users/pauliyaji/Herd/powerhouse/vendor/laravel/framework/src/Illuminate/Routing/Router.php(764): Illuminate\\Routing\\Router->runRoute(Object(Illuminate\\Http\\Request), Object(Illuminate\\Routing\\Route))
#24 /Users/pauliyaji/Herd/powerhouse/vendor/laravel/framework/src/Illuminate/Routing/Router.php(753): Illuminate\\Routing\\Router->dispatchToRoute(Object(Illuminate\\Http\\Request))
#25 /Users/pauliyaji/Herd/powerhouse/vendor/laravel/framework/src/Illuminate/Foundation/Http/Kernel.php(200): Illuminate\\Routing\\Router->dispatch(Object(Illuminate\\Http\\Request))
#26 /Users/pauliyaji/Herd/powerhouse/vendor/laravel/framework/src/Illuminate/Pipeline/Pipeline.php(180): Illuminate\\Foundation\\Http\\Kernel->{closure:Illuminate\\Foundation\\Http\\Kernel::dispatchToRouter():197}(Object(Illuminate\\Http\\Request))
#27 /Users/pauliyaji/Herd/powerhouse/vendor/livewire/livewire/src/Features/SupportDisablingBackButtonCache/DisableBackButtonCacheMiddleware.php(19): Illuminate\\Pipeline\\Pipeline->{closure:Illuminate\\Pipeline\\Pipeline::prepareDestination():178}(Object(Illuminate\\Http\\Request))
#28 /Users/pauliyaji/Herd/powerhouse/vendor/laravel/framework/src/Illuminate/Pipeline/Pipeline.php(219): Livewire\\Features\\SupportDisablingBackButtonCache\\DisableBackButtonCacheMiddleware->handle(Object(Illuminate\\Http\\Request), Object(Closure))
#29 /Users/pauliyaji/Herd/powerhouse/vendor/laravel/framework/src/Illuminate/Foundation/Http/Middleware/TransformsRequest.php(21): Illuminate\\Pipeline\\Pipeline->{closure:{closure:Illuminate\\Pipeline\\Pipeline::carry():194}:195}(Object(Illuminate\\Http\\Request))
#30 /Users/pauliyaji/Herd/powerhouse/vendor/laravel/framework/src/Illuminate/Foundation/Http/Middleware/ConvertEmptyStringsToNull.php(31): Illuminate\\Foundation\\Http\\Middleware\\TransformsRequest->handle(Object(Illuminate\\Http\\Request), Object(Closure))
#31 /Users/pauliyaji/Herd/powerhouse/vendor/laravel/framework/src/Illuminate/Pipeline/Pipeline.php(219): Illuminate\\Foundation\\Http\\Middleware\\ConvertEmptyStringsToNull->handle(Object(Illuminate\\Http\\Request), Object(Closure))
#32 /Users/pauliyaji/Herd/powerhouse/vendor/laravel/framework/src/Illuminate/Foundation/Http/Middleware/TransformsRequest.php(21): Illuminate\\Pipeline\\Pipeline->{closure:{closure:Illuminate\\Pipeline\\Pipeline::carry():194}:195}(Object(Illuminate\\Http\\Request))
#33 /Users/pauliyaji/Herd/powerhouse/vendor/laravel/framework/src/Illuminate/Foundation/Http/Middleware/TrimStrings.php(51): Illuminate\\Foundation\\Http\\Middleware\\TransformsRequest->handle(Object(Illuminate\\Http\\Request), Object(Closure))
#34 /Users/pauliyaji/Herd/powerhouse/vendor/laravel/framework/src/Illuminate/Pipeline/Pipeline.php(219): Illuminate\\Foundation\\Http\\Middleware\\TrimStrings->handle(Object(Illuminate\\Http\\Request), Object(Closure))
#35 /Users/pauliyaji/Herd/powerhouse/vendor/laravel/framework/src/Illuminate/Http/Middleware/ValidatePostSize.php(27): Illuminate\\Pipeline\\Pipeline->{closure:{closure:Illuminate\\Pipeline\\Pipeline::carry():194}:195}(Object(Illuminate\\Http\\Request))
#36 /Users/pauliyaji/Herd/powerhouse/vendor/laravel/framework/src/Illuminate/Pipeline/Pipeline.php(219): Illuminate\\Http\\Middleware\\ValidatePostSize->handle(Object(Illuminate\\Http\\Request), Object(Closure))
#37 /Users/pauliyaji/Herd/powerhouse/vendor/laravel/framework/src/Illuminate/Foundation/Http/Middleware/PreventRequestsDuringMaintenance.php(109): Illuminate\\Pipeline\\Pipeline->{closure:{closure:Illuminate\\Pipeline\\Pipeline::carry():194}:195}(Object(Illuminate\\Http\\Request))
#38 /Users/pauliyaji/Herd/powerhouse/vendor/laravel/framework/src/Illuminate/Pipeline/Pipeline.php(219): Illuminate\\Foundation\\Http\\Middleware\\PreventRequestsDuringMaintenance->handle(Object(Illuminate\\Http\\Request), Object(Closure))
#39 /Users/pauliyaji/Herd/powerhouse/vendor/laravel/framework/src/Illuminate/Http/Middleware/HandleCors.php(61): Illuminate\\Pipeline\\Pipeline->{closure:{closure:Illuminate\\Pipeline\\Pipeline::carry():194}:195}(Object(Illuminate\\Http\\Request))
#40 /Users/pauliyaji/Herd/powerhouse/vendor/laravel/framework/src/Illuminate/Pipeline/Pipeline.php(219): Illuminate\\Http\\Middleware\\HandleCors->handle(Object(Illuminate\\Http\\Request), Object(Closure))
#41 /Users/pauliyaji/Herd/powerhouse/vendor/laravel/framework/src/Illuminate/Http/Middleware/TrustProxies.php(58): Illuminate\\Pipeline\\Pipeline->{closure:{closure:Illuminate\\Pipeline\\Pipeline::carry():194}:195}(Object(Illuminate\\Http\\Request))
#42 /Users/pauliyaji/Herd/powerhouse/vendor/laravel/framework/src/Illuminate/Pipeline/Pipeline.php(219): Illuminate\\Http\\Middleware\\TrustProxies->handle(Object(Illuminate\\Http\\Request), Object(Closure))
#43 /Users/pauliyaji/Herd/powerhouse/vendor/laravel/framework/src/Illuminate/Foundation/Http/Middleware/InvokeDeferredCallbacks.php(22): Illuminate\\Pipeline\\Pipeline->{closure:{closure:Illuminate\\Pipeline\\Pipeline::carry():194}:195}(Object(Illuminate\\Http\\Request))
#44 /Users/pauliyaji/Herd/powerhouse/vendor/laravel/framework/src/Illuminate/Pipeline/Pipeline.php(219): Illuminate\\Foundation\\Http\\Middleware\\InvokeDeferredCallbacks->handle(Object(Illuminate\\Http\\Request), Object(Closure))
#45 /Users/pauliyaji/Herd/powerhouse/vendor/laravel/framework/src/Illuminate/Http/Middleware/ValidatePathEncoding.php(26): Illuminate\\Pipeline\\Pipeline->{closure:{closure:Illuminate\\Pipeline\\Pipeline::carry():194}:195}(Object(Illuminate\\Http\\Request))
#46 /Users/pauliyaji/Herd/powerhouse/vendor/laravel/framework/src/Illuminate/Pipeline/Pipeline.php(219): Illuminate\\Http\\Middleware\\ValidatePathEncoding->handle(Object(Illuminate\\Http\\Request), Object(Closure))
#47 /Users/pauliyaji/Herd/powerhouse/vendor/laravel/framework/src/Illuminate/Pipeline/Pipeline.php(137): Illuminate\\Pipeline\\Pipeline->{closure:{closure:Illuminate\\Pipeline\\Pipeline::carry():194}:195}(Object(Illuminate\\Http\\Request))
#48 /Users/pauliyaji/Herd/powerhouse/vendor/laravel/framework/src/Illuminate/Foundation/Http/Kernel.php(175): Illuminate\\Pipeline\\Pipeline->then(Object(Closure))
#49 /Users/pauliyaji/Herd/powerhouse/vendor/laravel/framework/src/Illuminate/Foundation/Http/Kernel.php(144): Illuminate\\Foundation\\Http\\Kernel->sendRequestThroughRouter(Object(Illuminate\\Http\\Request))
#50 /Users/pauliyaji/Herd/powerhouse/vendor/laravel/framework/src/Illuminate/Foundation/Testing/Concerns/MakesHttpRequests.php(607): Illuminate\\Foundation\\Http\\Kernel->handle(Object(Illuminate\\Http\\Request))
#51 /Users/pauliyaji/Herd/powerhouse/vendor/laravel/framework/src/Illuminate/Foundation/Testing/Concerns/MakesHttpRequests.php(368): Illuminate\\Foundation\\Testing\\TestCase->call('GET', 'http://powerhou...', Array, Array, Array, Array)
#52 /Users/pauliyaji/Herd/powerhouse/tests/Feature/PdfLibraryTest.php(66): Illuminate\\Foundation\\Testing\\TestCase->get('http://powerhou...')
#53 /Users/pauliyaji/Herd/powerhouse/vendor/pestphp/pest/src/Factories/TestCaseMethodFactory.php(177): P\\Tests\\Feature\\PdfLibraryTest->{closure:/Users/pauliyaji/Herd/powerhouse/tests/Feature/PdfLibraryTest.php:58}()
#54 [internal function]: P\\Tests\\Feature\\PdfLibraryTest->{closure:Pest\\Factories\\TestCaseMethodFactory::getClosure():167}()
#55 /Users/pauliyaji/Herd/powerhouse/vendor/pestphp/pest/src/Concerns/Testable.php(576): call_user_func_array(Object(Closure), Array)
#56 /Users/pauliyaji/Herd/powerhouse/vendor/pestphp/pest/src/Support/ExceptionTrace.php(26): P\\Tests\\Feature\\PdfLibraryTest->{closure:Pest\\Concerns\\Testable::__callClosure():576}()
#57 /Users/pauliyaji/Herd/powerhouse/vendor/pestphp/pest/src/Concerns/Testable.php(576): Pest\\Support\\ExceptionTrace::ensure(Object(Closure))
#58 /Users/pauliyaji/Herd/powerhouse/vendor/pestphp/pest/src/Concerns/Testable.php(403): P\\Tests\\Feature\\PdfLibraryTest->__callClosure(Object(Closure), Array)
#59 /Users/pauliyaji/Herd/powerhouse/vendor/pestphp/pest/src/Factories/TestCaseFactory.php(175) : eval()'d code(53): P\\Tests\\Feature\\PdfLibraryTest->__runTest(Object(Closure))
#60 /Users/pauliyaji/Herd/powerhouse/vendor/phpunit/phpunit/src/Framework/TestCase.php(1310): P\\Tests\\Feature\\PdfLibraryTest->__pest_evaluable_it_forbids_streaming_someone_else_s_document()
#61 /Users/pauliyaji/Herd/powerhouse/vendor/phpunit/phpunit/src/Framework/TestCase.php(1344): PHPUnit\\Framework\\TestCase->invokeTestMethod('__pest_evaluabl...', Array)
#62 /Users/pauliyaji/Herd/powerhouse/vendor/phpunit/phpunit/src/Framework/TestCase.php(520): PHPUnit\\Framework\\TestCase->runTest()
#63 /Users/pauliyaji/Herd/powerhouse/vendor/phpunit/phpunit/src/Framework/TestRunner/TestRunner.php(99): PHPUnit\\Framework\\TestCase->runBare()
#64 /Users/pauliyaji/Herd/powerhouse/vendor/phpunit/phpunit/src/Framework/TestCase.php(360): PHPUnit\\Framework\\TestRunner->run(Object(P\\Tests\\Feature\\PdfLibraryTest))
#65 /Users/pauliyaji/Herd/powerhouse/vendor/phpunit/phpunit/src/Framework/TestSuite.php(374): PHPUnit\\Framework\\TestCase->run()
#66 /Users/pauliyaji/Herd/powerhouse/vendor/phpunit/phpunit/src/Framework/TestSuite.php(374): PHPUnit\\Framework\\TestSuite->run()
#67 /Users/pauliyaji/Herd/powerhouse/vendor/phpunit/phpunit/src/Framework/TestSuite.php(374): PHPUnit\\Framework\\TestSuite->run()
#68 /Users/pauliyaji/Herd/powerhouse/vendor/phpunit/phpunit/src/TextUI/TestRunner.php(64): PHPUnit\\Framework\\TestSuite->run()
#69 /Users/pauliyaji/Herd/powerhouse/vendor/phpunit/phpunit/src/TextUI/Application.php(229): PHPUnit\\TextUI\\TestRunner->run(Object(PHPUnit\\TextUI\\Configuration\\Configuration), Object(PHPUnit\\Runner\\ResultCache\\DefaultResultCache), Object(PHPUnit\\Framework\\TestSuite))
#70 /Users/pauliyaji/Herd/powerhouse/vendor/pestphp/pest/src/Kernel.php(117): PHPUnit\\TextUI\\Application->run(Array)
#71 /Users/pauliyaji/Herd/powerhouse/vendor/pestphp/pest/bin/pest(207): Pest\\Kernel->handle(Array, Array)
#72 /Users/pauliyaji/Herd/powerhouse/vendor/pestphp/pest/bin/pest(215): {closure:/Users/pauliyaji/Herd/powerhouse/vendor/pestphp/pest/bin/pest:21}()
#73 {main}
"} 
[2026-07-30 02:55:57] testing.ERROR: Call to undefined method App\Http\Controllers\PdfController::authorize() {"userId":1,"exception":"[object] (Error(code: 0): Call to undefined method App\\Http\\Controllers\\PdfController::authorize() at /Users/pauliyaji/Herd/powerhouse/app/Http/Controllers/PdfController.php:127)
[stacktrace]
#0 /Users/pauliyaji/Herd/powerhouse/vendor/laravel/framework/src/Illuminate/Routing/ControllerDispatcher.php(46): App\\Http\\Controllers\\PdfController->show(Object(Illuminate\\Http\\Request), Object(App\\Models\\Document))
#1 /Users/pauliyaji/Herd/powerhouse/vendor/laravel/framework/src/Illuminate/Routing/Route.php(265): Illuminate\\Routing\\ControllerDispatcher->dispatch(Object(Illuminate\\Routing\\Route), Object(App\\Http\\Controllers\\PdfController), 'show')
#2 /Users/pauliyaji/Herd/powerhouse/vendor/laravel/framework/src/Illuminate/Routing/Route.php(211): Illuminate\\Routing\\Route->runController()
#3 /Users/pauliyaji/Herd/powerhouse/vendor/laravel/framework/src/Illuminate/Routing/Router.php(822): Illuminate\\Routing\\Route->run()
#4 /Users/pauliyaji/Herd/powerhouse/vendor/laravel/framework/src/Illuminate/Pipeline/Pipeline.php(180): Illuminate\\Routing\\Router->{closure:Illuminate\\Routing\\Router::runRouteWithinStack():821}(Object(Illuminate\\Http\\Request))
#5 /Users/pauliyaji/Herd/powerhouse/vendor/laravel/framework/src/Illuminate/Routing/Middleware/SubstituteBindings.php(50): Illuminate\\Pipeline\\Pipeline->{closure:Illuminate\\Pipeline\\Pipeline::prepareDestination():178}(Object(Illuminate\\Http\\Request))
#6 /Users/pauliyaji/Herd/powerhouse/vendor/laravel/framework/src/Illuminate/Pipeline/Pipeline.php(219): Illuminate\\Routing\\Middleware\\SubstituteBindings->handle(Object(Illuminate\\Http\\Request), Object(Closure))
#7 /Users/pauliyaji/Herd/powerhouse/vendor/laravel/framework/src/Illuminate/Auth/Middleware/Authenticate.php(63): Illuminate\\Pipeline\\Pipeline->{closure:{closure:Illuminate\\Pipeline\\Pipeline::carry():194}:195}(Object(Illuminate\\Http\\Request))
#8 /Users/pauliyaji/Herd/powerhouse/vendor/laravel/framework/src/Illuminate/Pipeline/Pipeline.php(219): Illuminate\\Auth\\Middleware\\Authenticate->handle(Object(Illuminate\\Http\\Request), Object(Closure))
#9 /Users/pauliyaji/Herd/powerhouse/vendor/laravel/framework/src/Illuminate/Foundation/Http/Middleware/VerifyCsrfToken.php(87): Illuminate\\Pipeline\\Pipeline->{closure:{closure:Illuminate\\Pipeline\\Pipeline::carry():194}:195}(Object(Illuminate\\Http\\Request))
#10 /Users/pauliyaji/Herd/powerhouse/vendor/laravel/framework/src/Illuminate/Pipeline/Pipeline.php(219): Illuminate\\Foundation\\Http\\Middleware\\VerifyCsrfToken->handle(Object(Illuminate\\Http\\Request), Object(Closure))
#11 /Users/pauliyaji/Herd/powerhouse/vendor/laravel/framework/src/Illuminate/View/Middleware/ShareErrorsFromSession.php(48): Illuminate\\Pipeline\\Pipeline->{closure:{closure:Illuminate\\Pipeline\\Pipeline::carry():194}:195}(Object(Illuminate\\Http\\Request))
#12 /Users/pauliyaji/Herd/powerhouse/vendor/laravel/framework/src/Illuminate/Pipeline/Pipeline.php(219): Illuminate\\View\\Middleware\\ShareErrorsFromSession->handle(Object(Illuminate\\Http\\Request), Object(Closure))
#13 /Users/pauliyaji/Herd/powerhouse/vendor/laravel/framework/src/Illuminate/Session/Middleware/StartSession.php(120): Illuminate\\Pipeline\\Pipeline->{closure:{closure:Illuminate\\Pipeline\\Pipeline::carry():194}:195}(Object(Illuminate\\Http\\Request))
#14 /Users/pauliyaji/Herd/powerhouse/vendor/laravel/framework/src/Illuminate/Session/Middleware/StartSession.php(63): Illuminate\\Session\\Middleware\\StartSession->handleStatefulRequest(Object(Illuminate\\Http\\Request), Object(Illuminate\\Session\\Store), Object(Closure))
#15 /Users/pauliyaji/Herd/powerhouse/vendor/laravel/framework/src/Illuminate/Pipeline/Pipeline.php(219): Illuminate\\Session\\Middleware\\StartSession->handle(Object(Illuminate\\Http\\Request), Object(Closure))
#16 /Users/pauliyaji/Herd/powerhouse/vendor/laravel/framework/src/Illuminate/Cookie/Middleware/AddQueuedCookiesToResponse.php(36): Illuminate\\Pipeline\\Pipeline->{closure:{closure:Illuminate\\Pipeline\\Pipeline::carry():194}:195}(Object(Illuminate\\Http\\Request))
#17 /Users/pauliyaji/Herd/powerhouse/vendor/laravel/framework/src/Illuminate/Pipeline/Pipeline.php(219): Illuminate\\Cookie\\Middleware\\AddQueuedCookiesToResponse->handle(Object(Illuminate\\Http\\Request), Object(Closure))
#18 /Users/pauliyaji/Herd/powerhouse/vendor/laravel/framework/src/Illuminate/Cookie/Middleware/EncryptCookies.php(74): Illuminate\\Pipeline\\Pipeline->{closure:{closure:Illuminate\\Pipeline\\Pipeline::carry():194}:195}(Object(Illuminate\\Http\\Request))
#19 /Users/pauliyaji/Herd/powerhouse/vendor/laravel/framework/src/Illuminate/Pipeline/Pipeline.php(219): Illuminate\\Cookie\\Middleware\\EncryptCookies->handle(Object(Illuminate\\Http\\Request), Object(Closure))
#20 /Users/pauliyaji/Herd/powerhouse/vendor/laravel/framework/src/Illuminate/Pipeline/Pipeline.php(137): Illuminate\\Pipeline\\Pipeline->{closure:{closure:Illuminate\\Pipeline\\Pipeline::carry():194}:195}(Object(Illuminate\\Http\\Request))
#21 /Users/pauliyaji/Herd/powerhouse/vendor/laravel/framework/src/Illuminate/Routing/Router.php(821): Illuminate\\Pipeline\\Pipeline->then(Object(Closure))
#22 /Users/pauliyaji/Herd/powerhouse/vendor/laravel/framework/src/Illuminate/Routing/Router.php(800): Illuminate\\Routing\\Router->runRouteWithinStack(Object(Illuminate\\Routing\\Route), Object(Illuminate\\Http\\Request))
#23 /Users/pauliyaji/Herd/powerhouse/vendor/laravel/framework/src/Illuminate/Routing/Router.php(764): Illuminate\\Routing\\Router->runRoute(Object(Illuminate\\Http\\Request), Object(Illuminate\\Routing\\Route))
#24 /Users/pauliyaji/Herd/powerhouse/vendor/laravel/framework/src/Illuminate/Routing/Router.php(753): Illuminate\\Routing\\Router->dispatchToRoute(Object(Illuminate\\Http\\Request))
#25 /Users/pauliyaji/Herd/powerhouse/vendor/laravel/framework/src/Illuminate/Foundation/Http/Kernel.php(200): Illuminate\\Routing\\Router->dispatch(Object(Illuminate\\Http\\Request))
#26 /Users/pauliyaji/Herd/powerhouse/vendor/laravel/framework/src/Illuminate/Pipeline/Pipeline.php(180): Illuminate\\Foundation\\Http\\Kernel->{closure:Illuminate\\Foundation\\Http\\Kernel::dispatchToRouter():197}(Object(Illuminate\\Http\\Request))
#27 /Users/pauliyaji/Herd/powerhouse/vendor/livewire/livewire/src/Features/SupportDisablingBackButtonCache/DisableBackButtonCacheMiddleware.php(19): Illuminate\\Pipeline\\Pipeline->{closure:Illuminate\\Pipeline\\Pipeline::prepareDestination():178}(Object(Illuminate\\Http\\Request))
#28 /Users/pauliyaji/Herd/powerhouse/vendor/laravel/framework/src/Illuminate/Pipeline/Pipeline.php(219): Livewire\\Features\\SupportDisablingBackButtonCache\\DisableBackButtonCacheMiddleware->handle(Object(Illuminate\\Http\\Request), Object(Closure))
#29 /Users/pauliyaji/Herd/powerhouse/vendor/laravel/framework/src/Illuminate/Foundation/Http/Middleware/TransformsRequest.php(21): Illuminate\\Pipeline\\Pipeline->{closure:{closure:Illuminate\\Pipeline\\Pipeline::carry():194}:195}(Object(Illuminate\\Http\\Request))
#30 /Users/pauliyaji/Herd/powerhouse/vendor/laravel/framework/src/Illuminate/Foundation/Http/Middleware/ConvertEmptyStringsToNull.php(31): Illuminate\\Foundation\\Http\\Middleware\\TransformsRequest->handle(Object(Illuminate\\Http\\Request), Object(Closure))
#31 /Users/pauliyaji/Herd/powerhouse/vendor/laravel/framework/src/Illuminate/Pipeline/Pipeline.php(219): Illuminate\\Foundation\\Http\\Middleware\\ConvertEmptyStringsToNull->handle(Object(Illuminate\\Http\\Request), Object(Closure))
#32 /Users/pauliyaji/Herd/powerhouse/vendor/laravel/framework/src/Illuminate/Foundation/Http/Middleware/TransformsRequest.php(21): Illuminate\\Pipeline\\Pipeline->{closure:{closure:Illuminate\\Pipeline\\Pipeline::carry():194}:195}(Object(Illuminate\\Http\\Request))
#33 /Users/pauliyaji/Herd/powerhouse/vendor/laravel/framework/src/Illuminate/Foundation/Http/Middleware/TrimStrings.php(51): Illuminate\\Foundation\\Http\\Middleware\\TransformsRequest->handle(Object(Illuminate\\Http\\Request), Object(Closure))
#34 /Users/pauliyaji/Herd/powerhouse/vendor/laravel/framework/src/Illuminate/Pipeline/Pipeline.php(219): Illuminate\\Foundation\\Http\\Middleware\\TrimStrings->handle(Object(Illuminate\\Http\\Request), Object(Closure))
#35 /Users/pauliyaji/Herd/powerhouse/vendor/laravel/framework/src/Illuminate/Http/Middleware/ValidatePostSize.php(27): Illuminate\\Pipeline\\Pipeline->{closure:{closure:Illuminate\\Pipeline\\Pipeline::carry():194}:195}(Object(Illuminate\\Http\\Request))
#36 /Users/pauliyaji/Herd/powerhouse/vendor/laravel/framework/src/Illuminate/Pipeline/Pipeline.php(219): Illuminate\\Http\\Middleware\\ValidatePostSize->handle(Object(Illuminate\\Http\\Request), Object(Closure))
#37 /Users/pauliyaji/Herd/powerhouse/vendor/laravel/framework/src/Illuminate/Foundation/Http/Middleware/PreventRequestsDuringMaintenance.php(109): Illuminate\\Pipeline\\Pipeline->{closure:{closure:Illuminate\\Pipeline\\Pipeline::carry():194}:195}(Object(Illuminate\\Http\\Request))
#38 /Users/pauliyaji/Herd/powerhouse/vendor/laravel/framework/src/Illuminate/Pipeline/Pipeline.php(219): Illuminate\\Foundation\\Http\\Middleware\\PreventRequestsDuringMaintenance->handle(Object(Illuminate\\Http\\Request), Object(Closure))
#39 /Users/pauliyaji/Herd/powerhouse/vendor/laravel/framework/src/Illuminate/Http/Middleware/HandleCors.php(61): Illuminate\\Pipeline\\Pipeline->{closure:{closure:Illuminate\\Pipeline\\Pipeline::carry():194}:195}(Object(Illuminate\\Http\\Request))
#40 /Users/pauliyaji/Herd/powerhouse/vendor/laravel/framework/src/Illuminate/Pipeline/Pipeline.php(219): Illuminate\\Http\\Middleware\\HandleCors->handle(Object(Illuminate\\Http\\Request), Object(Closure))
#41 /Users/pauliyaji/Herd/powerhouse/vendor/laravel/framework/src/Illuminate/Http/Middleware/TrustProxies.php(58): Illuminate\\Pipeline\\Pipeline->{closure:{closure:Illuminate\\Pipeline\\Pipeline::carry():194}:195}(Object(Illuminate\\Http\\Request))
#42 /Users/pauliyaji/Herd/powerhouse/vendor/laravel/framework/src/Illuminate/Pipeline/Pipeline.php(219): Illuminate\\Http\\Middleware\\TrustProxies->handle(Object(Illuminate\\Http\\Request), Object(Closure))
#43 /Users/pauliyaji/Herd/powerhouse/vendor/laravel/framework/src/Illuminate/Foundation/Http/Middleware/InvokeDeferredCallbacks.php(22): Illuminate\\Pipeline\\Pipeline->{closure:{closure:Illuminate\\Pipeline\\Pipeline::carry():194}:195}(Object(Illuminate\\Http\\Request))
#44 /Users/pauliyaji/Herd/powerhouse/vendor/laravel/framework/src/Illuminate/Pipeline/Pipeline.php(219): Illuminate\\Foundation\\Http\\Middleware\\InvokeDeferredCallbacks->handle(Object(Illuminate\\Http\\Request), Object(Closure))
#45 /Users/pauliyaji/Herd/powerhouse/vendor/laravel/framework/src/Illuminate/Http/Middleware/ValidatePathEncoding.php(26): Illuminate\\Pipeline\\Pipeline->{closure:{closure:Illuminate\\Pipeline\\Pipeline::carry():194}:195}(Object(Illuminate\\Http\\Request))
#46 /Users/pauliyaji/Herd/powerhouse/vendor/laravel/framework/src/Illuminate/Pipeline/Pipeline.php(219): Illuminate\\Http\\Middleware\\ValidatePathEncoding->handle(Object(Illuminate\\Http\\Request), Object(Closure))
#47 /Users/pauliyaji/Herd/powerhouse/vendor/laravel/framework/src/Illuminate/Pipeline/Pipeline.php(137): Illuminate\\Pipeline\\Pipeline->{closure:{closure:Illuminate\\Pipeline\\Pipeline::carry():194}:195}(Object(Illuminate\\Http\\Request))
#48 /Users/pauliyaji/Herd/powerhouse/vendor/laravel/framework/src/Illuminate/Foundation/Http/Kernel.php(175): Illuminate\\Pipeline\\Pipeline->then(Object(Closure))
#49 /Users/pauliyaji/Herd/powerhouse/vendor/laravel/framework/src/Illuminate/Foundation/Http/Kernel.php(144): Illuminate\\Foundation\\Http\\Kernel->sendRequestThroughRouter(Object(Illuminate\\Http\\Request))
#50 /Users/pauliyaji/Herd/powerhouse/vendor/laravel/framework/src/Illuminate/Foundation/Testing/Concerns/MakesHttpRequests.php(607): Illuminate\\Foundation\\Http\\Kernel->handle(Object(Illuminate\\Http\\Request))
#51 /Users/pauliyaji/Herd/powerhouse/vendor/laravel/framework/src/Illuminate/Foundation/Testing/Concerns/MakesHttpRequests.php(368): Illuminate\\Foundation\\Testing\\TestCase->call('GET', 'http://powerhou...', Array, Array, Array, Array)
#52 /Users/pauliyaji/Herd/powerhouse/tests/Feature/PdfLibraryTest.php(75): Illuminate\\Foundation\\Testing\\TestCase->get('http://powerhou...')
#53 /Users/pauliyaji/Herd/powerhouse/vendor/pestphp/pest/src/Factories/TestCaseMethodFactory.php(177): P\\Tests\\Feature\\PdfLibraryTest->{closure:/Users/pauliyaji/Herd/powerhouse/tests/Feature/PdfLibraryTest.php:70}()
#54 [internal function]: P\\Tests\\Feature\\PdfLibraryTest->{closure:Pest\\Factories\\TestCaseMethodFactory::getClosure():167}()
#55 /Users/pauliyaji/Herd/powerhouse/vendor/pestphp/pest/src/Concerns/Testable.php(576): call_user_func_array(Object(Closure), Array)
#56 /Users/pauliyaji/Herd/powerhouse/vendor/pestphp/pest/src/Support/ExceptionTrace.php(26): P\\Tests\\Feature\\PdfLibraryTest->{closure:Pest\\Concerns\\Testable::__callClosure():576}()
#57 /Users/pauliyaji/Herd/powerhouse/vendor/pestphp/pest/src/Concerns/Testable.php(576): Pest\\Support\\ExceptionTrace::ensure(Object(Closure))
#58 /Users/pauliyaji/Herd/powerhouse/vendor/pestphp/pest/src/Concerns/Testable.php(403): P\\Tests\\Feature\\PdfLibraryTest->__callClosure(Object(Closure), Array)
#59 /Users/pauliyaji/Herd/powerhouse/vendor/pestphp/pest/src/Factories/TestCaseFactory.php(175) : eval()'d code(62): P\\Tests\\Feature\\PdfLibraryTest->__runTest(Object(Closure))
#60 /Users/pauliyaji/Herd/powerhouse/vendor/phpunit/phpunit/src/Framework/TestCase.php(1310): P\\Tests\\Feature\\PdfLibraryTest->__pest_evaluable_it_forbids_viewing_someone_else_s_document()
#61 /Users/pauliyaji/Herd/powerhouse/vendor/phpunit/phpunit/src/Framework/TestCase.php(1344): PHPUnit\\Framework\\TestCase->invokeTestMethod('__pest_evaluabl...', Array)
#62 /Users/pauliyaji/Herd/powerhouse/vendor/phpunit/phpunit/src/Framework/TestCase.php(520): PHPUnit\\Framework\\TestCase->runTest()
#63 /Users/pauliyaji/Herd/powerhouse/vendor/phpunit/phpunit/src/Framework/TestRunner/TestRunner.php(99): PHPUnit\\Framework\\TestCase->runBare()
#64 /Users/pauliyaji/Herd/powerhouse/vendor/phpunit/phpunit/src/Framework/TestCase.php(360): PHPUnit\\Framework\\TestRunner->run(Object(P\\Tests\\Feature\\PdfLibraryTest))
#65 /Users/pauliyaji/Herd/powerhouse/vendor/phpunit/phpunit/src/Framework/TestSuite.php(374): PHPUnit\\Framework\\TestCase->run()
#66 /Users/pauliyaji/Herd/powerhouse/vendor/phpunit/phpunit/src/Framework/TestSuite.php(374): PHPUnit\\Framework\\TestSuite->run()
#67 /Users/pauliyaji/Herd/powerhouse/vendor/phpunit/phpunit/src/Framework/TestSuite.php(374): PHPUnit\\Framework\\TestSuite->run()
#68 /Users/pauliyaji/Herd/powerhouse/vendor/phpunit/phpunit/src/TextUI/TestRunner.php(64): PHPUnit\\Framework\\TestSuite->run()
#69 /Users/pauliyaji/Herd/powerhouse/vendor/phpunit/phpunit/src/TextUI/Application.php(229): PHPUnit\\TextUI\\TestRunner->run(Object(PHPUnit\\TextUI\\Configuration\\Configuration), Object(PHPUnit\\Runner\\ResultCache\\DefaultResultCache), Object(PHPUnit\\Framework\\TestSuite))
#70 /Users/pauliyaji/Herd/powerhouse/vendor/pestphp/pest/src/Kernel.php(117): PHPUnit\\TextUI\\Application->run(Array)
#71 /Users/pauliyaji/Herd/powerhouse/vendor/pestphp/pest/bin/pest(207): Pest\\Kernel->handle(Array, Array)
#72 /Users/pauliyaji/Herd/powerhouse/vendor/pestphp/pest/bin/pest(215): {closure:/Users/pauliyaji/Herd/powerhouse/vendor/pestphp/pest/bin/pest:21}()
#73 {main}
"} 
[2026-07-30 02:55:58] testing.ERROR: Call to undefined method App\Http\Controllers\PdfController::authorize() {"userId":1,"exception":"[object] (Error(code: 0): Call to undefined method App\\Http\\Controllers\\PdfController::authorize() at /Users/pauliyaji/Herd/powerhouse/app/Http/Controllers/PdfController.php:157)
[stacktrace]
#0 /Users/pauliyaji/Herd/powerhouse/vendor/laravel/framework/src/Illuminate/Routing/ControllerDispatcher.php(46): App\\Http\\Controllers\\PdfController->destroy(Object(Illuminate\\Http\\Request), Object(App\\Models\\Document))
#1 /Users/pauliyaji/Herd/powerhouse/vendor/laravel/framework/src/Illuminate/Routing/Route.php(265): Illuminate\\Routing\\ControllerDispatcher->dispatch(Object(Illuminate\\Routing\\Route), Object(App\\Http\\Controllers\\PdfController), 'destroy')
#2 /Users/pauliyaji/Herd/powerhouse/vendor/laravel/framework/src/Illuminate/Routing/Route.php(211): Illuminate\\Routing\\Route->runController()
#3 /Users/pauliyaji/Herd/powerhouse/vendor/laravel/framework/src/Illuminate/Routing/Router.php(822): Illuminate\\Routing\\Route->run()
#4 /Users/pauliyaji/Herd/powerhouse/vendor/laravel/framework/src/Illuminate/Pipeline/Pipeline.php(180): Illuminate\\Routing\\Router->{closure:Illuminate\\Routing\\Router::runRouteWithinStack():821}(Object(Illuminate\\Http\\Request))
#5 /Users/pauliyaji/Herd/powerhouse/vendor/laravel/framework/src/Illuminate/Routing/Middleware/SubstituteBindings.php(50): Illuminate\\Pipeline\\Pipeline->{closure:Illuminate\\Pipeline\\Pipeline::prepareDestination():178}(Object(Illuminate\\Http\\Request))
#6 /Users/pauliyaji/Herd/powerhouse/vendor/laravel/framework/src/Illuminate/Pipeline/Pipeline.php(219): Illuminate\\Routing\\Middleware\\SubstituteBindings->handle(Object(Illuminate\\Http\\Request), Object(Closure))
#7 /Users/pauliyaji/Herd/powerhouse/vendor/laravel/framework/src/Illuminate/Auth/Middleware/Authenticate.php(63): Illuminate\\Pipeline\\Pipeline->{closure:{closure:Illuminate\\Pipeline\\Pipeline::carry():194}:195}(Object(Illuminate\\Http\\Request))
#8 /Users/pauliyaji/Herd/powerhouse/vendor/laravel/framework/src/Illuminate/Pipeline/Pipeline.php(219): Illuminate\\Auth\\Middleware\\Authenticate->handle(Object(Illuminate\\Http\\Request), Object(Closure))
#9 /Users/pauliyaji/Herd/powerhouse/vendor/laravel/framework/src/Illuminate/Foundation/Http/Middleware/VerifyCsrfToken.php(87): Illuminate\\Pipeline\\Pipeline->{closure:{closure:Illuminate\\Pipeline\\Pipeline::carry():194}:195}(Object(Illuminate\\Http\\Request))
#10 /Users/pauliyaji/Herd/powerhouse/vendor/laravel/framework/src/Illuminate/Pipeline/Pipeline.php(219): Illuminate\\Foundation\\Http\\Middleware\\VerifyCsrfToken->handle(Object(Illuminate\\Http\\Request), Object(Closure))
#11 /Users/pauliyaji/Herd/powerhouse/vendor/laravel/framework/src/Illuminate/View/Middleware/ShareErrorsFromSession.php(48): Illuminate\\Pipeline\\Pipeline->{closure:{closure:Illuminate\\Pipeline\\Pipeline::carry():194}:195}(Object(Illuminate\\Http\\Request))
#12 /Users/pauliyaji/Herd/powerhouse/vendor/laravel/framework/src/Illuminate/Pipeline/Pipeline.php(219): Illuminate\\View\\Middleware\\ShareErrorsFromSession->handle(Object(Illuminate\\Http\\Request), Object(Closure))
#13 /Users/pauliyaji/Herd/powerhouse/vendor/laravel/framework/src/Illuminate/Session/Middleware/StartSession.php(120): Illuminate\\Pipeline\\Pipeline->{closure:{closure:Illuminate\\Pipeline\\Pipeline::carry():194}:195}(Object(Illuminate\\Http\\Request))
#14 /Users/pauliyaji/Herd/powerhouse/vendor/laravel/framework/src/Illuminate/Session/Middleware/StartSession.php(63): Illuminate\\Session\\Middleware\\StartSession->handleStatefulRequest(Object(Illuminate\\Http\\Request), Object(Illuminate\\Session\\Store), Object(Closure))
#15 /Users/pauliyaji/Herd/powerhouse/vendor/laravel/framework/src/Illuminate/Pipeline/Pipeline.php(219): Illuminate\\Session\\Middleware\\StartSession->handle(Object(Illuminate\\Http\\Request), Object(Closure))
#16 /Users/pauliyaji/Herd/powerhouse/vendor/laravel/framework/src/Illuminate/Cookie/Middleware/AddQueuedCookiesToResponse.php(36): Illuminate\\Pipeline\\Pipeline->{closure:{closure:Illuminate\\Pipeline\\Pipeline::carry():194}:195}(Object(Illuminate\\Http\\Request))
#17 /Users/pauliyaji/Herd/powerhouse/vendor/laravel/framework/src/Illuminate/Pipeline/Pipeline.php(219): Illuminate\\Cookie\\Middleware\\AddQueuedCookiesToResponse->handle(Object(Illuminate\\Http\\Request), Object(Closure))
#18 /Users/pauliyaji/Herd/powerhouse/vendor/laravel/framework/src/Illuminate/Cookie/Middleware/EncryptCookies.php(74): Illuminate\\Pipeline\\Pipeline->{closure:{closure:Illuminate\\Pipeline\\Pipeline::carry():194}:195}(Object(Illuminate\\Http\\Request))
#19 /Users/pauliyaji/Herd/powerhouse/vendor/laravel/framework/src/Illuminate/Pipeline/Pipeline.php(219): Illuminate\\Cookie\\Middleware\\EncryptCookies->handle(Object(Illuminate\\Http\\Request), Object(Closure))
#20 /Users/pauliyaji/Herd/powerhouse/vendor/laravel/framework/src/Illuminate/Pipeline/Pipeline.php(137): Illuminate\\Pipeline\\Pipeline->{closure:{closure:Illuminate\\Pipeline\\Pipeline::carry():194}:195}(Object(Illuminate\\Http\\Request))
#21 /Users/pauliyaji/Herd/powerhouse/vendor/laravel/framework/src/Illuminate/Routing/Router.php(821): Illuminate\\Pipeline\\Pipeline->then(Object(Closure))
#22 /Users/pauliyaji/Herd/powerhouse/vendor/laravel/framework/src/Illuminate/Routing/Router.php(800): Illuminate\\Routing\\Router->runRouteWithinStack(Object(Illuminate\\Routing\\Route), Object(Illuminate\\Http\\Request))
#23 /Users/pauliyaji/Herd/powerhouse/vendor/laravel/framework/src/Illuminate/Routing/Router.php(764): Illuminate\\Routing\\Router->runRoute(Object(Illuminate\\Http\\Request), Object(Illuminate\\Routing\\Route))
#24 /Users/pauliyaji/Herd/powerhouse/vendor/laravel/framework/src/Illuminate/Routing/Router.php(753): Illuminate\\Routing\\Router->dispatchToRoute(Object(Illuminate\\Http\\Request))
#25 /Users/pauliyaji/Herd/powerhouse/vendor/laravel/framework/src/Illuminate/Foundation/Http/Kernel.php(200): Illuminate\\Routing\\Router->dispatch(Object(Illuminate\\Http\\Request))
#26 /Users/pauliyaji/Herd/powerhouse/vendor/laravel/framework/src/Illuminate/Pipeline/Pipeline.php(180): Illuminate\\Foundation\\Http\\Kernel->{closure:Illuminate\\Foundation\\Http\\Kernel::dispatchToRouter():197}(Object(Illuminate\\Http\\Request))
#27 /Users/pauliyaji/Herd/powerhouse/vendor/livewire/livewire/src/Features/SupportDisablingBackButtonCache/DisableBackButtonCacheMiddleware.php(19): Illuminate\\Pipeline\\Pipeline->{closure:Illuminate\\Pipeline\\Pipeline::prepareDestination():178}(Object(Illuminate\\Http\\Request))
#28 /Users/pauliyaji/Herd/powerhouse/vendor/laravel/framework/src/Illuminate/Pipeline/Pipeline.php(219): Livewire\\Features\\SupportDisablingBackButtonCache\\DisableBackButtonCacheMiddleware->handle(Object(Illuminate\\Http\\Request), Object(Closure))
#29 /Users/pauliyaji/Herd/powerhouse/vendor/laravel/framework/src/Illuminate/Foundation/Http/Middleware/TransformsRequest.php(21): Illuminate\\Pipeline\\Pipeline->{closure:{closure:Illuminate\\Pipeline\\Pipeline::carry():194}:195}(Object(Illuminate\\Http\\Request))
#30 /Users/pauliyaji/Herd/powerhouse/vendor/laravel/framework/src/Illuminate/Foundation/Http/Middleware/ConvertEmptyStringsToNull.php(31): Illuminate\\Foundation\\Http\\Middleware\\TransformsRequest->handle(Object(Illuminate\\Http\\Request), Object(Closure))
#31 /Users/pauliyaji/Herd/powerhouse/vendor/laravel/framework/src/Illuminate/Pipeline/Pipeline.php(219): Illuminate\\Foundation\\Http\\Middleware\\ConvertEmptyStringsToNull->handle(Object(Illuminate\\Http\\Request), Object(Closure))
#32 /Users/pauliyaji/Herd/powerhouse/vendor/laravel/framework/src/Illuminate/Foundation/Http/Middleware/TransformsRequest.php(21): Illuminate\\Pipeline\\Pipeline->{closure:{closure:Illuminate\\Pipeline\\Pipeline::carry():194}:195}(Object(Illuminate\\Http\\Request))
#33 /Users/pauliyaji/Herd/powerhouse/vendor/laravel/framework/src/Illuminate/Foundation/Http/Middleware/TrimStrings.php(51): Illuminate\\Foundation\\Http\\Middleware\\TransformsRequest->handle(Object(Illuminate\\Http\\Request), Object(Closure))
#34 /Users/pauliyaji/Herd/powerhouse/vendor/laravel/framework/src/Illuminate/Pipeline/Pipeline.php(219): Illuminate\\Foundation\\Http\\Middleware\\TrimStrings->handle(Object(Illuminate\\Http\\Request), Object(Closure))
#35 /Users/pauliyaji/Herd/powerhouse/vendor/laravel/framework/src/Illuminate/Http/Middleware/ValidatePostSize.php(27): Illuminate\\Pipeline\\Pipeline->{closure:{closure:Illuminate\\Pipeline\\Pipeline::carry():194}:195}(Object(Illuminate\\Http\\Request))
#36 /Users/pauliyaji/Herd/powerhouse/vendor/laravel/framework/src/Illuminate/Pipeline/Pipeline.php(219): Illuminate\\Http\\Middleware\\ValidatePostSize->handle(Object(Illuminate\\Http\\Request), Object(Closure))
#37 /Users/pauliyaji/Herd/powerhouse/vendor/laravel/framework/src/Illuminate/Foundation/Http/Middleware/PreventRequestsDuringMaintenance.php(109): Illuminate\\Pipeline\\Pipeline->{closure:{closure:Illuminate\\Pipeline\\Pipeline::carry():194}:195}(Object(Illuminate\\Http\\Request))
#38 /Users/pauliyaji/Herd/powerhouse/vendor/laravel/framework/src/Illuminate/Pipeline/Pipeline.php(219): Illuminate\\Foundation\\Http\\Middleware\\PreventRequestsDuringMaintenance->handle(Object(Illuminate\\Http\\Request), Object(Closure))
#39 /Users/pauliyaji/Herd/powerhouse/vendor/laravel/framework/src/Illuminate/Http/Middleware/HandleCors.php(61): Illuminate\\Pipeline\\Pipeline->{closure:{closure:Illuminate\\Pipeline\\Pipeline::carry():194}:195}(Object(Illuminate\\Http\\Request))
#40 /Users/pauliyaji/Herd/powerhouse/vendor/laravel/framework/src/Illuminate/Pipeline/Pipeline.php(219): Illuminate\\Http\\Middleware\\HandleCors->handle(Object(Illuminate\\Http\\Request), Object(Closure))
#41 /Users/pauliyaji/Herd/powerhouse/vendor/laravel/framework/src/Illuminate/Http/Middleware/TrustProxies.php(58): Illuminate\\Pipeline\\Pipeline->{closure:{closure:Illuminate\\Pipeline\\Pipeline::carry():194}:195}(Object(Illuminate\\Http\\Request))
#42 /Users/pauliyaji/Herd/powerhouse/vendor/laravel/framework/src/Illuminate/Pipeline/Pipeline.php(219): Illuminate\\Http\\Middleware\\TrustProxies->handle(Object(Illuminate\\Http\\Request), Object(Closure))
#43 /Users/pauliyaji/Herd/powerhouse/vendor/laravel/framework/src/Illuminate/Foundation/Http/Middleware/InvokeDeferredCallbacks.php(22): Illuminate\\Pipeline\\Pipeline->{closure:{closure:Illuminate\\Pipeline\\Pipeline::carry():194}:195}(Object(Illuminate\\Http\\Request))
#44 /Users/pauliyaji/Herd/powerhouse/vendor/laravel/framework/src/Illuminate/Pipeline/Pipeline.php(219): Illuminate\\Foundation\\Http\\Middleware\\InvokeDeferredCallbacks->handle(Object(Illuminate\\Http\\Request), Object(Closure))
#45 /Users/pauliyaji/Herd/powerhouse/vendor/laravel/framework/src/Illuminate/Http/Middleware/ValidatePathEncoding.php(26): Illuminate\\Pipeline\\Pipeline->{closure:{closure:Illuminate\\Pipeline\\Pipeline::carry():194}:195}(Object(Illuminate\\Http\\Request))
#46 /Users/pauliyaji/Herd/powerhouse/vendor/laravel/framework/src/Illuminate/Pipeline/Pipeline.php(219): Illuminate\\Http\\Middleware\\ValidatePathEncoding->handle(Object(Illuminate\\Http\\Request), Object(Closure))
#47 /Users/pauliyaji/Herd/powerhouse/vendor/laravel/framework/src/Illuminate/Pipeline/Pipeline.php(137): Illuminate\\Pipeline\\Pipeline->{closure:{closure:Illuminate\\Pipeline\\Pipeline::carry():194}:195}(Object(Illuminate\\Http\\Request))
#48 /Users/pauliyaji/Herd/powerhouse/vendor/laravel/framework/src/Illuminate/Foundation/Http/Kernel.php(175): Illuminate\\Pipeline\\Pipeline->then(Object(Closure))
#49 /Users/pauliyaji/Herd/powerhouse/vendor/laravel/framework/src/Illuminate/Foundation/Http/Kernel.php(144): Illuminate\\Foundation\\Http\\Kernel->sendRequestThroughRouter(Object(Illuminate\\Http\\Request))
#50 /Users/pauliyaji/Herd/powerhouse/vendor/laravel/framework/src/Illuminate/Foundation/Testing/Concerns/MakesHttpRequests.php(607): Illuminate\\Foundation\\Http\\Kernel->handle(Object(Illuminate\\Http\\Request))
#51 /Users/pauliyaji/Herd/powerhouse/vendor/laravel/framework/src/Illuminate/Foundation/Testing/Concerns/MakesHttpRequests.php(487): Illuminate\\Foundation\\Testing\\TestCase->call('DELETE', 'http://powerhou...', Array, Array, Array, Array)
#52 /Users/pauliyaji/Herd/powerhouse/tests/Feature/PdfLibraryTest.php(86): Illuminate\\Foundation\\Testing\\TestCase->delete('http://powerhou...')
#53 /Users/pauliyaji/Herd/powerhouse/vendor/pestphp/pest/src/Factories/TestCaseMethodFactory.php(177): P\\Tests\\Feature\\PdfLibraryTest->{closure:/Users/pauliyaji/Herd/powerhouse/tests/Feature/PdfLibraryTest.php:79}()
#54 [internal function]: P\\Tests\\Feature\\PdfLibraryTest->{closure:Pest\\Factories\\TestCaseMethodFactory::getClosure():167}()
#55 /Users/pauliyaji/Herd/powerhouse/vendor/pestphp/pest/src/Concerns/Testable.php(576): call_user_func_array(Object(Closure), Array)
#56 /Users/pauliyaji/Herd/powerhouse/vendor/pestphp/pest/src/Support/ExceptionTrace.php(26): P\\Tests\\Feature\\PdfLibraryTest->{closure:Pest\\Concerns\\Testable::__callClosure():576}()
#57 /Users/pauliyaji/Herd/powerhouse/vendor/pestphp/pest/src/Concerns/Testable.php(576): Pest\\Support\\ExceptionTrace::ensure(Object(Closure))
#58 /Users/pauliyaji/Herd/powerhouse/vendor/pestphp/pest/src/Concerns/Testable.php(403): P\\Tests\\Feature\\PdfLibraryTest->__callClosure(Object(Closure), Array)
#59 /Users/pauliyaji/Herd/powerhouse/vendor/pestphp/pest/src/Factories/TestCaseFactory.php(175) : eval()'d code(71): P\\Tests\\Feature\\PdfLibraryTest->__runTest(Object(Closure))
#60 /Users/pauliyaji/Herd/powerhouse/vendor/phpunit/phpunit/src/Framework/TestCase.php(1310): P\\Tests\\Feature\\PdfLibraryTest->__pest_evaluable_it_deletes_a_document_and_removes_the_underlying_file()
#61 /Users/pauliyaji/Herd/powerhouse/vendor/phpunit/phpunit/src/Framework/TestCase.php(1344): PHPUnit\\Framework\\TestCase->invokeTestMethod('__pest_evaluabl...', Array)
#62 /Users/pauliyaji/Herd/powerhouse/vendor/phpunit/phpunit/src/Framework/TestCase.php(520): PHPUnit\\Framework\\TestCase->runTest()
#63 /Users/pauliyaji/Herd/powerhouse/vendor/phpunit/phpunit/src/Framework/TestRunner/TestRunner.php(99): PHPUnit\\Framework\\TestCase->runBare()
#64 /Users/pauliyaji/Herd/powerhouse/vendor/phpunit/phpunit/src/Framework/TestCase.php(360): PHPUnit\\Framework\\TestRunner->run(Object(P\\Tests\\Feature\\PdfLibraryTest))
#65 /Users/pauliyaji/Herd/powerhouse/vendor/phpunit/phpunit/src/Framework/TestSuite.php(374): PHPUnit\\Framework\\TestCase->run()
#66 /Users/pauliyaji/Herd/powerhouse/vendor/phpunit/phpunit/src/Framework/TestSuite.php(374): PHPUnit\\Framework\\TestSuite->run()
#67 /Users/pauliyaji/Herd/powerhouse/vendor/phpunit/phpunit/src/Framework/TestSuite.php(374): PHPUnit\\Framework\\TestSuite->run()
#68 /Users/pauliyaji/Herd/powerhouse/vendor/phpunit/phpunit/src/TextUI/TestRunner.php(64): PHPUnit\\Framework\\TestSuite->run()
#69 /Users/pauliyaji/Herd/powerhouse/vendor/phpunit/phpunit/src/TextUI/Application.php(229): PHPUnit\\TextUI\\TestRunner->run(Object(PHPUnit\\TextUI\\Configuration\\Configuration), Object(PHPUnit\\Runner\\ResultCache\\DefaultResultCache), Object(PHPUnit\\Framework\\TestSuite))
#70 /Users/pauliyaji/Herd/powerhouse/vendor/pestphp/pest/src/Kernel.php(117): PHPUnit\\TextUI\\Application->run(Array)
#71 /Users/pauliyaji/Herd/powerhouse/vendor/pestphp/pest/bin/pest(207): Pest\\Kernel->handle(Array, Array)
#72 /Users/pauliyaji/Herd/powerhouse/vendor/pestphp/pest/bin/pest(215): {closure:/Users/pauliyaji/Herd/powerhouse/vendor/pestphp/pest/bin/pest:21}()
#73 {main}
"} 
[2026-07-30 02:55:58] testing.WARNING: Ghostscript compression failed, falling back to FPDI {"error":"Ghostscript compression failed: GPL Ghostscript 10.07.1: Unrecoverable error, exit code 1
Error: /stackunderflow in --not--
Operand stack:

Execution stack:
   %interp_exit   .runexec2   --nostringval--   --nostringval--   --nostringval--   2   %stopped_push   --nostringval--   --nostringval--   --nostringval--   false   1   %stopped_push   1804   1   3   %oparray_pop   1803   1   3   %oparray_pop   1788   1   3   %oparray_pop   1659   1   3   %oparray_pop   --nostringval--   %errorexec_pop   .runexec2   --nostringval--   --nostringval--   --nostringval--   2   %stopped_push   --nostringval--
Dictionary stack:
   --dict:753/1123(ro)(G)--   --dict:0/20(G)--   --dict:85/200(L)--
Current allocation mode is local
Current file position is 4"} 
[2026-07-30 02:55:58] testing.ERROR: PDF compress job failed {"document_id":2,"error":"Unable to find PDF file header."} 
[2026-07-30 02:55:58] testing.ERROR: PDF compression failed {"error":"Unable to find PDF file header."} 
[2026-07-30 02:55:58] testing.ERROR: Call to undefined method App\Http\Controllers\SignatureController::authorize() {"userId":1,"exception":"[object] (Error(code: 0): Call to undefined method App\\Http\\Controllers\\SignatureController::authorize() at /Users/pauliyaji/Herd/powerhouse/app/Http/Controllers/SignatureController.php:26)
[stacktrace]
#0 /Users/pauliyaji/Herd/powerhouse/vendor/laravel/framework/src/Illuminate/Routing/ControllerDispatcher.php(46): App\\Http\\Controllers\\SignatureController->store(Object(App\\Http\\Requests\\SignPdfRequest), Object(App\\Models\\Document))
#1 /Users/pauliyaji/Herd/powerhouse/vendor/laravel/framework/src/Illuminate/Routing/Route.php(265): Illuminate\\Routing\\ControllerDispatcher->dispatch(Object(Illuminate\\Routing\\Route), Object(App\\Http\\Controllers\\SignatureController), 'store')
#2 /Users/pauliyaji/Herd/powerhouse/vendor/laravel/framework/src/Illuminate/Routing/Route.php(211): Illuminate\\Routing\\Route->runController()
#3 /Users/pauliyaji/Herd/powerhouse/vendor/laravel/framework/src/Illuminate/Routing/Router.php(822): Illuminate\\Routing\\Route->run()
#4 /Users/pauliyaji/Herd/powerhouse/vendor/laravel/framework/src/Illuminate/Pipeline/Pipeline.php(180): Illuminate\\Routing\\Router->{closure:Illuminate\\Routing\\Router::runRouteWithinStack():821}(Object(Illuminate\\Http\\Request))
#5 /Users/pauliyaji/Herd/powerhouse/vendor/laravel/framework/src/Illuminate/Routing/Middleware/SubstituteBindings.php(50): Illuminate\\Pipeline\\Pipeline->{closure:Illuminate\\Pipeline\\Pipeline::prepareDestination():178}(Object(Illuminate\\Http\\Request))
#6 /Users/pauliyaji/Herd/powerhouse/vendor/laravel/framework/src/Illuminate/Pipeline/Pipeline.php(219): Illuminate\\Routing\\Middleware\\SubstituteBindings->handle(Object(Illuminate\\Http\\Request), Object(Closure))
#7 /Users/pauliyaji/Herd/powerhouse/vendor/laravel/framework/src/Illuminate/Routing/Middleware/ThrottleRequests.php(166): Illuminate\\Pipeline\\Pipeline->{closure:{closure:Illuminate\\Pipeline\\Pipeline::carry():194}:195}(Object(Illuminate\\Http\\Request))
#8 /Users/pauliyaji/Herd/powerhouse/vendor/laravel/framework/src/Illuminate/Routing/Middleware/ThrottleRequests.php(129): Illuminate\\Routing\\Middleware\\ThrottleRequests->handleRequest(Object(Illuminate\\Http\\Request), Object(Closure), Array)
#9 /Users/pauliyaji/Herd/powerhouse/vendor/laravel/framework/src/Illuminate/Routing/Middleware/ThrottleRequests.php(90): Illuminate\\Routing\\Middleware\\ThrottleRequests->handleRequestUsingNamedLimiter(Object(Illuminate\\Http\\Request), Object(Closure), 'pdf-heavy', Object(Closure))
#10 /Users/pauliyaji/Herd/powerhouse/vendor/laravel/framework/src/Illuminate/Pipeline/Pipeline.php(219): Illuminate\\Routing\\Middleware\\ThrottleRequests->handle(Object(Illuminate\\Http\\Request), Object(Closure), 'pdf-heavy')
#11 /Users/pauliyaji/Herd/powerhouse/vendor/laravel/framework/src/Illuminate/Auth/Middleware/Authenticate.php(63): Illuminate\\Pipeline\\Pipeline->{closure:{closure:Illuminate\\Pipeline\\Pipeline::carry():194}:195}(Object(Illuminate\\Http\\Request))
#12 /Users/pauliyaji/Herd/powerhouse/vendor/laravel/framework/src/Illuminate/Pipeline/Pipeline.php(219): Illuminate\\Auth\\Middleware\\Authenticate->handle(Object(Illuminate\\Http\\Request), Object(Closure))
#13 /Users/pauliyaji/Herd/powerhouse/vendor/laravel/framework/src/Illuminate/Foundation/Http/Middleware/VerifyCsrfToken.php(87): Illuminate\\Pipeline\\Pipeline->{closure:{closure:Illuminate\\Pipeline\\Pipeline::carry():194}:195}(Object(Illuminate\\Http\\Request))
#14 /Users/pauliyaji/Herd/powerhouse/vendor/laravel/framework/src/Illuminate/Pipeline/Pipeline.php(219): Illuminate\\Foundation\\Http\\Middleware\\VerifyCsrfToken->handle(Object(Illuminate\\Http\\Request), Object(Closure))
#15 /Users/pauliyaji/Herd/powerhouse/vendor/laravel/framework/src/Illuminate/View/Middleware/ShareErrorsFromSession.php(48): Illuminate\\Pipeline\\Pipeline->{closure:{closure:Illuminate\\Pipeline\\Pipeline::carry():194}:195}(Object(Illuminate\\Http\\Request))
#16 /Users/pauliyaji/Herd/powerhouse/vendor/laravel/framework/src/Illuminate/Pipeline/Pipeline.php(219): Illuminate\\View\\Middleware\\ShareErrorsFromSession->handle(Object(Illuminate\\Http\\Request), Object(Closure))
#17 /Users/pauliyaji/Herd/powerhouse/vendor/laravel/framework/src/Illuminate/Session/Middleware/StartSession.php(120): Illuminate\\Pipeline\\Pipeline->{closure:{closure:Illuminate\\Pipeline\\Pipeline::carry():194}:195}(Object(Illuminate\\Http\\Request))
#18 /Users/pauliyaji/Herd/powerhouse/vendor/laravel/framework/src/Illuminate/Session/Middleware/StartSession.php(63): Illuminate\\Session\\Middleware\\StartSession->handleStatefulRequest(Object(Illuminate\\Http\\Request), Object(Illuminate\\Session\\Store), Object(Closure))
#19 /Users/pauliyaji/Herd/powerhouse/vendor/laravel/framework/src/Illuminate/Pipeline/Pipeline.php(219): Illuminate\\Session\\Middleware\\StartSession->handle(Object(Illuminate\\Http\\Request), Object(Closure))
#20 /Users/pauliyaji/Herd/powerhouse/vendor/laravel/framework/src/Illuminate/Cookie/Middleware/AddQueuedCookiesToResponse.php(36): Illuminate\\Pipeline\\Pipeline->{closure:{closure:Illuminate\\Pipeline\\Pipeline::carry():194}:195}(Object(Illuminate\\Http\\Request))
#21 /Users/pauliyaji/Herd/powerhouse/vendor/laravel/framework/src/Illuminate/Pipeline/Pipeline.php(219): Illuminate\\Cookie\\Middleware\\AddQueuedCookiesToResponse->handle(Object(Illuminate\\Http\\Request), Object(Closure))
#22 /Users/pauliyaji/Herd/powerhouse/vendor/laravel/framework/src/Illuminate/Cookie/Middleware/EncryptCookies.php(74): Illuminate\\Pipeline\\Pipeline->{closure:{closure:Illuminate\\Pipeline\\Pipeline::carry():194}:195}(Object(Illuminate\\Http\\Request))
#23 /Users/pauliyaji/Herd/powerhouse/vendor/laravel/framework/src/Illuminate/Pipeline/Pipeline.php(219): Illuminate\\Cookie\\Middleware\\EncryptCookies->handle(Object(Illuminate\\Http\\Request), Object(Closure))
#24 /Users/pauliyaji/Herd/powerhouse/vendor/laravel/framework/src/Illuminate/Pipeline/Pipeline.php(137): Illuminate\\Pipeline\\Pipeline->{closure:{closure:Illuminate\\Pipeline\\Pipeline::carry():194}:195}(Object(Illuminate\\Http\\Request))
#25 /Users/pauliyaji/Herd/powerhouse/vendor/laravel/framework/src/Illuminate/Routing/Router.php(821): Illuminate\\Pipeline\\Pipeline->then(Object(Closure))
#26 /Users/pauliyaji/Herd/powerhouse/vendor/laravel/framework/src/Illuminate/Routing/Router.php(800): Illuminate\\Routing\\Router->runRouteWithinStack(Object(Illuminate\\Routing\\Route), Object(Illuminate\\Http\\Request))
#27 /Users/pauliyaji/Herd/powerhouse/vendor/laravel/framework/src/Illuminate/Routing/Router.php(764): Illuminate\\Routing\\Router->runRoute(Object(Illuminate\\Http\\Request), Object(Illuminate\\Routing\\Route))
#28 /Users/pauliyaji/Herd/powerhouse/vendor/laravel/framework/src/Illuminate/Routing/Router.php(753): Illuminate\\Routing\\Router->dispatchToRoute(Object(Illuminate\\Http\\Request))
#29 /Users/pauliyaji/Herd/powerhouse/vendor/laravel/framework/src/Illuminate/Foundation/Http/Kernel.php(200): Illuminate\\Routing\\Router->dispatch(Object(Illuminate\\Http\\Request))
#30 /Users/pauliyaji/Herd/powerhouse/vendor/laravel/framework/src/Illuminate/Pipeline/Pipeline.php(180): Illuminate\\Foundation\\Http\\Kernel->{closure:Illuminate\\Foundation\\Http\\Kernel::dispatchToRouter():197}(Object(Illuminate\\Http\\Request))
#31 /Users/pauliyaji/Herd/powerhouse/vendor/livewire/livewire/src/Features/SupportDisablingBackButtonCache/DisableBackButtonCacheMiddleware.php(19): Illuminate\\Pipeline\\Pipeline->{closure:Illuminate\\Pipeline\\Pipeline::prepareDestination():178}(Object(Illuminate\\Http\\Request))
#32 /Users/pauliyaji/Herd/powerhouse/vendor/laravel/framework/src/Illuminate/Pipeline/Pipeline.php(219): Livewire\\Features\\SupportDisablingBackButtonCache\\DisableBackButtonCacheMiddleware->handle(Object(Illuminate\\Http\\Request), Object(Closure))
#33 /Users/pauliyaji/Herd/powerhouse/vendor/laravel/framework/src/Illuminate/Foundation/Http/Middleware/TransformsRequest.php(21): Illuminate\\Pipeline\\Pipeline->{closure:{closure:Illuminate\\Pipeline\\Pipeline::carry():194}:195}(Object(Illuminate\\Http\\Request))
#34 /Users/pauliyaji/Herd/powerhouse/vendor/laravel/framework/src/Illuminate/Foundation/Http/Middleware/ConvertEmptyStringsToNull.php(31): Illuminate\\Foundation\\Http\\Middleware\\TransformsRequest->handle(Object(Illuminate\\Http\\Request), Object(Closure))
#35 /Users/pauliyaji/Herd/powerhouse/vendor/laravel/framework/src/Illuminate/Pipeline/Pipeline.php(219): Illuminate\\Foundation\\Http\\Middleware\\ConvertEmptyStringsToNull->handle(Object(Illuminate\\Http\\Request), Object(Closure))
#36 /Users/pauliyaji/Herd/powerhouse/vendor/laravel/framework/src/Illuminate/Foundation/Http/Middleware/TransformsRequest.php(21): Illuminate\\Pipeline\\Pipeline->{closure:{closure:Illuminate\\Pipeline\\Pipeline::carry():194}:195}(Object(Illuminate\\Http\\Request))
#37 /Users/pauliyaji/Herd/powerhouse/vendor/laravel/framework/src/Illuminate/Foundation/Http/Middleware/TrimStrings.php(51): Illuminate\\Foundation\\Http\\Middleware\\TransformsRequest->handle(Object(Illuminate\\Http\\Request), Object(Closure))
#38 /Users/pauliyaji/Herd/powerhouse/vendor/laravel/framework/src/Illuminate/Pipeline/Pipeline.php(219): Illuminate\\Foundation\\Http\\Middleware\\TrimStrings->handle(Object(Illuminate\\Http\\Request), Object(Closure))
#39 /Users/pauliyaji/Herd/powerhouse/vendor/laravel/framework/src/Illuminate/Http/Middleware/ValidatePostSize.php(27): Illuminate\\Pipeline\\Pipeline->{closure:{closure:Illuminate\\Pipeline\\Pipeline::carry():194}:195}(Object(Illuminate\\Http\\Request))
#40 /Users/pauliyaji/Herd/powerhouse/vendor/laravel/framework/src/Illuminate/Pipeline/Pipeline.php(219): Illuminate\\Http\\Middleware\\ValidatePostSize->handle(Object(Illuminate\\Http\\Request), Object(Closure))
#41 /Users/pauliyaji/Herd/powerhouse/vendor/laravel/framework/src/Illuminate/Foundation/Http/Middleware/PreventRequestsDuringMaintenance.php(109): Illuminate\\Pipeline\\Pipeline->{closure:{closure:Illuminate\\Pipeline\\Pipeline::carry():194}:195}(Object(Illuminate\\Http\\Request))
#42 /Users/pauliyaji/Herd/powerhouse/vendor/laravel/framework/src/Illuminate/Pipeline/Pipeline.php(219): Illuminate\\Foundation\\Http\\Middleware\\PreventRequestsDuringMaintenance->handle(Object(Illuminate\\Http\\Request), Object(Closure))
#43 /Users/pauliyaji/Herd/powerhouse/vendor/laravel/framework/src/Illuminate/Http/Middleware/HandleCors.php(61): Illuminate\\Pipeline\\Pipeline->{closure:{closure:Illuminate\\Pipeline\\Pipeline::carry():194}:195}(Object(Illuminate\\Http\\Request))
#44 /Users/pauliyaji/Herd/powerhouse/vendor/laravel/framework/src/Illuminate/Pipeline/Pipeline.php(219): Illuminate\\Http\\Middleware\\HandleCors->handle(Object(Illuminate\\Http\\Request), Object(Closure))
#45 /Users/pauliyaji/Herd/powerhouse/vendor/laravel/framework/src/Illuminate/Http/Middleware/TrustProxies.php(58): Illuminate\\Pipeline\\Pipeline->{closure:{closure:Illuminate\\Pipeline\\Pipeline::carry():194}:195}(Object(Illuminate\\Http\\Request))
#46 /Users/pauliyaji/Herd/powerhouse/vendor/laravel/framework/src/Illuminate/Pipeline/Pipeline.php(219): Illuminate\\Http\\Middleware\\TrustProxies->handle(Object(Illuminate\\Http\\Request), Object(Closure))
#47 /Users/pauliyaji/Herd/powerhouse/vendor/laravel/framework/src/Illuminate/Foundation/Http/Middleware/InvokeDeferredCallbacks.php(22): Illuminate\\Pipeline\\Pipeline->{closure:{closure:Illuminate\\Pipeline\\Pipeline::carry():194}:195}(Object(Illuminate\\Http\\Request))
#48 /Users/pauliyaji/Herd/powerhouse/vendor/laravel/framework/src/Illuminate/Pipeline/Pipeline.php(219): Illuminate\\Foundation\\Http\\Middleware\\InvokeDeferredCallbacks->handle(Object(Illuminate\\Http\\Request), Object(Closure))
#49 /Users/pauliyaji/Herd/powerhouse/vendor/laravel/framework/src/Illuminate/Http/Middleware/ValidatePathEncoding.php(26): Illuminate\\Pipeline\\Pipeline->{closure:{closure:Illuminate\\Pipeline\\Pipeline::carry():194}:195}(Object(Illuminate\\Http\\Request))
#50 /Users/pauliyaji/Herd/powerhouse/vendor/laravel/framework/src/Illuminate/Pipeline/Pipeline.php(219): Illuminate\\Http\\Middleware\\ValidatePathEncoding->handle(Object(Illuminate\\Http\\Request), Object(Closure))
#51 /Users/pauliyaji/Herd/powerhouse/vendor/laravel/framework/src/Illuminate/Pipeline/Pipeline.php(137): Illuminate\\Pipeline\\Pipeline->{closure:{closure:Illuminate\\Pipeline\\Pipeline::carry():194}:195}(Object(Illuminate\\Http\\Request))
#52 /Users/pauliyaji/Herd/powerhouse/vendor/laravel/framework/src/Illuminate/Foundation/Http/Kernel.php(175): Illuminate\\Pipeline\\Pipeline->then(Object(Closure))
#53 /Users/pauliyaji/Herd/powerhouse/vendor/laravel/framework/src/Illuminate/Foundation/Http/Kernel.php(144): Illuminate\\Foundation\\Http\\Kernel->sendRequestThroughRouter(Object(Illuminate\\Http\\Request))
#54 /Users/pauliyaji/Herd/powerhouse/vendor/laravel/framework/src/Illuminate/Foundation/Testing/Concerns/MakesHttpRequests.php(607): Illuminate\\Foundation\\Http\\Kernel->handle(Object(Illuminate\\Http\\Request))
#55 /Users/pauliyaji/Herd/powerhouse/vendor/laravel/framework/src/Illuminate/Foundation/Testing/Concerns/MakesHttpRequests.php(397): Illuminate\\Foundation\\Testing\\TestCase->call('POST', 'http://powerhou...', Array, Array, Array, Array)
#56 /Users/pauliyaji/Herd/powerhouse/tests/Feature/PdfOperationsTest.php(174): Illuminate\\Foundation\\Testing\\TestCase->post('http://powerhou...', Array)
#57 /Users/pauliyaji/Herd/powerhouse/vendor/pestphp/pest/src/Factories/TestCaseMethodFactory.php(177): P\\Tests\\Feature\\PdfOperationsTest->{closure:/Users/pauliyaji/Herd/powerhouse/tests/Feature/PdfOperationsTest.php:154}()
#58 [internal function]: P\\Tests\\Feature\\PdfOperationsTest->{closure:Pest\\Factories\\TestCaseMethodFactory::getClosure():167}()
#59 /Users/pauliyaji/Herd/powerhouse/vendor/pestphp/pest/src/Concerns/Testable.php(576): call_user_func_array(Object(Closure), Array)
#60 /Users/pauliyaji/Herd/powerhouse/vendor/pestphp/pest/src/Support/ExceptionTrace.php(26): P\\Tests\\Feature\\PdfOperationsTest->{closure:Pest\\Concerns\\Testable::__callClosure():576}()
#61 /Users/pauliyaji/Herd/powerhouse/vendor/pestphp/pest/src/Concerns/Testable.php(576): Pest\\Support\\ExceptionTrace::ensure(Object(Closure))
#62 /Users/pauliyaji/Herd/powerhouse/vendor/pestphp/pest/src/Concerns/Testable.php(403): P\\Tests\\Feature\\PdfOperationsTest->__callClosure(Object(Closure), Array)
#63 /Users/pauliyaji/Herd/powerhouse/vendor/pestphp/pest/src/Factories/TestCaseFactory.php(175) : eval()'d code(62): P\\Tests\\Feature\\PdfOperationsTest->__runTest(Object(Closure))
#64 /Users/pauliyaji/Herd/powerhouse/vendor/phpunit/phpunit/src/Framework/TestCase.php(1310): P\\Tests\\Feature\\PdfOperationsTest->__pest_evaluable_it_signs_a_document_and_stores_a_SignatureRequest()
#65 /Users/pauliyaji/Herd/powerhouse/vendor/phpunit/phpunit/src/Framework/TestCase.php(1344): PHPUnit\\Framework\\TestCase->invokeTestMethod('__pest_evaluabl...', Array)
#66 /Users/pauliyaji/Herd/powerhouse/vendor/phpunit/phpunit/src/Framework/TestCase.php(520): PHPUnit\\Framework\\TestCase->runTest()
#67 /Users/pauliyaji/Herd/powerhouse/vendor/phpunit/phpunit/src/Framework/TestRunner/TestRunner.php(99): PHPUnit\\Framework\\TestCase->runBare()
#68 /Users/pauliyaji/Herd/powerhouse/vendor/phpunit/phpunit/src/Framework/TestCase.php(360): PHPUnit\\Framework\\TestRunner->run(Object(P\\Tests\\Feature\\PdfOperationsTest))
#69 /Users/pauliyaji/Herd/powerhouse/vendor/phpunit/phpunit/src/Framework/TestSuite.php(374): PHPUnit\\Framework\\TestCase->run()
#70 /Users/pauliyaji/Herd/powerhouse/vendor/phpunit/phpunit/src/Framework/TestSuite.php(374): PHPUnit\\Framework\\TestSuite->run()
#71 /Users/pauliyaji/Herd/powerhouse/vendor/phpunit/phpunit/src/Framework/TestSuite.php(374): PHPUnit\\Framework\\TestSuite->run()
#72 /Users/pauliyaji/Herd/powerhouse/vendor/phpunit/phpunit/src/TextUI/TestRunner.php(64): PHPUnit\\Framework\\TestSuite->run()
#73 /Users/pauliyaji/Herd/powerhouse/vendor/phpunit/phpunit/src/TextUI/Application.php(229): PHPUnit\\TextUI\\TestRunner->run(Object(PHPUnit\\TextUI\\Configuration\\Configuration), Object(PHPUnit\\Runner\\ResultCache\\DefaultResultCache), Object(PHPUnit\\Framework\\TestSuite))
#74 /Users/pauliyaji/Herd/powerhouse/vendor/pestphp/pest/src/Kernel.php(117): PHPUnit\\TextUI\\Application->run(Array)
#75 /Users/pauliyaji/Herd/powerhouse/vendor/pestphp/pest/bin/pest(207): Pest\\Kernel->handle(Array, Array)
#76 /Users/pauliyaji/Herd/powerhouse/vendor/pestphp/pest/bin/pest(215): {closure:/Users/pauliyaji/Herd/powerhouse/vendor/pestphp/pest/bin/pest:21}()
#77 {main}
"} 
[2026-07-30 02:55:58] testing.ERROR: Call to undefined method App\Http\Controllers\SignatureController::authorize() {"userId":1,"exception":"[object] (Error(code: 0): Call to undefined method App\\Http\\Controllers\\SignatureController::authorize() at /Users/pauliyaji/Herd/powerhouse/app/Http/Controllers/SignatureController.php:26)
[stacktrace]
#0 /Users/pauliyaji/Herd/powerhouse/vendor/laravel/framework/src/Illuminate/Routing/ControllerDispatcher.php(46): App\\Http\\Controllers\\SignatureController->store(Object(App\\Http\\Requests\\SignPdfRequest), Object(App\\Models\\Document))
#1 /Users/pauliyaji/Herd/powerhouse/vendor/laravel/framework/src/Illuminate/Routing/Route.php(265): Illuminate\\Routing\\ControllerDispatcher->dispatch(Object(Illuminate\\Routing\\Route), Object(App\\Http\\Controllers\\SignatureController), 'store')
#2 /Users/pauliyaji/Herd/powerhouse/vendor/laravel/framework/src/Illuminate/Routing/Route.php(211): Illuminate\\Routing\\Route->runController()
#3 /Users/pauliyaji/Herd/powerhouse/vendor/laravel/framework/src/Illuminate/Routing/Router.php(822): Illuminate\\Routing\\Route->run()
#4 /Users/pauliyaji/Herd/powerhouse/vendor/laravel/framework/src/Illuminate/Pipeline/Pipeline.php(180): Illuminate\\Routing\\Router->{closure:Illuminate\\Routing\\Router::runRouteWithinStack():821}(Object(Illuminate\\Http\\Request))
#5 /Users/pauliyaji/Herd/powerhouse/vendor/laravel/framework/src/Illuminate/Routing/Middleware/SubstituteBindings.php(50): Illuminate\\Pipeline\\Pipeline->{closure:Illuminate\\Pipeline\\Pipeline::prepareDestination():178}(Object(Illuminate\\Http\\Request))
#6 /Users/pauliyaji/Herd/powerhouse/vendor/laravel/framework/src/Illuminate/Pipeline/Pipeline.php(219): Illuminate\\Routing\\Middleware\\SubstituteBindings->handle(Object(Illuminate\\Http\\Request), Object(Closure))
#7 /Users/pauliyaji/Herd/powerhouse/vendor/laravel/framework/src/Illuminate/Routing/Middleware/ThrottleRequests.php(166): Illuminate\\Pipeline\\Pipeline->{closure:{closure:Illuminate\\Pipeline\\Pipeline::carry():194}:195}(Object(Illuminate\\Http\\Request))
#8 /Users/pauliyaji/Herd/powerhouse/vendor/laravel/framework/src/Illuminate/Routing/Middleware/ThrottleRequests.php(129): Illuminate\\Routing\\Middleware\\ThrottleRequests->handleRequest(Object(Illuminate\\Http\\Request), Object(Closure), Array)
#9 /Users/pauliyaji/Herd/powerhouse/vendor/laravel/framework/src/Illuminate/Routing/Middleware/ThrottleRequests.php(90): Illuminate\\Routing\\Middleware\\ThrottleRequests->handleRequestUsingNamedLimiter(Object(Illuminate\\Http\\Request), Object(Closure), 'pdf-heavy', Object(Closure))
#10 /Users/pauliyaji/Herd/powerhouse/vendor/laravel/framework/src/Illuminate/Pipeline/Pipeline.php(219): Illuminate\\Routing\\Middleware\\ThrottleRequests->handle(Object(Illuminate\\Http\\Request), Object(Closure), 'pdf-heavy')
#11 /Users/pauliyaji/Herd/powerhouse/vendor/laravel/framework/src/Illuminate/Auth/Middleware/Authenticate.php(63): Illuminate\\Pipeline\\Pipeline->{closure:{closure:Illuminate\\Pipeline\\Pipeline::carry():194}:195}(Object(Illuminate\\Http\\Request))
#12 /Users/pauliyaji/Herd/powerhouse/vendor/laravel/framework/src/Illuminate/Pipeline/Pipeline.php(219): Illuminate\\Auth\\Middleware\\Authenticate->handle(Object(Illuminate\\Http\\Request), Object(Closure))
#13 /Users/pauliyaji/Herd/powerhouse/vendor/laravel/framework/src/Illuminate/Foundation/Http/Middleware/VerifyCsrfToken.php(87): Illuminate\\Pipeline\\Pipeline->{closure:{closure:Illuminate\\Pipeline\\Pipeline::carry():194}:195}(Object(Illuminate\\Http\\Request))
#14 /Users/pauliyaji/Herd/powerhouse/vendor/laravel/framework/src/Illuminate/Pipeline/Pipeline.php(219): Illuminate\\Foundation\\Http\\Middleware\\VerifyCsrfToken->handle(Object(Illuminate\\Http\\Request), Object(Closure))
#15 /Users/pauliyaji/Herd/powerhouse/vendor/laravel/framework/src/Illuminate/View/Middleware/ShareErrorsFromSession.php(48): Illuminate\\Pipeline\\Pipeline->{closure:{closure:Illuminate\\Pipeline\\Pipeline::carry():194}:195}(Object(Illuminate\\Http\\Request))
#16 /Users/pauliyaji/Herd/powerhouse/vendor/laravel/framework/src/Illuminate/Pipeline/Pipeline.php(219): Illuminate\\View\\Middleware\\ShareErrorsFromSession->handle(Object(Illuminate\\Http\\Request), Object(Closure))
#17 /Users/pauliyaji/Herd/powerhouse/vendor/laravel/framework/src/Illuminate/Session/Middleware/StartSession.php(120): Illuminate\\Pipeline\\Pipeline->{closure:{closure:Illuminate\\Pipeline\\Pipeline::carry():194}:195}(Object(Illuminate\\Http\\Request))
#18 /Users/pauliyaji/Herd/powerhouse/vendor/laravel/framework/src/Illuminate/Session/Middleware/StartSession.php(63): Illuminate\\Session\\Middleware\\StartSession->handleStatefulRequest(Object(Illuminate\\Http\\Request), Object(Illuminate\\Session\\Store), Object(Closure))
#19 /Users/pauliyaji/Herd/powerhouse/vendor/laravel/framework/src/Illuminate/Pipeline/Pipeline.php(219): Illuminate\\Session\\Middleware\\StartSession->handle(Object(Illuminate\\Http\\Request), Object(Closure))
#20 /Users/pauliyaji/Herd/powerhouse/vendor/laravel/framework/src/Illuminate/Cookie/Middleware/AddQueuedCookiesToResponse.php(36): Illuminate\\Pipeline\\Pipeline->{closure:{closure:Illuminate\\Pipeline\\Pipeline::carry():194}:195}(Object(Illuminate\\Http\\Request))
#21 /Users/pauliyaji/Herd/powerhouse/vendor/laravel/framework/src/Illuminate/Pipeline/Pipeline.php(219): Illuminate\\Cookie\\Middleware\\AddQueuedCookiesToResponse->handle(Object(Illuminate\\Http\\Request), Object(Closure))
#22 /Users/pauliyaji/Herd/powerhouse/vendor/laravel/framework/src/Illuminate/Cookie/Middleware/EncryptCookies.php(74): Illuminate\\Pipeline\\Pipeline->{closure:{closure:Illuminate\\Pipeline\\Pipeline::carry():194}:195}(Object(Illuminate\\Http\\Request))
#23 /Users/pauliyaji/Herd/powerhouse/vendor/laravel/framework/src/Illuminate/Pipeline/Pipeline.php(219): Illuminate\\Cookie\\Middleware\\EncryptCookies->handle(Object(Illuminate\\Http\\Request), Object(Closure))
#24 /Users/pauliyaji/Herd/powerhouse/vendor/laravel/framework/src/Illuminate/Pipeline/Pipeline.php(137): Illuminate\\Pipeline\\Pipeline->{closure:{closure:Illuminate\\Pipeline\\Pipeline::carry():194}:195}(Object(Illuminate\\Http\\Request))
#25 /Users/pauliyaji/Herd/powerhouse/vendor/laravel/framework/src/Illuminate/Routing/Router.php(821): Illuminate\\Pipeline\\Pipeline->then(Object(Closure))
#26 /Users/pauliyaji/Herd/powerhouse/vendor/laravel/framework/src/Illuminate/Routing/Router.php(800): Illuminate\\Routing\\Router->runRouteWithinStack(Object(Illuminate\\Routing\\Route), Object(Illuminate\\Http\\Request))
#27 /Users/pauliyaji/Herd/powerhouse/vendor/laravel/framework/src/Illuminate/Routing/Router.php(764): Illuminate\\Routing\\Router->runRoute(Object(Illuminate\\Http\\Request), Object(Illuminate\\Routing\\Route))
#28 /Users/pauliyaji/Herd/powerhouse/vendor/laravel/framework/src/Illuminate/Routing/Router.php(753): Illuminate\\Routing\\Router->dispatchToRoute(Object(Illuminate\\Http\\Request))
#29 /Users/pauliyaji/Herd/powerhouse/vendor/laravel/framework/src/Illuminate/Foundation/Http/Kernel.php(200): Illuminate\\Routing\\Router->dispatch(Object(Illuminate\\Http\\Request))
#30 /Users/pauliyaji/Herd/powerhouse/vendor/laravel/framework/src/Illuminate/Pipeline/Pipeline.php(180): Illuminate\\Foundation\\Http\\Kernel->{closure:Illuminate\\Foundation\\Http\\Kernel::dispatchToRouter():197}(Object(Illuminate\\Http\\Request))
#31 /Users/pauliyaji/Herd/powerhouse/vendor/livewire/livewire/src/Features/SupportDisablingBackButtonCache/DisableBackButtonCacheMiddleware.php(19): Illuminate\\Pipeline\\Pipeline->{closure:Illuminate\\Pipeline\\Pipeline::prepareDestination():178}(Object(Illuminate\\Http\\Request))
#32 /Users/pauliyaji/Herd/powerhouse/vendor/laravel/framework/src/Illuminate/Pipeline/Pipeline.php(219): Livewire\\Features\\SupportDisablingBackButtonCache\\DisableBackButtonCacheMiddleware->handle(Object(Illuminate\\Http\\Request), Object(Closure))
#33 /Users/pauliyaji/Herd/powerhouse/vendor/laravel/framework/src/Illuminate/Foundation/Http/Middleware/TransformsRequest.php(21): Illuminate\\Pipeline\\Pipeline->{closure:{closure:Illuminate\\Pipeline\\Pipeline::carry():194}:195}(Object(Illuminate\\Http\\Request))
#34 /Users/pauliyaji/Herd/powerhouse/vendor/laravel/framework/src/Illuminate/Foundation/Http/Middleware/ConvertEmptyStringsToNull.php(31): Illuminate\\Foundation\\Http\\Middleware\\TransformsRequest->handle(Object(Illuminate\\Http\\Request), Object(Closure))
#35 /Users/pauliyaji/Herd/powerhouse/vendor/laravel/framework/src/Illuminate/Pipeline/Pipeline.php(219): Illuminate\\Foundation\\Http\\Middleware\\ConvertEmptyStringsToNull->handle(Object(Illuminate\\Http\\Request), Object(Closure))
#36 /Users/pauliyaji/Herd/powerhouse/vendor/laravel/framework/src/Illuminate/Foundation/Http/Middleware/TransformsRequest.php(21): Illuminate\\Pipeline\\Pipeline->{closure:{closure:Illuminate\\Pipeline\\Pipeline::carry():194}:195}(Object(Illuminate\\Http\\Request))
#37 /Users/pauliyaji/Herd/powerhouse/vendor/laravel/framework/src/Illuminate/Foundation/Http/Middleware/TrimStrings.php(51): Illuminate\\Foundation\\Http\\Middleware\\TransformsRequest->handle(Object(Illuminate\\Http\\Request), Object(Closure))
#38 /Users/pauliyaji/Herd/powerhouse/vendor/laravel/framework/src/Illuminate/Pipeline/Pipeline.php(219): Illuminate\\Foundation\\Http\\Middleware\\TrimStrings->handle(Object(Illuminate\\Http\\Request), Object(Closure))
#39 /Users/pauliyaji/Herd/powerhouse/vendor/laravel/framework/src/Illuminate/Http/Middleware/ValidatePostSize.php(27): Illuminate\\Pipeline\\Pipeline->{closure:{closure:Illuminate\\Pipeline\\Pipeline::carry():194}:195}(Object(Illuminate\\Http\\Request))
#40 /Users/pauliyaji/Herd/powerhouse/vendor/laravel/framework/src/Illuminate/Pipeline/Pipeline.php(219): Illuminate\\Http\\Middleware\\ValidatePostSize->handle(Object(Illuminate\\Http\\Request), Object(Closure))
#41 /Users/pauliyaji/Herd/powerhouse/vendor/laravel/framework/src/Illuminate/Foundation/Http/Middleware/PreventRequestsDuringMaintenance.php(109): Illuminate\\Pipeline\\Pipeline->{closure:{closure:Illuminate\\Pipeline\\Pipeline::carry():194}:195}(Object(Illuminate\\Http\\Request))
#42 /Users/pauliyaji/Herd/powerhouse/vendor/laravel/framework/src/Illuminate/Pipeline/Pipeline.php(219): Illuminate\\Foundation\\Http\\Middleware\\PreventRequestsDuringMaintenance->handle(Object(Illuminate\\Http\\Request), Object(Closure))
#43 /Users/pauliyaji/Herd/powerhouse/vendor/laravel/framework/src/Illuminate/Http/Middleware/HandleCors.php(61): Illuminate\\Pipeline\\Pipeline->{closure:{closure:Illuminate\\Pipeline\\Pipeline::carry():194}:195}(Object(Illuminate\\Http\\Request))
#44 /Users/pauliyaji/Herd/powerhouse/vendor/laravel/framework/src/Illuminate/Pipeline/Pipeline.php(219): Illuminate\\Http\\Middleware\\HandleCors->handle(Object(Illuminate\\Http\\Request), Object(Closure))
#45 /Users/pauliyaji/Herd/powerhouse/vendor/laravel/framework/src/Illuminate/Http/Middleware/TrustProxies.php(58): Illuminate\\Pipeline\\Pipeline->{closure:{closure:Illuminate\\Pipeline\\Pipeline::carry():194}:195}(Object(Illuminate\\Http\\Request))
#46 /Users/pauliyaji/Herd/powerhouse/vendor/laravel/framework/src/Illuminate/Pipeline/Pipeline.php(219): Illuminate\\Http\\Middleware\\TrustProxies->handle(Object(Illuminate\\Http\\Request), Object(Closure))
#47 /Users/pauliyaji/Herd/powerhouse/vendor/laravel/framework/src/Illuminate/Foundation/Http/Middleware/InvokeDeferredCallbacks.php(22): Illuminate\\Pipeline\\Pipeline->{closure:{closure:Illuminate\\Pipeline\\Pipeline::carry():194}:195}(Object(Illuminate\\Http\\Request))
#48 /Users/pauliyaji/Herd/powerhouse/vendor/laravel/framework/src/Illuminate/Pipeline/Pipeline.php(219): Illuminate\\Foundation\\Http\\Middleware\\InvokeDeferredCallbacks->handle(Object(Illuminate\\Http\\Request), Object(Closure))
#49 /Users/pauliyaji/Herd/powerhouse/vendor/laravel/framework/src/Illuminate/Http/Middleware/ValidatePathEncoding.php(26): Illuminate\\Pipeline\\Pipeline->{closure:{closure:Illuminate\\Pipeline\\Pipeline::carry():194}:195}(Object(Illuminate\\Http\\Request))
#50 /Users/pauliyaji/Herd/powerhouse/vendor/laravel/framework/src/Illuminate/Pipeline/Pipeline.php(219): Illuminate\\Http\\Middleware\\ValidatePathEncoding->handle(Object(Illuminate\\Http\\Request), Object(Closure))
#51 /Users/pauliyaji/Herd/powerhouse/vendor/laravel/framework/src/Illuminate/Pipeline/Pipeline.php(137): Illuminate\\Pipeline\\Pipeline->{closure:{closure:Illuminate\\Pipeline\\Pipeline::carry():194}:195}(Object(Illuminate\\Http\\Request))
#52 /Users/pauliyaji/Herd/powerhouse/vendor/laravel/framework/src/Illuminate/Foundation/Http/Kernel.php(175): Illuminate\\Pipeline\\Pipeline->then(Object(Closure))
#53 /Users/pauliyaji/Herd/powerhouse/vendor/laravel/framework/src/Illuminate/Foundation/Http/Kernel.php(144): Illuminate\\Foundation\\Http\\Kernel->sendRequestThroughRouter(Object(Illuminate\\Http\\Request))
#54 /Users/pauliyaji/Herd/powerhouse/vendor/laravel/framework/src/Illuminate/Foundation/Testing/Concerns/MakesHttpRequests.php(607): Illuminate\\Foundation\\Http\\Kernel->handle(Object(Illuminate\\Http\\Request))
#55 /Users/pauliyaji/Herd/powerhouse/vendor/laravel/framework/src/Illuminate/Foundation/Testing/Concerns/MakesHttpRequests.php(397): Illuminate\\Foundation\\Testing\\TestCase->call('POST', 'http://powerhou...', Array, Array, Array, Array)
#56 /Users/pauliyaji/Herd/powerhouse/tests/Feature/PdfOperationsTest.php(238): Illuminate\\Foundation\\Testing\\TestCase->post('http://powerhou...', Array)
#57 /Users/pauliyaji/Herd/powerhouse/vendor/pestphp/pest/src/Factories/TestCaseMethodFactory.php(177): P\\Tests\\Feature\\PdfOperationsTest->{closure:/Users/pauliyaji/Herd/powerhouse/tests/Feature/PdfOperationsTest.php:196}()
#58 [internal function]: P\\Tests\\Feature\\PdfOperationsTest->{closure:Pest\\Factories\\TestCaseMethodFactory::getClosure():167}()
#59 /Users/pauliyaji/Herd/powerhouse/vendor/pestphp/pest/src/Concerns/Testable.php(576): call_user_func_array(Object(Closure), Array)
#60 /Users/pauliyaji/Herd/powerhouse/vendor/pestphp/pest/src/Support/ExceptionTrace.php(26): P\\Tests\\Feature\\PdfOperationsTest->{closure:Pest\\Concerns\\Testable::__callClosure():576}()
#61 /Users/pauliyaji/Herd/powerhouse/vendor/pestphp/pest/src/Concerns/Testable.php(576): Pest\\Support\\ExceptionTrace::ensure(Object(Closure))
#62 /Users/pauliyaji/Herd/powerhouse/vendor/pestphp/pest/src/Concerns/Testable.php(403): P\\Tests\\Feature\\PdfOperationsTest->__callClosure(Object(Closure), Array)
#63 /Users/pauliyaji/Herd/powerhouse/vendor/pestphp/pest/src/Factories/TestCaseFactory.php(175) : eval()'d code(71): P\\Tests\\Feature\\PdfOperationsTest->__runTest(Object(Closure))
#64 /Users/pauliyaji/Herd/powerhouse/vendor/phpunit/phpunit/src/Framework/TestCase.php(1310): P\\Tests\\Feature\\PdfOperationsTest->__pest_evaluable_it_signs_a_document_with_an_optional_logo()
#65 /Users/pauliyaji/Herd/powerhouse/vendor/phpunit/phpunit/src/Framework/TestCase.php(1344): PHPUnit\\Framework\\TestCase->invokeTestMethod('__pest_evaluabl...', Array)
#66 /Users/pauliyaji/Herd/powerhouse/vendor/phpunit/phpunit/src/Framework/TestCase.php(520): PHPUnit\\Framework\\TestCase->runTest()
#67 /Users/pauliyaji/Herd/powerhouse/vendor/phpunit/phpunit/src/Framework/TestRunner/TestRunner.php(99): PHPUnit\\Framework\\TestCase->runBare()
#68 /Users/pauliyaji/Herd/powerhouse/vendor/phpunit/phpunit/src/Framework/TestCase.php(360): PHPUnit\\Framework\\TestRunner->run(Object(P\\Tests\\Feature\\PdfOperationsTest))
#69 /Users/pauliyaji/Herd/powerhouse/vendor/phpunit/phpunit/src/Framework/TestSuite.php(374): PHPUnit\\Framework\\TestCase->run()
#70 /Users/pauliyaji/Herd/powerhouse/vendor/phpunit/phpunit/src/Framework/TestSuite.php(374): PHPUnit\\Framework\\TestSuite->run()
#71 /Users/pauliyaji/Herd/powerhouse/vendor/phpunit/phpunit/src/Framework/TestSuite.php(374): PHPUnit\\Framework\\TestSuite->run()
#72 /Users/pauliyaji/Herd/powerhouse/vendor/phpunit/phpunit/src/TextUI/TestRunner.php(64): PHPUnit\\Framework\\TestSuite->run()
#73 /Users/pauliyaji/Herd/powerhouse/vendor/phpunit/phpunit/src/TextUI/Application.php(229): PHPUnit\\TextUI\\TestRunner->run(Object(PHPUnit\\TextUI\\Configuration\\Configuration), Object(PHPUnit\\Runner\\ResultCache\\DefaultResultCache), Object(PHPUnit\\Framework\\TestSuite))
#74 /Users/pauliyaji/Herd/powerhouse/vendor/pestphp/pest/src/Kernel.php(117): PHPUnit\\TextUI\\Application->run(Array)
#75 /Users/pauliyaji/Herd/powerhouse/vendor/pestphp/pest/bin/pest(207): Pest\\Kernel->handle(Array, Array)
#76 /Users/pauliyaji/Herd/powerhouse/vendor/pestphp/pest/bin/pest(215): {closure:/Users/pauliyaji/Herd/powerhouse/vendor/pestphp/pest/bin/pest:21}()
#77 {main}
"} 
[2026-07-30 02:55:58] testing.ERROR: Call to undefined method App\Http\Controllers\SignatureController::authorize() {"userId":1,"exception":"[object] (Error(code: 0): Call to undefined method App\\Http\\Controllers\\SignatureController::authorize() at /Users/pauliyaji/Herd/powerhouse/app/Http/Controllers/SignatureController.php:26)
[stacktrace]
#0 /Users/pauliyaji/Herd/powerhouse/vendor/laravel/framework/src/Illuminate/Routing/ControllerDispatcher.php(46): App\\Http\\Controllers\\SignatureController->store(Object(App\\Http\\Requests\\SignPdfRequest), Object(App\\Models\\Document))
#1 /Users/pauliyaji/Herd/powerhouse/vendor/laravel/framework/src/Illuminate/Routing/Route.php(265): Illuminate\\Routing\\ControllerDispatcher->dispatch(Object(Illuminate\\Routing\\Route), Object(App\\Http\\Controllers\\SignatureController), 'store')
#2 /Users/pauliyaji/Herd/powerhouse/vendor/laravel/framework/src/Illuminate/Routing/Route.php(211): Illuminate\\Routing\\Route->runController()
#3 /Users/pauliyaji/Herd/powerhouse/vendor/laravel/framework/src/Illuminate/Routing/Router.php(822): Illuminate\\Routing\\Route->run()
#4 /Users/pauliyaji/Herd/powerhouse/vendor/laravel/framework/src/Illuminate/Pipeline/Pipeline.php(180): Illuminate\\Routing\\Router->{closure:Illuminate\\Routing\\Router::runRouteWithinStack():821}(Object(Illuminate\\Http\\Request))
#5 /Users/pauliyaji/Herd/powerhouse/vendor/laravel/framework/src/Illuminate/Routing/Middleware/SubstituteBindings.php(50): Illuminate\\Pipeline\\Pipeline->{closure:Illuminate\\Pipeline\\Pipeline::prepareDestination():178}(Object(Illuminate\\Http\\Request))
#6 /Users/pauliyaji/Herd/powerhouse/vendor/laravel/framework/src/Illuminate/Pipeline/Pipeline.php(219): Illuminate\\Routing\\Middleware\\SubstituteBindings->handle(Object(Illuminate\\Http\\Request), Object(Closure))
#7 /Users/pauliyaji/Herd/powerhouse/vendor/laravel/framework/src/Illuminate/Routing/Middleware/ThrottleRequests.php(166): Illuminate\\Pipeline\\Pipeline->{closure:{closure:Illuminate\\Pipeline\\Pipeline::carry():194}:195}(Object(Illuminate\\Http\\Request))
#8 /Users/pauliyaji/Herd/powerhouse/vendor/laravel/framework/src/Illuminate/Routing/Middleware/ThrottleRequests.php(129): Illuminate\\Routing\\Middleware\\ThrottleRequests->handleRequest(Object(Illuminate\\Http\\Request), Object(Closure), Array)
#9 /Users/pauliyaji/Herd/powerhouse/vendor/laravel/framework/src/Illuminate/Routing/Middleware/ThrottleRequests.php(90): Illuminate\\Routing\\Middleware\\ThrottleRequests->handleRequestUsingNamedLimiter(Object(Illuminate\\Http\\Request), Object(Closure), 'pdf-heavy', Object(Closure))
#10 /Users/pauliyaji/Herd/powerhouse/vendor/laravel/framework/src/Illuminate/Pipeline/Pipeline.php(219): Illuminate\\Routing\\Middleware\\ThrottleRequests->handle(Object(Illuminate\\Http\\Request), Object(Closure), 'pdf-heavy')
#11 /Users/pauliyaji/Herd/powerhouse/vendor/laravel/framework/src/Illuminate/Auth/Middleware/Authenticate.php(63): Illuminate\\Pipeline\\Pipeline->{closure:{closure:Illuminate\\Pipeline\\Pipeline::carry():194}:195}(Object(Illuminate\\Http\\Request))
#12 /Users/pauliyaji/Herd/powerhouse/vendor/laravel/framework/src/Illuminate/Pipeline/Pipeline.php(219): Illuminate\\Auth\\Middleware\\Authenticate->handle(Object(Illuminate\\Http\\Request), Object(Closure))
#13 /Users/pauliyaji/Herd/powerhouse/vendor/laravel/framework/src/Illuminate/Foundation/Http/Middleware/VerifyCsrfToken.php(87): Illuminate\\Pipeline\\Pipeline->{closure:{closure:Illuminate\\Pipeline\\Pipeline::carry():194}:195}(Object(Illuminate\\Http\\Request))
#14 /Users/pauliyaji/Herd/powerhouse/vendor/laravel/framework/src/Illuminate/Pipeline/Pipeline.php(219): Illuminate\\Foundation\\Http\\Middleware\\VerifyCsrfToken->handle(Object(Illuminate\\Http\\Request), Object(Closure))
#15 /Users/pauliyaji/Herd/powerhouse/vendor/laravel/framework/src/Illuminate/View/Middleware/ShareErrorsFromSession.php(48): Illuminate\\Pipeline\\Pipeline->{closure:{closure:Illuminate\\Pipeline\\Pipeline::carry():194}:195}(Object(Illuminate\\Http\\Request))
#16 /Users/pauliyaji/Herd/powerhouse/vendor/laravel/framework/src/Illuminate/Pipeline/Pipeline.php(219): Illuminate\\View\\Middleware\\ShareErrorsFromSession->handle(Object(Illuminate\\Http\\Request), Object(Closure))
#17 /Users/pauliyaji/Herd/powerhouse/vendor/laravel/framework/src/Illuminate/Session/Middleware/StartSession.php(120): Illuminate\\Pipeline\\Pipeline->{closure:{closure:Illuminate\\Pipeline\\Pipeline::carry():194}:195}(Object(Illuminate\\Http\\Request))
#18 /Users/pauliyaji/Herd/powerhouse/vendor/laravel/framework/src/Illuminate/Session/Middleware/StartSession.php(63): Illuminate\\Session\\Middleware\\StartSession->handleStatefulRequest(Object(Illuminate\\Http\\Request), Object(Illuminate\\Session\\Store), Object(Closure))
#19 /Users/pauliyaji/Herd/powerhouse/vendor/laravel/framework/src/Illuminate/Pipeline/Pipeline.php(219): Illuminate\\Session\\Middleware\\StartSession->handle(Object(Illuminate\\Http\\Request), Object(Closure))
#20 /Users/pauliyaji/Herd/powerhouse/vendor/laravel/framework/src/Illuminate/Cookie/Middleware/AddQueuedCookiesToResponse.php(36): Illuminate\\Pipeline\\Pipeline->{closure:{closure:Illuminate\\Pipeline\\Pipeline::carry():194}:195}(Object(Illuminate\\Http\\Request))
#21 /Users/pauliyaji/Herd/powerhouse/vendor/laravel/framework/src/Illuminate/Pipeline/Pipeline.php(219): Illuminate\\Cookie\\Middleware\\AddQueuedCookiesToResponse->handle(Object(Illuminate\\Http\\Request), Object(Closure))
#22 /Users/pauliyaji/Herd/powerhouse/vendor/laravel/framework/src/Illuminate/Cookie/Middleware/EncryptCookies.php(74): Illuminate\\Pipeline\\Pipeline->{closure:{closure:Illuminate\\Pipeline\\Pipeline::carry():194}:195}(Object(Illuminate\\Http\\Request))
#23 /Users/pauliyaji/Herd/powerhouse/vendor/laravel/framework/src/Illuminate/Pipeline/Pipeline.php(219): Illuminate\\Cookie\\Middleware\\EncryptCookies->handle(Object(Illuminate\\Http\\Request), Object(Closure))
#24 /Users/pauliyaji/Herd/powerhouse/vendor/laravel/framework/src/Illuminate/Pipeline/Pipeline.php(137): Illuminate\\Pipeline\\Pipeline->{closure:{closure:Illuminate\\Pipeline\\Pipeline::carry():194}:195}(Object(Illuminate\\Http\\Request))
#25 /Users/pauliyaji/Herd/powerhouse/vendor/laravel/framework/src/Illuminate/Routing/Router.php(821): Illuminate\\Pipeline\\Pipeline->then(Object(Closure))
#26 /Users/pauliyaji/Herd/powerhouse/vendor/laravel/framework/src/Illuminate/Routing/Router.php(800): Illuminate\\Routing\\Router->runRouteWithinStack(Object(Illuminate\\Routing\\Route), Object(Illuminate\\Http\\Request))
#27 /Users/pauliyaji/Herd/powerhouse/vendor/laravel/framework/src/Illuminate/Routing/Router.php(764): Illuminate\\Routing\\Router->runRoute(Object(Illuminate\\Http\\Request), Object(Illuminate\\Routing\\Route))
#28 /Users/pauliyaji/Herd/powerhouse/vendor/laravel/framework/src/Illuminate/Routing/Router.php(753): Illuminate\\Routing\\Router->dispatchToRoute(Object(Illuminate\\Http\\Request))
#29 /Users/pauliyaji/Herd/powerhouse/vendor/laravel/framework/src/Illuminate/Foundation/Http/Kernel.php(200): Illuminate\\Routing\\Router->dispatch(Object(Illuminate\\Http\\Request))
#30 /Users/pauliyaji/Herd/powerhouse/vendor/laravel/framework/src/Illuminate/Pipeline/Pipeline.php(180): Illuminate\\Foundation\\Http\\Kernel->{closure:Illuminate\\Foundation\\Http\\Kernel::dispatchToRouter():197}(Object(Illuminate\\Http\\Request))
#31 /Users/pauliyaji/Herd/powerhouse/vendor/livewire/livewire/src/Features/SupportDisablingBackButtonCache/DisableBackButtonCacheMiddleware.php(19): Illuminate\\Pipeline\\Pipeline->{closure:Illuminate\\Pipeline\\Pipeline::prepareDestination():178}(Object(Illuminate\\Http\\Request))
#32 /Users/pauliyaji/Herd/powerhouse/vendor/laravel/framework/src/Illuminate/Pipeline/Pipeline.php(219): Livewire\\Features\\SupportDisablingBackButtonCache\\DisableBackButtonCacheMiddleware->handle(Object(Illuminate\\Http\\Request), Object(Closure))
#33 /Users/pauliyaji/Herd/powerhouse/vendor/laravel/framework/src/Illuminate/Foundation/Http/Middleware/TransformsRequest.php(21): Illuminate\\Pipeline\\Pipeline->{closure:{closure:Illuminate\\Pipeline\\Pipeline::carry():194}:195}(Object(Illuminate\\Http\\Request))
#34 /Users/pauliyaji/Herd/powerhouse/vendor/laravel/framework/src/Illuminate/Foundation/Http/Middleware/ConvertEmptyStringsToNull.php(31): Illuminate\\Foundation\\Http\\Middleware\\TransformsRequest->handle(Object(Illuminate\\Http\\Request), Object(Closure))
#35 /Users/pauliyaji/Herd/powerhouse/vendor/laravel/framework/src/Illuminate/Pipeline/Pipeline.php(219): Illuminate\\Foundation\\Http\\Middleware\\ConvertEmptyStringsToNull->handle(Object(Illuminate\\Http\\Request), Object(Closure))
#36 /Users/pauliyaji/Herd/powerhouse/vendor/laravel/framework/src/Illuminate/Foundation/Http/Middleware/TransformsRequest.php(21): Illuminate\\Pipeline\\Pipeline->{closure:{closure:Illuminate\\Pipeline\\Pipeline::carry():194}:195}(Object(Illuminate\\Http\\Request))
#37 /Users/pauliyaji/Herd/powerhouse/vendor/laravel/framework/src/Illuminate/Foundation/Http/Middleware/TrimStrings.php(51): Illuminate\\Foundation\\Http\\Middleware\\TransformsRequest->handle(Object(Illuminate\\Http\\Request), Object(Closure))
#38 /Users/pauliyaji/Herd/powerhouse/vendor/laravel/framework/src/Illuminate/Pipeline/Pipeline.php(219): Illuminate\\Foundation\\Http\\Middleware\\TrimStrings->handle(Object(Illuminate\\Http\\Request), Object(Closure))
#39 /Users/pauliyaji/Herd/powerhouse/vendor/laravel/framework/src/Illuminate/Http/Middleware/ValidatePostSize.php(27): Illuminate\\Pipeline\\Pipeline->{closure:{closure:Illuminate\\Pipeline\\Pipeline::carry():194}:195}(Object(Illuminate\\Http\\Request))
#40 /Users/pauliyaji/Herd/powerhouse/vendor/laravel/framework/src/Illuminate/Pipeline/Pipeline.php(219): Illuminate\\Http\\Middleware\\ValidatePostSize->handle(Object(Illuminate\\Http\\Request), Object(Closure))
#41 /Users/pauliyaji/Herd/powerhouse/vendor/laravel/framework/src/Illuminate/Foundation/Http/Middleware/PreventRequestsDuringMaintenance.php(109): Illuminate\\Pipeline\\Pipeline->{closure:{closure:Illuminate\\Pipeline\\Pipeline::carry():194}:195}(Object(Illuminate\\Http\\Request))
#42 /Users/pauliyaji/Herd/powerhouse/vendor/laravel/framework/src/Illuminate/Pipeline/Pipeline.php(219): Illuminate\\Foundation\\Http\\Middleware\\PreventRequestsDuringMaintenance->handle(Object(Illuminate\\Http\\Request), Object(Closure))
#43 /Users/pauliyaji/Herd/powerhouse/vendor/laravel/framework/src/Illuminate/Http/Middleware/HandleCors.php(61): Illuminate\\Pipeline\\Pipeline->{closure:{closure:Illuminate\\Pipeline\\Pipeline::carry():194}:195}(Object(Illuminate\\Http\\Request))
#44 /Users/pauliyaji/Herd/powerhouse/vendor/laravel/framework/src/Illuminate/Pipeline/Pipeline.php(219): Illuminate\\Http\\Middleware\\HandleCors->handle(Object(Illuminate\\Http\\Request), Object(Closure))
#45 /Users/pauliyaji/Herd/powerhouse/vendor/laravel/framework/src/Illuminate/Http/Middleware/TrustProxies.php(58): Illuminate\\Pipeline\\Pipeline->{closure:{closure:Illuminate\\Pipeline\\Pipeline::carry():194}:195}(Object(Illuminate\\Http\\Request))
#46 /Users/pauliyaji/Herd/powerhouse/vendor/laravel/framework/src/Illuminate/Pipeline/Pipeline.php(219): Illuminate\\Http\\Middleware\\TrustProxies->handle(Object(Illuminate\\Http\\Request), Object(Closure))
#47 /Users/pauliyaji/Herd/powerhouse/vendor/laravel/framework/src/Illuminate/Foundation/Http/Middleware/InvokeDeferredCallbacks.php(22): Illuminate\\Pipeline\\Pipeline->{closure:{closure:Illuminate\\Pipeline\\Pipeline::carry():194}:195}(Object(Illuminate\\Http\\Request))
#48 /Users/pauliyaji/Herd/powerhouse/vendor/laravel/framework/src/Illuminate/Pipeline/Pipeline.php(219): Illuminate\\Foundation\\Http\\Middleware\\InvokeDeferredCallbacks->handle(Object(Illuminate\\Http\\Request), Object(Closure))
#49 /Users/pauliyaji/Herd/powerhouse/vendor/laravel/framework/src/Illuminate/Http/Middleware/ValidatePathEncoding.php(26): Illuminate\\Pipeline\\Pipeline->{closure:{closure:Illuminate\\Pipeline\\Pipeline::carry():194}:195}(Object(Illuminate\\Http\\Request))
#50 /Users/pauliyaji/Herd/powerhouse/vendor/laravel/framework/src/Illuminate/Pipeline/Pipeline.php(219): Illuminate\\Http\\Middleware\\ValidatePathEncoding->handle(Object(Illuminate\\Http\\Request), Object(Closure))
#51 /Users/pauliyaji/Herd/powerhouse/vendor/laravel/framework/src/Illuminate/Pipeline/Pipeline.php(137): Illuminate\\Pipeline\\Pipeline->{closure:{closure:Illuminate\\Pipeline\\Pipeline::carry():194}:195}(Object(Illuminate\\Http\\Request))
#52 /Users/pauliyaji/Herd/powerhouse/vendor/laravel/framework/src/Illuminate/Foundation/Http/Kernel.php(175): Illuminate\\Pipeline\\Pipeline->then(Object(Closure))
#53 /Users/pauliyaji/Herd/powerhouse/vendor/laravel/framework/src/Illuminate/Foundation/Http/Kernel.php(144): Illuminate\\Foundation\\Http\\Kernel->sendRequestThroughRouter(Object(Illuminate\\Http\\Request))
#54 /Users/pauliyaji/Herd/powerhouse/vendor/laravel/framework/src/Illuminate/Foundation/Testing/Concerns/MakesHttpRequests.php(607): Illuminate\\Foundation\\Http\\Kernel->handle(Object(Illuminate\\Http\\Request))
#55 /Users/pauliyaji/Herd/powerhouse/vendor/laravel/framework/src/Illuminate/Foundation/Testing/Concerns/MakesHttpRequests.php(397): Illuminate\\Foundation\\Testing\\TestCase->call('POST', 'http://powerhou...', Array, Array, Array, Array)
#56 /Users/pauliyaji/Herd/powerhouse/tests/Feature/PdfOperationsTest.php(293): Illuminate\\Foundation\\Testing\\TestCase->post('http://powerhou...', Array)
#57 /Users/pauliyaji/Herd/powerhouse/vendor/pestphp/pest/src/Factories/TestCaseMethodFactory.php(177): P\\Tests\\Feature\\PdfOperationsTest->{closure:/Users/pauliyaji/Herd/powerhouse/tests/Feature/PdfOperationsTest.php:261}()
#58 [internal function]: P\\Tests\\Feature\\PdfOperationsTest->{closure:Pest\\Factories\\TestCaseMethodFactory::getClosure():167}()
#59 /Users/pauliyaji/Herd/powerhouse/vendor/pestphp/pest/src/Concerns/Testable.php(576): call_user_func_array(Object(Closure), Array)
#60 /Users/pauliyaji/Herd/powerhouse/vendor/pestphp/pest/src/Support/ExceptionTrace.php(26): P\\Tests\\Feature\\PdfOperationsTest->{closure:Pest\\Concerns\\Testable::__callClosure():576}()
#61 /Users/pauliyaji/Herd/powerhouse/vendor/pestphp/pest/src/Concerns/Testable.php(576): Pest\\Support\\ExceptionTrace::ensure(Object(Closure))
#62 /Users/pauliyaji/Herd/powerhouse/vendor/pestphp/pest/src/Concerns/Testable.php(403): P\\Tests\\Feature\\PdfOperationsTest->__callClosure(Object(Closure), Array)
#63 /Users/pauliyaji/Herd/powerhouse/vendor/pestphp/pest/src/Factories/TestCaseFactory.php(175) : eval()'d code(80): P\\Tests\\Feature\\PdfOperationsTest->__runTest(Object(Closure))
#64 /Users/pauliyaji/Herd/powerhouse/vendor/phpunit/phpunit/src/Framework/TestCase.php(1310): P\\Tests\\Feature\\PdfOperationsTest->__pest_evaluable_it_signs_with_typed_text_only()
#65 /Users/pauliyaji/Herd/powerhouse/vendor/phpunit/phpunit/src/Framework/TestCase.php(1344): PHPUnit\\Framework\\TestCase->invokeTestMethod('__pest_evaluabl...', Array)
#66 /Users/pauliyaji/Herd/powerhouse/vendor/phpunit/phpunit/src/Framework/TestCase.php(520): PHPUnit\\Framework\\TestCase->runTest()
#67 /Users/pauliyaji/Herd/powerhouse/vendor/phpunit/phpunit/src/Framework/TestRunner/TestRunner.php(99): PHPUnit\\Framework\\TestCase->runBare()
#68 /Users/pauliyaji/Herd/powerhouse/vendor/phpunit/phpunit/src/Framework/TestCase.php(360): PHPUnit\\Framework\\TestRunner->run(Object(P\\Tests\\Feature\\PdfOperationsTest))
#69 /Users/pauliyaji/Herd/powerhouse/vendor/phpunit/phpunit/src/Framework/TestSuite.php(374): PHPUnit\\Framework\\TestCase->run()
#70 /Users/pauliyaji/Herd/powerhouse/vendor/phpunit/phpunit/src/Framework/TestSuite.php(374): PHPUnit\\Framework\\TestSuite->run()
#71 /Users/pauliyaji/Herd/powerhouse/vendor/phpunit/phpunit/src/Framework/TestSuite.php(374): PHPUnit\\Framework\\TestSuite->run()
#72 /Users/pauliyaji/Herd/powerhouse/vendor/phpunit/phpunit/src/TextUI/TestRunner.php(64): PHPUnit\\Framework\\TestSuite->run()
#73 /Users/pauliyaji/Herd/powerhouse/vendor/phpunit/phpunit/src/TextUI/Application.php(229): PHPUnit\\TextUI\\TestRunner->run(Object(PHPUnit\\TextUI\\Configuration\\Configuration), Object(PHPUnit\\Runner\\ResultCache\\DefaultResultCache), Object(PHPUnit\\Framework\\TestSuite))
#74 /Users/pauliyaji/Herd/powerhouse/vendor/pestphp/pest/src/Kernel.php(117): PHPUnit\\TextUI\\Application->run(Array)
#75 /Users/pauliyaji/Herd/powerhouse/vendor/pestphp/pest/bin/pest(207): Pest\\Kernel->handle(Array, Array)
#76 /Users/pauliyaji/Herd/powerhouse/vendor/pestphp/pest/bin/pest(215): {closure:/Users/pauliyaji/Herd/powerhouse/vendor/pestphp/pest/bin/pest:21}()
#77 {main}
"} 
[2026-07-30 02:55:59] testing.ERROR: Call to undefined method App\Http\Controllers\SignatureController::authorize() {"userId":1,"exception":"[object] (Error(code: 0): Call to undefined method App\\Http\\Controllers\\SignatureController::authorize() at /Users/pauliyaji/Herd/powerhouse/app/Http/Controllers/SignatureController.php:26)
[stacktrace]
#0 /Users/pauliyaji/Herd/powerhouse/vendor/laravel/framework/src/Illuminate/Routing/ControllerDispatcher.php(46): App\\Http\\Controllers\\SignatureController->store(Object(App\\Http\\Requests\\SignPdfRequest), Object(App\\Models\\Document))
#1 /Users/pauliyaji/Herd/powerhouse/vendor/laravel/framework/src/Illuminate/Routing/Route.php(265): Illuminate\\Routing\\ControllerDispatcher->dispatch(Object(Illuminate\\Routing\\Route), Object(App\\Http\\Controllers\\SignatureController), 'store')
#2 /Users/pauliyaji/Herd/powerhouse/vendor/laravel/framework/src/Illuminate/Routing/Route.php(211): Illuminate\\Routing\\Route->runController()
#3 /Users/pauliyaji/Herd/powerhouse/vendor/laravel/framework/src/Illuminate/Routing/Router.php(822): Illuminate\\Routing\\Route->run()
#4 /Users/pauliyaji/Herd/powerhouse/vendor/laravel/framework/src/Illuminate/Pipeline/Pipeline.php(180): Illuminate\\Routing\\Router->{closure:Illuminate\\Routing\\Router::runRouteWithinStack():821}(Object(Illuminate\\Http\\Request))
#5 /Users/pauliyaji/Herd/powerhouse/vendor/laravel/framework/src/Illuminate/Routing/Middleware/SubstituteBindings.php(50): Illuminate\\Pipeline\\Pipeline->{closure:Illuminate\\Pipeline\\Pipeline::prepareDestination():178}(Object(Illuminate\\Http\\Request))
#6 /Users/pauliyaji/Herd/powerhouse/vendor/laravel/framework/src/Illuminate/Pipeline/Pipeline.php(219): Illuminate\\Routing\\Middleware\\SubstituteBindings->handle(Object(Illuminate\\Http\\Request), Object(Closure))
#7 /Users/pauliyaji/Herd/powerhouse/vendor/laravel/framework/src/Illuminate/Routing/Middleware/ThrottleRequests.php(166): Illuminate\\Pipeline\\Pipeline->{closure:{closure:Illuminate\\Pipeline\\Pipeline::carry():194}:195}(Object(Illuminate\\Http\\Request))
#8 /Users/pauliyaji/Herd/powerhouse/vendor/laravel/framework/src/Illuminate/Routing/Middleware/ThrottleRequests.php(129): Illuminate\\Routing\\Middleware\\ThrottleRequests->handleRequest(Object(Illuminate\\Http\\Request), Object(Closure), Array)
#9 /Users/pauliyaji/Herd/powerhouse/vendor/laravel/framework/src/Illuminate/Routing/Middleware/ThrottleRequests.php(90): Illuminate\\Routing\\Middleware\\ThrottleRequests->handleRequestUsingNamedLimiter(Object(Illuminate\\Http\\Request), Object(Closure), 'pdf-heavy', Object(Closure))
#10 /Users/pauliyaji/Herd/powerhouse/vendor/laravel/framework/src/Illuminate/Pipeline/Pipeline.php(219): Illuminate\\Routing\\Middleware\\ThrottleRequests->handle(Object(Illuminate\\Http\\Request), Object(Closure), 'pdf-heavy')
#11 /Users/pauliyaji/Herd/powerhouse/vendor/laravel/framework/src/Illuminate/Auth/Middleware/Authenticate.php(63): Illuminate\\Pipeline\\Pipeline->{closure:{closure:Illuminate\\Pipeline\\Pipeline::carry():194}:195}(Object(Illuminate\\Http\\Request))
#12 /Users/pauliyaji/Herd/powerhouse/vendor/laravel/framework/src/Illuminate/Pipeline/Pipeline.php(219): Illuminate\\Auth\\Middleware\\Authenticate->handle(Object(Illuminate\\Http\\Request), Object(Closure))
#13 /Users/pauliyaji/Herd/powerhouse/vendor/laravel/framework/src/Illuminate/Foundation/Http/Middleware/VerifyCsrfToken.php(87): Illuminate\\Pipeline\\Pipeline->{closure:{closure:Illuminate\\Pipeline\\Pipeline::carry():194}:195}(Object(Illuminate\\Http\\Request))
#14 /Users/pauliyaji/Herd/powerhouse/vendor/laravel/framework/src/Illuminate/Pipeline/Pipeline.php(219): Illuminate\\Foundation\\Http\\Middleware\\VerifyCsrfToken->handle(Object(Illuminate\\Http\\Request), Object(Closure))
#15 /Users/pauliyaji/Herd/powerhouse/vendor/laravel/framework/src/Illuminate/View/Middleware/ShareErrorsFromSession.php(48): Illuminate\\Pipeline\\Pipeline->{closure:{closure:Illuminate\\Pipeline\\Pipeline::carry():194}:195}(Object(Illuminate\\Http\\Request))
#16 /Users/pauliyaji/Herd/powerhouse/vendor/laravel/framework/src/Illuminate/Pipeline/Pipeline.php(219): Illuminate\\View\\Middleware\\ShareErrorsFromSession->handle(Object(Illuminate\\Http\\Request), Object(Closure))
#17 /Users/pauliyaji/Herd/powerhouse/vendor/laravel/framework/src/Illuminate/Session/Middleware/StartSession.php(120): Illuminate\\Pipeline\\Pipeline->{closure:{closure:Illuminate\\Pipeline\\Pipeline::carry():194}:195}(Object(Illuminate\\Http\\Request))
#18 /Users/pauliyaji/Herd/powerhouse/vendor/laravel/framework/src/Illuminate/Session/Middleware/StartSession.php(63): Illuminate\\Session\\Middleware\\StartSession->handleStatefulRequest(Object(Illuminate\\Http\\Request), Object(Illuminate\\Session\\Store), Object(Closure))
#19 /Users/pauliyaji/Herd/powerhouse/vendor/laravel/framework/src/Illuminate/Pipeline/Pipeline.php(219): Illuminate\\Session\\Middleware\\StartSession->handle(Object(Illuminate\\Http\\Request), Object(Closure))
#20 /Users/pauliyaji/Herd/powerhouse/vendor/laravel/framework/src/Illuminate/Cookie/Middleware/AddQueuedCookiesToResponse.php(36): Illuminate\\Pipeline\\Pipeline->{closure:{closure:Illuminate\\Pipeline\\Pipeline::carry():194}:195}(Object(Illuminate\\Http\\Request))
#21 /Users/pauliyaji/Herd/powerhouse/vendor/laravel/framework/src/Illuminate/Pipeline/Pipeline.php(219): Illuminate\\Cookie\\Middleware\\AddQueuedCookiesToResponse->handle(Object(Illuminate\\Http\\Request), Object(Closure))
#22 /Users/pauliyaji/Herd/powerhouse/vendor/laravel/framework/src/Illuminate/Cookie/Middleware/EncryptCookies.php(74): Illuminate\\Pipeline\\Pipeline->{closure:{closure:Illuminate\\Pipeline\\Pipeline::carry():194}:195}(Object(Illuminate\\Http\\Request))
#23 /Users/pauliyaji/Herd/powerhouse/vendor/laravel/framework/src/Illuminate/Pipeline/Pipeline.php(219): Illuminate\\Cookie\\Middleware\\EncryptCookies->handle(Object(Illuminate\\Http\\Request), Object(Closure))
#24 /Users/pauliyaji/Herd/powerhouse/vendor/laravel/framework/src/Illuminate/Pipeline/Pipeline.php(137): Illuminate\\Pipeline\\Pipeline->{closure:{closure:Illuminate\\Pipeline\\Pipeline::carry():194}:195}(Object(Illuminate\\Http\\Request))
#25 /Users/pauliyaji/Herd/powerhouse/vendor/laravel/framework/src/Illuminate/Routing/Router.php(821): Illuminate\\Pipeline\\Pipeline->then(Object(Closure))
#26 /Users/pauliyaji/Herd/powerhouse/vendor/laravel/framework/src/Illuminate/Routing/Router.php(800): Illuminate\\Routing\\Router->runRouteWithinStack(Object(Illuminate\\Routing\\Route), Object(Illuminate\\Http\\Request))
#27 /Users/pauliyaji/Herd/powerhouse/vendor/laravel/framework/src/Illuminate/Routing/Router.php(764): Illuminate\\Routing\\Router->runRoute(Object(Illuminate\\Http\\Request), Object(Illuminate\\Routing\\Route))
#28 /Users/pauliyaji/Herd/powerhouse/vendor/laravel/framework/src/Illuminate/Routing/Router.php(753): Illuminate\\Routing\\Router->dispatchToRoute(Object(Illuminate\\Http\\Request))
#29 /Users/pauliyaji/Herd/powerhouse/vendor/laravel/framework/src/Illuminate/Foundation/Http/Kernel.php(200): Illuminate\\Routing\\Router->dispatch(Object(Illuminate\\Http\\Request))
#30 /Users/pauliyaji/Herd/powerhouse/vendor/laravel/framework/src/Illuminate/Pipeline/Pipeline.php(180): Illuminate\\Foundation\\Http\\Kernel->{closure:Illuminate\\Foundation\\Http\\Kernel::dispatchToRouter():197}(Object(Illuminate\\Http\\Request))
#31 /Users/pauliyaji/Herd/powerhouse/vendor/livewire/livewire/src/Features/SupportDisablingBackButtonCache/DisableBackButtonCacheMiddleware.php(19): Illuminate\\Pipeline\\Pipeline->{closure:Illuminate\\Pipeline\\Pipeline::prepareDestination():178}(Object(Illuminate\\Http\\Request))
#32 /Users/pauliyaji/Herd/powerhouse/vendor/laravel/framework/src/Illuminate/Pipeline/Pipeline.php(219): Livewire\\Features\\SupportDisablingBackButtonCache\\DisableBackButtonCacheMiddleware->handle(Object(Illuminate\\Http\\Request), Object(Closure))
#33 /Users/pauliyaji/Herd/powerhouse/vendor/laravel/framework/src/Illuminate/Foundation/Http/Middleware/TransformsRequest.php(21): Illuminate\\Pipeline\\Pipeline->{closure:{closure:Illuminate\\Pipeline\\Pipeline::carry():194}:195}(Object(Illuminate\\Http\\Request))
#34 /Users/pauliyaji/Herd/powerhouse/vendor/laravel/framework/src/Illuminate/Foundation/Http/Middleware/ConvertEmptyStringsToNull.php(31): Illuminate\\Foundation\\Http\\Middleware\\TransformsRequest->handle(Object(Illuminate\\Http\\Request), Object(Closure))
#35 /Users/pauliyaji/Herd/powerhouse/vendor/laravel/framework/src/Illuminate/Pipeline/Pipeline.php(219): Illuminate\\Foundation\\Http\\Middleware\\ConvertEmptyStringsToNull->handle(Object(Illuminate\\Http\\Request), Object(Closure))
#36 /Users/pauliyaji/Herd/powerhouse/vendor/laravel/framework/src/Illuminate/Foundation/Http/Middleware/TransformsRequest.php(21): Illuminate\\Pipeline\\Pipeline->{closure:{closure:Illuminate\\Pipeline\\Pipeline::carry():194}:195}(Object(Illuminate\\Http\\Request))
#37 /Users/pauliyaji/Herd/powerhouse/vendor/laravel/framework/src/Illuminate/Foundation/Http/Middleware/TrimStrings.php(51): Illuminate\\Foundation\\Http\\Middleware\\TransformsRequest->handle(Object(Illuminate\\Http\\Request), Object(Closure))
#38 /Users/pauliyaji/Herd/powerhouse/vendor/laravel/framework/src/Illuminate/Pipeline/Pipeline.php(219): Illuminate\\Foundation\\Http\\Middleware\\TrimStrings->handle(Object(Illuminate\\Http\\Request), Object(Closure))
#39 /Users/pauliyaji/Herd/powerhouse/vendor/laravel/framework/src/Illuminate/Http/Middleware/ValidatePostSize.php(27): Illuminate\\Pipeline\\Pipeline->{closure:{closure:Illuminate\\Pipeline\\Pipeline::carry():194}:195}(Object(Illuminate\\Http\\Request))
#40 /Users/pauliyaji/Herd/powerhouse/vendor/laravel/framework/src/Illuminate/Pipeline/Pipeline.php(219): Illuminate\\Http\\Middleware\\ValidatePostSize->handle(Object(Illuminate\\Http\\Request), Object(Closure))
#41 /Users/pauliyaji/Herd/powerhouse/vendor/laravel/framework/src/Illuminate/Foundation/Http/Middleware/PreventRequestsDuringMaintenance.php(109): Illuminate\\Pipeline\\Pipeline->{closure:{closure:Illuminate\\Pipeline\\Pipeline::carry():194}:195}(Object(Illuminate\\Http\\Request))
#42 /Users/pauliyaji/Herd/powerhouse/vendor/laravel/framework/src/Illuminate/Pipeline/Pipeline.php(219): Illuminate\\Foundation\\Http\\Middleware\\PreventRequestsDuringMaintenance->handle(Object(Illuminate\\Http\\Request), Object(Closure))
#43 /Users/pauliyaji/Herd/powerhouse/vendor/laravel/framework/src/Illuminate/Http/Middleware/HandleCors.php(61): Illuminate\\Pipeline\\Pipeline->{closure:{closure:Illuminate\\Pipeline\\Pipeline::carry():194}:195}(Object(Illuminate\\Http\\Request))
#44 /Users/pauliyaji/Herd/powerhouse/vendor/laravel/framework/src/Illuminate/Pipeline/Pipeline.php(219): Illuminate\\Http\\Middleware\\HandleCors->handle(Object(Illuminate\\Http\\Request), Object(Closure))
#45 /Users/pauliyaji/Herd/powerhouse/vendor/laravel/framework/src/Illuminate/Http/Middleware/TrustProxies.php(58): Illuminate\\Pipeline\\Pipeline->{closure:{closure:Illuminate\\Pipeline\\Pipeline::carry():194}:195}(Object(Illuminate\\Http\\Request))
#46 /Users/pauliyaji/Herd/powerhouse/vendor/laravel/framework/src/Illuminate/Pipeline/Pipeline.php(219): Illuminate\\Http\\Middleware\\TrustProxies->handle(Object(Illuminate\\Http\\Request), Object(Closure))
#47 /Users/pauliyaji/Herd/powerhouse/vendor/laravel/framework/src/Illuminate/Foundation/Http/Middleware/InvokeDeferredCallbacks.php(22): Illuminate\\Pipeline\\Pipeline->{closure:{closure:Illuminate\\Pipeline\\Pipeline::carry():194}:195}(Object(Illuminate\\Http\\Request))
#48 /Users/pauliyaji/Herd/powerhouse/vendor/laravel/framework/src/Illuminate/Pipeline/Pipeline.php(219): Illuminate\\Foundation\\Http\\Middleware\\InvokeDeferredCallbacks->handle(Object(Illuminate\\Http\\Request), Object(Closure))
#49 /Users/pauliyaji/Herd/powerhouse/vendor/laravel/framework/src/Illuminate/Http/Middleware/ValidatePathEncoding.php(26): Illuminate\\Pipeline\\Pipeline->{closure:{closure:Illuminate\\Pipeline\\Pipeline::carry():194}:195}(Object(Illuminate\\Http\\Request))
#50 /Users/pauliyaji/Herd/powerhouse/vendor/laravel/framework/src/Illuminate/Pipeline/Pipeline.php(219): Illuminate\\Http\\Middleware\\ValidatePathEncoding->handle(Object(Illuminate\\Http\\Request), Object(Closure))
#51 /Users/pauliyaji/Herd/powerhouse/vendor/laravel/framework/src/Illuminate/Pipeline/Pipeline.php(137): Illuminate\\Pipeline\\Pipeline->{closure:{closure:Illuminate\\Pipeline\\Pipeline::carry():194}:195}(Object(Illuminate\\Http\\Request))
#52 /Users/pauliyaji/Herd/powerhouse/vendor/laravel/framework/src/Illuminate/Foundation/Http/Kernel.php(175): Illuminate\\Pipeline\\Pipeline->then(Object(Closure))
#53 /Users/pauliyaji/Herd/powerhouse/vendor/laravel/framework/src/Illuminate/Foundation/Http/Kernel.php(144): Illuminate\\Foundation\\Http\\Kernel->sendRequestThroughRouter(Object(Illuminate\\Http\\Request))
#54 /Users/pauliyaji/Herd/powerhouse/vendor/laravel/framework/src/Illuminate/Foundation/Testing/Concerns/MakesHttpRequests.php(607): Illuminate\\Foundation\\Http\\Kernel->handle(Object(Illuminate\\Http\\Request))
#55 /Users/pauliyaji/Herd/powerhouse/vendor/laravel/framework/src/Illuminate/Foundation/Testing/Concerns/MakesHttpRequests.php(397): Illuminate\\Foundation\\Testing\\TestCase->call('POST', 'http://powerhou...', Array, Array, Array, Array)
#56 /Users/pauliyaji/Herd/powerhouse/tests/Feature/PdfOperationsTest.php(366): Illuminate\\Foundation\\Testing\\TestCase->post('http://powerhou...', Array)
#57 /Users/pauliyaji/Herd/powerhouse/vendor/pestphp/pest/src/Factories/TestCaseMethodFactory.php(177): P\\Tests\\Feature\\PdfOperationsTest->{closure:/Users/pauliyaji/Herd/powerhouse/tests/Feature/PdfOperationsTest.php:334}()
#58 [internal function]: P\\Tests\\Feature\\PdfOperationsTest->{closure:Pest\\Factories\\TestCaseMethodFactory::getClosure():167}()
#59 /Users/pauliyaji/Herd/powerhouse/vendor/pestphp/pest/src/Concerns/Testable.php(576): call_user_func_array(Object(Closure), Array)
#60 /Users/pauliyaji/Herd/powerhouse/vendor/pestphp/pest/src/Support/ExceptionTrace.php(26): P\\Tests\\Feature\\PdfOperationsTest->{closure:Pest\\Concerns\\Testable::__callClosure():576}()
#61 /Users/pauliyaji/Herd/powerhouse/vendor/pestphp/pest/src/Concerns/Testable.php(576): Pest\\Support\\ExceptionTrace::ensure(Object(Closure))
#62 /Users/pauliyaji/Herd/powerhouse/vendor/pestphp/pest/src/Concerns/Testable.php(403): P\\Tests\\Feature\\PdfOperationsTest->__callClosure(Object(Closure), Array)
#63 /Users/pauliyaji/Herd/powerhouse/vendor/pestphp/pest/src/Factories/TestCaseFactory.php(175) : eval()'d code(98): P\\Tests\\Feature\\PdfOperationsTest->__runTest(Object(Closure))
#64 /Users/pauliyaji/Herd/powerhouse/vendor/phpunit/phpunit/src/Framework/TestCase.php(1310): P\\Tests\\Feature\\PdfOperationsTest->__pest_evaluable_it_signs_with_logo_only_when_no_signature_is_sent()
#65 /Users/pauliyaji/Herd/powerhouse/vendor/phpunit/phpunit/src/Framework/TestCase.php(1344): PHPUnit\\Framework\\TestCase->invokeTestMethod('__pest_evaluabl...', Array)
#66 /Users/pauliyaji/Herd/powerhouse/vendor/phpunit/phpunit/src/Framework/TestCase.php(520): PHPUnit\\Framework\\TestCase->runTest()
#67 /Users/pauliyaji/Herd/powerhouse/vendor/phpunit/phpunit/src/Framework/TestRunner/TestRunner.php(99): PHPUnit\\Framework\\TestCase->runBare()
#68 /Users/pauliyaji/Herd/powerhouse/vendor/phpunit/phpunit/src/Framework/TestCase.php(360): PHPUnit\\Framework\\TestRunner->run(Object(P\\Tests\\Feature\\PdfOperationsTest))
#69 /Users/pauliyaji/Herd/powerhouse/vendor/phpunit/phpunit/src/Framework/TestSuite.php(374): PHPUnit\\Framework\\TestCase->run()
#70 /Users/pauliyaji/Herd/powerhouse/vendor/phpunit/phpunit/src/Framework/TestSuite.php(374): PHPUnit\\Framework\\TestSuite->run()
#71 /Users/pauliyaji/Herd/powerhouse/vendor/phpunit/phpunit/src/Framework/TestSuite.php(374): PHPUnit\\Framework\\TestSuite->run()
#72 /Users/pauliyaji/Herd/powerhouse/vendor/phpunit/phpunit/src/TextUI/TestRunner.php(64): PHPUnit\\Framework\\TestSuite->run()
#73 /Users/pauliyaji/Herd/powerhouse/vendor/phpunit/phpunit/src/TextUI/Application.php(229): PHPUnit\\TextUI\\TestRunner->run(Object(PHPUnit\\TextUI\\Configuration\\Configuration), Object(PHPUnit\\Runner\\ResultCache\\DefaultResultCache), Object(PHPUnit\\Framework\\TestSuite))
#74 /Users/pauliyaji/Herd/powerhouse/vendor/pestphp/pest/src/Kernel.php(117): PHPUnit\\TextUI\\Application->run(Array)
#75 /Users/pauliyaji/Herd/powerhouse/vendor/pestphp/pest/bin/pest(207): Pest\\Kernel->handle(Array, Array)
#76 /Users/pauliyaji/Herd/powerhouse/vendor/pestphp/pest/bin/pest(215): {closure:/Users/pauliyaji/Herd/powerhouse/vendor/pestphp/pest/bin/pest:21}()
#77 {main}
"} 
[2026-07-30 02:56:05] testing.ERROR: PDF convert job failed {"document_id":2,"target":"docx","error":"The PDF password is incorrect."} 
[2026-07-30 02:56:05] testing.ERROR: PDF conversion failed {"document_id":1,"target":"docx","exception":"App\\Services\\PdfConversionException","error":"The PDF password is incorrect."} 
[2026-07-30 02:56:05] testing.WARNING: Ghostscript compression failed, falling back to FPDI {"error":"Ghostscript compression failed: GPL Ghostscript 10.07.1: Unrecoverable error, exit code 1
Error: /stackunderflow in --not--
Operand stack:

Execution stack:
   %interp_exit   .runexec2   --nostringval--   --nostringval--   --nostringval--   2   %stopped_push   --nostringval--   --nostringval--   --nostringval--   false   1   %stopped_push   1804   1   3   %oparray_pop   1803   1   3   %oparray_pop   1788   1   3   %oparray_pop   1659   1   3   %oparray_pop   --nostringval--   %errorexec_pop   .runexec2   --nostringval--   --nostringval--   --nostringval--   2   %stopped_push   --nostringval--
Dictionary stack:
   --dict:753/1123(ro)(G)--   --dict:0/20(G)--   --dict:85/200(L)--
Current allocation mode is local
Current file position is 4"} 
[2026-07-30 02:56:05] testing.ERROR: PDF compress job failed {"document_id":2,"error":"Unable to find PDF file header."} 
[2026-07-30 02:56:05] testing.ERROR: PDF compression failed {"error":"Unable to find PDF file header."} 
[2026-07-30 02:56:16] testing.INFO: PDF compression did not reduce size; retrying with maximum preset {"level":"recommended","original_size":1355,"new_size":2897} 
[2026-07-30 02:56:40] testing.ERROR: PDF convert job failed {"document_id":2,"target":"docx","error":"The PDF password is incorrect."} 
[2026-07-30 02:56:40] testing.ERROR: PDF conversion failed {"document_id":1,"target":"docx","exception":"App\\Services\\PdfConversionException","error":"The PDF password is incorrect."} 
[2026-07-30 02:56:41] testing.WARNING: Ghostscript compression failed, falling back to FPDI {"error":"Ghostscript compression failed: GPL Ghostscript 10.07.1: Unrecoverable error, exit code 1
Error: /stackunderflow in --not--
Operand stack:

Execution stack:
   %interp_exit   .runexec2   --nostringval--   --nostringval--   --nostringval--   2   %stopped_push   --nostringval--   --nostringval--   --nostringval--   false   1   %stopped_push   1804   1   3   %oparray_pop   1803   1   3   %oparray_pop   1788   1   3   %oparray_pop   1659   1   3   %oparray_pop   --nostringval--   %errorexec_pop   .runexec2   --nostringval--   --nostringval--   --nostringval--   2   %stopped_push   --nostringval--
Dictionary stack:
   --dict:753/1123(ro)(G)--   --dict:0/20(G)--   --dict:85/200(L)--
Current allocation mode is local
Current file position is 4"} 
[2026-07-30 02:56:41] testing.ERROR: PDF compress job failed {"document_id":2,"error":"Unable to find PDF file header."} 
[2026-07-30 02:56:41] testing.ERROR: PDF compression failed {"error":"Unable to find PDF file header."} 
[2026-08-02 05:11:37] testing.INFO: PDF compression did not reduce size; retrying with maximum preset {"level":"recommended","original_size":1355,"new_size":2896} 
[2026-08-02 05:11:54] testing.ERROR: PDF convert job failed {"document_id":2,"target":"docx","error":"The PDF password is incorrect."} 
[2026-08-02 05:11:54] testing.ERROR: PDF conversion failed {"document_id":1,"target":"docx","exception":"App\\Services\\PdfConversionException","error":"The PDF password is incorrect."} 
[2026-08-02 05:11:54] testing.WARNING: Ghostscript compression failed, falling back to FPDI {"error":"Ghostscript compression failed: GPL Ghostscript 10.07.1: Unrecoverable error, exit code 1
Error: /stackunderflow in --not--
Operand stack:

Execution stack:
   %interp_exit   .runexec2   --nostringval--   --nostringval--   --nostringval--   2   %stopped_push   --nostringval--   --nostringval--   --nostringval--   false   1   %stopped_push   1804   1   3   %oparray_pop   1803   1   3   %oparray_pop   1788   1   3   %oparray_pop   1659   1   3   %oparray_pop   --nostringval--   %errorexec_pop   .runexec2   --nostringval--   --nostringval--   --nostringval--   2   %stopped_push   --nostringval--
Dictionary stack:
   --dict:753/1123(ro)(G)--   --dict:0/20(G)--   --dict:85/200(L)--
Current allocation mode is local
Current file position is 4"} 
[2026-08-02 05:11:54] testing.ERROR: PDF compress job failed {"document_id":2,"error":"Unable to find PDF file header."} 
[2026-08-02 05:11:54] testing.ERROR: PDF compression failed {"error":"Unable to find PDF file header."} 
